"deathtype","gene","description","gene_id","gene_biotype","pmid","comment"
"Apoptosis","AATF","apoptosis antagonizing transcription factor","ENSG00000275700.6","protein_coding",29321668,"AATF is involved in the regulation of apoptosis by inhibiting p53-driven apoptosis and modulating cellular outcome of the DDR signaling pathway. It is a p53 regulator that affects the transcription of TP53 and binds directly to p53. Upregulation of AATF expression in various cancers can suppress apoptosis and promote tumorigenesis."
"Apoptosis","ABL1","ABL proto-oncogene 1, non-receptor tyrosine kinase","ENSG00000097007.20","protein_coding",31311809,"BCR-ABL1 is a kinase that phosphorylates PDK1 in the PI3K/AKT pathway. The phosphorylation of PDK1 is essential for maintaining AKT activity and subsequently, sustaining BCR-ABL1 cell survival signals. Inducing BCR-ABL1 degradation may result in the degradation of PDK1 and AKT, thereby weakening LSC's cell survival signals and leading to apoptosis. "
"Apoptosis","ACAA2","acetyl-CoA acyltransferase 2","ENSG00000167315.18","protein_coding",29323178,"ACAA2 participates in cellular biological processes by regulating cell apoptosis. Overexpression of ACAA2 can induce cell apoptosis, while shRNA interference can inhibit this process."
"Apoptosis","ACKR3","atypical chemokine receptor 3","ENSG00000144476.6","protein_coding",33868792,"Through single-cell RNA sequencing, it was found that there were changes in the expression levels of ACKR3 and other genes before and after PD-1 targeted therapy, including EGFR, AREG, WNT5A, PTPRK, GAS6, and ACKR3. Among them, ACKR3 and GAS6 showed differential expression levels after treatment in the tumors that responded to PD-1 treatment. These results suggest that ACKR3 may play a role in regulating apoptosis in PD-1 therapy"
"Apoptosis","ACVR1","activin A receptor type 1","ENSG00000115170.16","protein_coding",28459464,"ACVR1 is related to Apoptosis in this paper and it is a crucial member of the bone morphogenetic protein (BMP) signaling pathway that induces apoptosis of patient-derived glioma-initiating cells (GICs)"
"Apoptosis","ACVR1B","activin A receptor type 1B","ENSG00000135503.13","protein_coding",37020544,"ACVR1B participates in regulating immune cell apoptosis, thus helping to eliminate infected cells and reduce pathogen burden. An increase in ACVR1B mRNA levels has been observed through large-scale cohort studies targeting adult and pediatric sepsis."
"Apoptosis","ADORA1","adenosine A1 receptor","ENSG00000163485.17","protein_coding",33961854,"Overexpression of ADORA1 decreases cleaved Caspase-3 and PARP expression, leading to reduced NPC cell apoptosis. Conversely, ADORA1 knockdown increases TRAIL-induced apoptosis sensitivity, resulting in upregulation of apoptotic markers."
"Apoptosis","AEN","apoptosis enhancing nuclease","ENSG00000181026.15","protein_coding",18264133,"AEN was found to be a direct target gene of p53 and an important downstream mediator of p53 in inducing apoptosis in this article. AEN is a typical exonuclease containing three conserved exonuclease domains, and its expression is regulated by the phosphorylation status of p53. AEN also possesses nuclear and nucleolar localization signals and translocates from the nucleolus to nucleoplasm upon execution of apoptosis. AEN amplifies DNA damage signals by digesting double-stranded DNA to form single-stranded DNA, leading to the enhancement of apoptosis."
"Apoptosis","AGT","angiotensinogen","ENSG00000135744.9","protein_coding",14997208,"The components of the renin _ angiotensin system (RAS) may be involved in cell growth and survival.Angiotensinogen (AGT) was shown to inhibit vascular cell growth and angiogenesisHuman glioblastoma cells can synthesize Renin and Angiotensinogen (AGT), and also secrete AGT.The addition of Renin inhibitors could induce apoptosis of glioblastoma cells, inhibit their DNA synthesis, and reduce viable tumor cell numbers."
"Apoptosis","AGTR2","angiotensin II receptor type 2","ENSG00000180772.8","protein_coding",15221785,"The frequency of a TAATGC haplotype significantly increased in preeclampsia patients, which includes nucleotides g.1701, g.2041, g.2184, g.4673, g.4679 and g.4975. This haplotype may lead to overexpression of AGTR2, which inhibits the normal effects of AII and increases the possibility of apoptosis."
"Apoptosis","AIFM1","apoptosis inducing factor mitochondria associated 1","ENSG00000156709.15","protein_coding",34974310,"AIFM1 maintains the function of mitochondrial respiratory chain complex I in healthy cells, while under cell death signaling stimuli, it is cleaved by calpains and then released from mitochondria into the cytosol and transported to the nucleus to cause cell death by chromatin condensation and large-scale DNA fragmentation."
"Apoptosis","AKT1","AKT serine/threonine kinase 1","ENSG00000142208.18","protein_coding",26921108,"AKT1 is involved in Apoptosis by inducing macrophage-mediated mitochondrial autophagy and increasing TGF-¦Â1 expression.AKT1 kinase activity induces macrophage mitochondrial reactive oxygen species (ROS) and mitophagy."
"Apoptosis","ANXA6","annexin A6","ENSG00000197043.15","protein_coding",34238922,"ANXA6 affects ubiquitination and degradation of EGFR, thereby inhibiting drug sensitivity.Exosomes derived from gemcitabine-resistant cells increase cell viability and inhibit apoptosis in sensitive TNBC cells, inducing gemcitabine resistance through ANXA6 upregulation."
"Apoptosis","APAF1","apoptotic peptidase activating factor 1","ENSG00000120868.14","protein_coding",11706994,"APAF1 is a key component of the apoptosome, which activates the mitochondrial pathway of cell death. Deficiency in murine APAF1 leads to embryonic lethality with a phenotype affecting many aspects of developmental apoptosis, particularly prominent in the brain and inner ear. APAF1 is also mutated in human melanomas, and its depletion contributes to malignant transformation in a mouse model of cancer, revealing the importance of APAF1 in the onset and progression of cancer."
"Apoptosis","APPL1","adaptor protein, phosphotyrosine interacting with PH domain and leucine zipper 1","ENSG00000157500.12","protein_coding",28011992,"APPL1 deficiency can lead to cell death of the insulin-family cells.Additionally, the study found that APPL1 can reduce beta cell apoptosis induced by multiple-low-dose streptozotocin.APPL1 prevents these negative effects by dampening the NF¦ÊB_iNOS_NO axis,representing an important pathway regulating mechanism."
"Apoptosis","AR","androgen receptor","ENSG00000169083.18","protein_coding",15313417,"AR is related to apoptosis through post-translational modifications.In rodents,the AR and its C-terminal portion regulate apoptosis through the p53 pathway.Inhibition of AR leads to the cell cycle entering apoptosis.In humans,AR also regulates apoptosis in cell lines that overexpress AR."
"Apoptosis","ARHGEF2","Rho/Rac guanine nucleotide exchange factor 2","ENSG00000116584.22","protein_coding",33643817,"ARHGEF2 activates TRKs,promoting cell proliferation,differentiation or inhibiting apoptosis.Overexpression of ARHGEF2 has been associated with the occurrence of some tumors,such as melanoma,hepatocellular carcinoma,and gastric cancer.When TRKs are inhibited,ARHGEF2 cannot activate the TRK signaling pathway,leading to apoptosis."
"Apoptosis","ARL6IP5","ADP ribosylation factor like GTPase 6 interacting protein 5","ENSG00000144746.7","protein_coding",35293383,"ARL6IP5 is related to apoptosis by playing a role in activating embryonic apoptotic protease-8,9 and mediating intrinsic and extrinsic mitochondrial-dependent apoptotic pathways.In esophageal and breast carcinoma cells,ARL6IP5 inhibits apoptosis via the MAPK signaling pathway.Additionally,ARL6IP5 can mediate apoptosis by participating in intracellular calcium regulation or regulating protein synthesis on ER membranes."
"Apoptosis","ARMC10","armadillo repeat containing 10","ENSG00000170632.14","protein_coding",30631047,"Mitochondrial fission leads to apoptosis, whereas mitochondrial fusion is antiapoptotic. Accordingly, the study compared the growth of different cell lines after glucose starvation, and found that only cells expressing WT ARMC10 exhibited robust growth, while the cell death rate of ARMC10-KO cells was similar to that of AMPK¦Á1/¦Á2-DKO cells."
"Apoptosis","ARRB2","arrestin beta 2","ENSG00000141480.18","protein_coding",33989759,"ARRB2 is an adapter protein of GPR54 and has an important regulatory role in the downstream signaling pathway of GPR54.The study found that Kisspeptin-54 treatment increased the expression of GPR54 and ARRB2,promoted protein-protein interaction between GPR54 and ARRB2,which further activated the downstream PI3K/AKT/GSK3¦Â signaling pathway in cells to alleviate oxidative stress and neuronal apoptosis."
"Apoptosis","ASAH2","N-acylsphingosine amidohydrolase 2","ENSG00000188611.17","protein_coding",34360617,"Under the action of hormone disruptors, the expression of ASAH2 will decrease, leading to the accumulation of ceramide in skin cells, which can cause skin inflammation and cell apoptosis"
"Apoptosis","ATF3","activating transcription factor 3","ENSG00000162772.17","protein_coding",31642559,"Withaferin A induces intrinsic apoptosis and G2/M arrest via the ATF4-ATF3-CHOP pathway. Knockdown of ATF3 in U251 cells reduced WA-induced cell apoptosis and cell cycle arrest."
"Apoptosis","ATF4","activating transcription factor 4","ENSG00000128272.18","protein_coding",31642559,"Withaferin A (WA) inhibits the growth of glioblastoma multiforme (GBM) by inducing intrinsic apoptosis and arresting the cell cycle at the G2/M stage through the ATF4-ATF3-CHOP axis-induced endoplasmic reticulum stress.WA exhibits significant growth inhibitory effects against GBM cells by inducing ATF4-ATF3-CHOP axis-triggered apoptosis and cell cycle arrest."
"Apoptosis","ATM","ATM serine/threonine kinase","ENSG00000149311.20","protein_coding",10454555,"ATM,as a downstream target during apoptosis,can regulate the process by being degraded by proteases.When cells are induced to undergo programmed cell death,ATM is specifically cleaved,generating a kinase-inactive protein that affects DNA repair and damage signalling.The specific cleavage can depend on caspases."
"Apoptosis","ATP2A1","ATPase sarcoplasmic/endoplasmic reticulum Ca2+ transporting 1","ENSG00000196296.14","protein_coding",28747251,"ATP2A1 (SERCA2) is identified as one of the chief regulators of intracellular calcium concentration,and its misregulation has been linked to apoptosis.ATP2A1 plays an important role in controlling apoptosis and cell survival by regulating calcium concentration through the modulation of endoplasmic reticulum calcium pumps."
"Apoptosis","ATP2A3","ATPase sarcoplasmic/endoplasmic reticulum Ca2+ transporting 3","ENSG00000074370.18","protein_coding",28150875,"In MCF-7 and MDA-MB-231 breast cancer cell lines,resveratrol induces the expression of ATP2A3 gene,leading to an increase in the expression of SERCA3 gene,which changes the cytosolic calcium ion levels and the capacity for calcium release by the endoplasmic reticulum.These changes promote the occurrence of apoptosis in breast cancer cells."
"Apoptosis","ATP5IF1","ATP synthase inhibitory factor subunit 1","ENSG00000130770.18","protein_coding",36690622,"In HeLa cancer cells, the binding of ATP5IF1 to the OSCP subunit of the mitochondrial ATP synthase can protect tumor cells from PTP-related apoptosis. This interaction is observed under normal conditions and may affect cell survival by regulating the interaction between PTP and ATP synthase subunits."
"Apoptosis","AVP","arginine vasopressin","ENSG00000101200.5","protein_coding",30677238,"Endoplasmic reticulum stress induces apoptosis of AVP neurons through the PI3K/Akt and ERK signaling pathways,leading to the exacerbation of central diabetes insipidus."
"Apoptosis","BAD","BCL2 associated agonist of cell death","ENSG00000002330.14","protein_coding",18181022,"BAD is related to apoptosis by undergoing dephosphorylation and translocating to the outer membrane of mitochondria after receiving apoptotic stimuli. This then disrupts the Bcl-xL/Bax complex, causing the release of Bax and the formation of transmembrane pores, leading to the loss of mitochondrial membrane potential and the release of apoptosis-related factors such as cytochrome C and AIF from the mitochondria, ultimately inducing cell apoptosis."
"Apoptosis","BAG3","BAG cochaperone 3","ENSG00000151929.10","protein_coding",34396980,"BAG3 is related to apoptosis by inhibiting it in the heart and some cancers by binding to Bcl2,and protein-protein interactions may play a role in the process.In cancer cells,inhibition of BAG3 reduces the level of anti-apoptotic protein Bcl-xL,promoting apoptosis."
"Apoptosis","BAG5","BAG cochaperone 5","ENSG00000166170.12","protein_coding",23448667,"BAG5 is related to apoptosis by exerting an anti-apoptotic function through suppressing PERK-eIF2-ATF4 activity while enhancing the IRE1-Xbp1 axis to reduce sensitivity to apoptosis,thus inhibiting ER-stress induced apoptosis."
"Apoptosis","BAG6","BAG cochaperone 6","ENSG00000204463.14","protein_coding",23723067,"BAG6 also plays a crucial role in DNA damage-induced and endoplasmic reticulum stress-induced apoptosis.BAG6 plays a critical role in DNA damage-induced cell death in conjunction with ATM/ATR by being phosphorylated."
"Apoptosis","BAK1","BCL2 antagonist/killer 1","ENSG00000030110.14","protein_coding",17235284,"BAK1 and BAX are key proapoptotic proteins in apoptosis induced by Neisseria gonorrhoeae (Ngo) infection and DNA damage.BAK1 is required for cytochrome c release from mitochondria,while BAX is required for activating effector caspases during Ngo infection.Moreover,BAK1 and BAX are activated sequentially,with BAK1 activation preceding BAX activation for Ngo-induced apoptosis.This reveals the differences between different stimuli-induced apoptotic pathways as well as the irreplaceable role of BAK1 and BAX in apoptosis."
"Apoptosis","BAX","BCL2 associated X, apoptosis regulator","ENSG00000087088.21","protein_coding",17235284,"BAK1 and BAX are key proapoptotic proteins in apoptosis induced by Neisseria gonorrhoeae (Ngo) infection and DNA damage.BAK1 is required for cytochrome c release from mitochondria,while BAX is required for activating effector caspases during Ngo infection.Moreover,BAK1 and BAX are activated sequentially,with BAK1 activation preceding BAX activation for Ngo-induced apoptosis.This reveals the differences between different stimuli-induced apoptotic pathways as well as the irreplaceable role of BAK1 and BAX in apoptosis."
"Apoptosis","BBC3","BCL2 binding component 3","ENSG00000105327.18","protein_coding",27464000,"BBC3 is one of the most common apoptosis inducers among the BCL2-homology 3 (BH3)-only subgroup of BCL2 family members.BBC3 directly activates the mitochondria by binding to all 5 known anti-apoptotic BCL2 family members,resulting in mitochondrial dysfunction and cell apoptosis.In methamphetamine abuse,the expression of BBC3 is closely related to cell apoptosis."
"Apoptosis","BCAP31","B cell receptor associated protein 31","ENSG00000185825.17","protein_coding",28068922,"BCAP31 is one of the potential biomarkers for spermatogenesis and apoptosis.The expression of BCAP31 is different under two different feeding treatments.BCAP31 is an important anti-apoptotic antibody."
"Apoptosis","BCL10","BCL10 immune signaling adaptor","ENSG00000142867.14","protein_coding",11466612,"BCL10 regulates apoptosis signaling by interacting with TNF receptor associated factor-2 (TRAF2) and inhibitors of apoptosis proteins (cIAPs).The binding of BCL10 to TRAF2 and cIAPs is regulated by phosphorylation of BCL10,and phosphorylation of BCL10 results in binding of BCL10 to cIAPs and the dissociation of it from TRAF2,promoting apoptosis."
"Apoptosis","BCL2","BCL2 apoptosis regulator","ENSG00000171791.14","protein_coding",35409052,"The BCL2 family is a highly conserved family that controls intrinsic apoptosis by regulating mitochondrial outer membrane integrity.In higher organisms,the BCL2 family regulates intrinsic apoptosis by controlling the integrity of the mitochondrial outer membrane,a function that is estimated to have originated in basal metazoans."
"Apoptosis","BCL2A1","BCL2 related protein A1","ENSG00000140379.9","protein_coding",30042493,"BCL2A1 is a member of the BCL-2 family of proteins that contributes to chemoresistance in certain types of tumors.It is believed to be a major factor of chemoresistance in B-cell chronic lymphocytic leukemia and melanoma.Many malignant tumors exhibit anti-apoptotic and drug-resistance effects by regulating BCL2A1 expression."
"Apoptosis","BCL2L1","BCL2 like 1","ENSG00000171552.14","protein_coding",35216310,"BCL2L1 regulates the permeability of the mitochondrial membrane and the release of cytochrome C,which then participates in apoptosis.In cancer,BCL2L1 is overexpressed and has been associated with invasive capacity,metastasis,stemness,and chemotherapy resistance."
"Apoptosis","BCL2L10","BCL2 like 10","ENSG00000137875.4","protein_coding",21171085,"The authors observed significant correlations between the lower expression of BCL2L10 and the hypermethylation of the BCL2L10 gene promoter in gastric carcinoma tissues. Through overexpression and silencing of the BCL2L10 gene, the authors found that BCL2L10 can induce apoptosis in gastric cancer cells via the mitochondrial pathway and may accelerate cell proliferation through the PI3K-Akt signaling pathway."
"Apoptosis","BCL2L11","BCL2 like 11","ENSG00000153094.24","protein_coding",26758252,"BCL2L11 is a protein of the BCL-2 family which can regulate the intrinsic apoptotic pathway within mitochondria and mediate cell apoptosis.Knocking out the BCL2L11 gene using siRNA can significantly reduce cell apoptosis and promote cell growth."
"Apoptosis","BCL2L12","BCL2 like 12","ENSG00000126453.11","protein_coding",16647810,"BCL2L12 is classified as a member of the BCL2 family and is a gene that mediates the process of apoptosis.The expression changes of BCL2L12 in response to chemotherapeutic drug.The expression level of BCL2L12 is associated with BCL2, Bcl-2 family,and ER-positive patients."
"Apoptosis","BCL2L14","BCL2 like 14","ENSG00000121380.12","protein_coding",15958553,"BCL2L14 is closely related to apoptosis as a pro-apoptotic gene regulated by p53.P53 interacts with BCL2L14, regulates the MAP4K4 gene and JNK pathway, which are involved in regulating cell signaling pathways."
"Apoptosis","BCL2L2","BCL2 like 2","ENSG00000129473.11","protein_coding",30733267,"BCL2L2 can play a role in controlling MK cell apoptosis.BCL2L2 can reduce MK apoptosis,increase the number of CD41a+ LLG MK cells,and increase the formation of proplatelets by 58%.This suggests that BCL2L2 can promote proplatelet formation and MK numbers,potentially becoming a novel target for improving MK and platelet yields in in vitro culture systems."
"Apoptosis","BCL3","BCL3 transcription coactivator","ENSG00000069399.15","protein_coding",34853447,"BCL3 promotes TNF-induced apoptosis in hepatocytes by regulating the deubiquitination of RIP1 and synergistically facilitating the formation of death-inducing Complex II.BCL3-depleted cells showed decreased sensitivity to TNF-induced apoptosis when stimulated with TNF/CHX.BCL3 deficiency protected both mice and in vitro hepatic cells from TNF-induced apoptosis."
"Apoptosis","BCLAF1","BCL2 associated transcription factor 1","ENSG00000029363.17","protein_coding",34693625,"BCLAF1 enhances NF-jB downstream of TNF activation by binding to its p50 subunit,thereby promoting the transcription of c-FLIP to inhibit the activation of caspase 8 and protecting cells from TNF-induced apoptosis."
"Apoptosis","BDKRB2","bradykinin receptor B2","ENSG00000168398.7","protein_coding",16571598,"BdkrB2 disruption and gestational salt stress induce fulminant metanephric apoptosis via a p53-Bax-dependent pathway.Inactivation of BdkrB2 makes mice more susceptible to renal dysplasia through p53 activation.Inactivation of BdkrB2 predisposes the salt-stressed embryo to p53-mediated metanephric apoptosis.germline deletion of p53 prevented Bax activation and normalized the apoptosis index."
"Apoptosis","BDNF","brain derived neurotrophic factor","ENSG00000176697.20","protein_coding",28273832,"BDNF can exert neuroprotective effects by inhibiting apoptosis.BDNF can protect cortical neurons from apoptosis and reduce protein damage caused by oxidative stress."
"Apoptosis","BECN1","beclin 1","ENSG00000126581.13","protein_coding",33931087,"BECN1 nucleation can promote autophagy and thus reduce apoptosis,while the binding protein of BECN1, Bcl-XL,can inhibit autophagy and ZBTB28-induced degradation of Bcl-XL can promote autophagy and apoptosis."
"Apoptosis","BID","BH3 interacting domain death agonist","ENSG00000015475.19","protein_coding",19380821,"BID is involved in apoptosis and controls the number of eosinophils.It affects the concentration of eosinophils in allergic airway reactions.Deficiency of BID increases apoptotic death of eosinophils, resulting in the resolution of pulmonary Th2-driven allergic reactions."
"Apoptosis","BIK","BCL2 interacting killer","ENSG00000100290.3","protein_coding",32528057,"BIK induces a type of failed apoptosis leading to the survival of some cancer cells,which acquire aggressive phenotypes characterized by cancer stem-like cells,increased motility,and clonogenic survival."
"Apoptosis","BIRC6","baculoviral IAP repeat containing 6","ENSG00000115760.16","protein_coding",36758105,"BIRC6 is a protein that inhibits apoptosis by binding to apoptotic proteases and preventing them from being activated.BIRC6 also has E3 ubiquitin ligase activity and promotes the ubiquitination of target proteins to further protect cells from the effects of apoptosis."
"Apoptosis","BLOC1S2","biogenesis of lysosomal organelles complex 1 subunit 2","ENSG00000196072.12","protein_coding",18188704,"BLOC1S2 can interact with the HIPPI protein and sensitize glioblastoma cells to apoptosis.The protein is widely expressed in normal tissue and malignant tumors,with lower expression levels in certain subtypes of tumors,and co-localizes with mitochondria.BLOC1S2 plays a role in death receptor-induced and mitochondrial apoptosis,facilitating caspase activation,cytochrome c release,and disruption of the mitochondrial membrane potential."
"Apoptosis","BMF","Bcl2 modifying factor","ENSG00000104081.14","protein_coding",16697956,"BMF is a member of the BCL-2 protein family and is involved in regulating cell apoptosis.BMF is a BH3-only protein that can bind and antagonize anti-apoptotic proteins.BMF can induce mitochondrial outer membrane permeabilization and activate BAX and BAK proteins,triggering programmed cell death."
"Apoptosis","BMP4","bone morphogenetic protein 4","ENSG00000125378.16","protein_coding",33060561,"In a model of fetal malformation in diabetes,BMP4 transgenic expression can prevent maternal diabetes-induced neuroepithelial cell apoptosis and alleviate neural tube defects.Diabetes can reduce BMP4 expression,leading to apoptosis and embryonic vasculopathy.BMP4 Tg Expression can inhibit diabetes-induced neuroepithelial cell apoptosis."
"Apoptosis","BMP5","bone morphogenetic protein 5","ENSG00000112175.8","protein_coding",33744859,"BMP5 promotes chondrocyte apoptosis, and its expression is significantly increased in knee articular cartilage tissues of osteoarthritis patients and DMM model mice. BMP5 inhibits cell apoptosis and senescence by activating p38 and ERK MAP kinases, thereby promoting the progression of osteoarthritis."
"Apoptosis","BMPR1B","bone morphogenetic protein receptor type 1B","ENSG00000138696.11","protein_coding",29113831,"In young IVF patients, BMPR1B and FSH receptor density are both inversely proportional to the level of granulosa cell apoptosis during the course of follicular development.The reduction in apoptosis in older patients is associated with a compromised level of BMPR1B at the time of dominant follicle selection (10mm),while low levels of apoptosis in the largest follicles (23mm and above) are associated with the lack of down-regulation of BMPR1B,FSH receptor,and LH receptor combined."
"Apoptosis","BNIP3","BCL2 interacting protein 3","ENSG00000176171.12","protein_coding",33345685,"BNIP3 promotes cell death in tumor and cardiac disease through the induction of apoptosis,which aggravates the progression of tumor and cardiac ischemia-reperfusion injury.The number of apoptotic cells in the renal cortex of bnip3_/_ CI-AKI mice and iohexol-treated BNIP3 knockdown HK-2 cells was significantly higher than that in the WT groups.Treatment with MCC950 or roxadustat mitigated iohexol-induced apoptosis and renal injury through the activation of BNIP3-mediated mitophagy."
"Apoptosis","BNIP3L","BCL2 interacting protein 3 like","ENSG00000104765.16","protein_coding",28796263,"As a member of the BCL2 family,BNIP3L interacts with the E1B 19 kDa protein to regulate cell death as an apoptosis protector.As a functional homolog of BNIP3,BNIP3L may have a role in tumor suppression."
"Apoptosis","BOK","BCL2 family apoptosis regulator BOK","ENSG00000176720.6","protein_coding",33093207,"BOK is shown to play a role in apoptosis and is located in various intracellular membranes such as the mitochondrial outer membrane,endoplasmic reticulum,and Golgi membrane.The study found that BOK's transmembrane domain (TMD) forms stable oligomers and hetero-oligomerizes with MCL-1's TMD. MCL-1 can then tether BOK to the mitochondrial membrane through TMD interactions,thereby regulating the cell death pathway induced by BOK."
"Apoptosis","BRCA1","BRCA1 DNA repair associated","ENSG00000012048.24","protein_coding",22190288,"BRCA1 regulates sensitivity to microtubule poisons when generating stress response.Studies have shown that cells with low BRCA1 expression are more resistant to vinorelbine-induced apoptosis."
"Apoptosis","BRCA2","BRCA2 DNA repair associated","ENSG00000139618.18","protein_coding",20421506,"The C-terminal oligonucleotide/oligosaccharide-binding-fold domains of BRCA2 interact with p53 and that overexpression of BRCA2 may suppress p53-mediated apoptosis."
"Apoptosis","BRSK2","BR serine/threonine kinase 2","ENSG00000174672.16","protein_coding",37183696,"BRSK2 is involved in insulin resistance and intrinsic apoptotic pathways,and insulin can activate BRSK2's AMPK family members and molecular signaling pathways involved in cell apoptosis that interact with YWHAG.Under the condition of autoimmune thyroiditis (AIT),the dysfunction of the endoplasmic reticulum leads to endoplasmic reticulum stress and intrinsic apoptosis.When the expression of BRSK2 is downregulated,the expression of CHOP and caspase-3 is upregulated,thereby eventually enhancing endoplasmic reticulum stress-mediated intrinsic apoptosis."
"Apoptosis","BTK","Bruton tyrosine kinase","ENSG00000010671.18","protein_coding",34799428,"BTK plays an important role in the development and survival of B cells.Through the Akt pathway,Btk upregulates the anti-apoptotic protein Bcl-xl,supports the anti-apoptotic of mature autoreactive B cells, and promotes their proliferation.However,when Btk is deleted, mature autoreactive B cells are unable to maintain their survival and are easily induced apoptosis due to the abnormal signal transduction of BCR without the support of Bcl-xl."
"Apoptosis","CAAP1","caspase activity and apoptosis inhibitor 1","ENSG00000120159.13","protein_coding",32315812,"CAAP1 is a negative regulator of the intrinsic apoptosis pathway and can modulate caspase expression and activity,thus inhibiting apoptosis levels in gastric cancer cells."
"Apoptosis","CASP1","caspase 1","ENSG00000137752.25","protein_coding",31723262,"Caspase-1 was found in the intestines of MLKL-deficient mice during the embryonic period of Casp8C362A/C362AMlkl_/_ mice.Meanwhile,the Caspase-1-dependent cleavage of GSDMD, Caspase-3,and Caspase-7 were detected in the tissues.The study showed that Caspase-1 and its adaptor ASC contribute to perinatal lethality."
"Apoptosis","CASP10","caspase 10","ENSG00000003400.16","protein_coding",31309545,"CASP10 is a key enzyme in the apoptosis signaling pathway and acts as an activator of CASP8 in the process of apoptosis.Mutations in CASP10 have been shown to cause apoptosis impairment,resulting in immune disorders."
"Apoptosis","CASP12","caspase 12 (gene/pseudogene)","ENSG00000204403.11","transcribed_pseudogene",26801321,"CASP12 is a signaling molecule associated with endoplasmic reticulum stress (ERS) pathway and can mediate ERS-induced apoptosis by activating CASP3.CASP12 inhibitor (Z-ATAD-fmk) pretreatment can partially suppress the apoptosis of stretched cells."
"Apoptosis","CASP12","caspase 12 (gene/pseudogene)","ENSG00000204403.11","protein_coding",26801321,"CASP12 is a signaling molecule associated with endoplasmic reticulum stress (ERS) pathway and can mediate ERS-induced apoptosis by activating CASP3.CASP12 inhibitor (Z-ATAD-fmk) pretreatment can partially suppress the apoptosis of stretched cells."
"Apoptosis","CASP2","caspase 2","ENSG00000106144.20","protein_coding",20158568,"CASP2 is a cysteine protease that belongs to both the initiator caspase and executioner caspase groups, but its substrate specificity is more similar to executioner caspases.CASP2 may indirectly activate executioner caspases by inducing mitochondrial outer membrane permeabilization (MOMP),thus mediating programmed cell death."
"Apoptosis","CASP3","caspase 3","ENSG00000164305.20","protein_coding",35551578,"CASP3 plays an important role in the execution of programmed cell death in response to specific intrinsic or extrinsic inducers, and is therefore closely related to apoptosis."
"Apoptosis","CASP5","caspase 5","ENSG00000137757.11","protein_coding",23545416,"CASP5 is an executioner caspase that is involved in apoptosis.It was found to be associated with cholesterol-induced inflammatory demise of aortic valve fibroblasts and prostate cell apoptosis,both of which are caused by overexpression of Caspase 5.Caspase 5 has been found to play a role in regulating cell survival and death through calcium regulation of the cell membrane."
"Apoptosis","CASP8","caspase 8","ENSG00000064012.24","protein_coding",31723262,"CASP8 is a protease with both pro-death and pro-survival functions.It mediates apoptosis induced by death receptors such as TNFR11,and suppresses necroptosis mediated by the kinase RIPK3 and the pseudokinase MLKL.Mice that lack caspase-8 display MLKL-dependent embryonic lethality. Casp8C362A/C362AMlkl_/_ mice die during the perinatal period."
"Apoptosis","CASP8AP2","caspase 8 associated protein 2","ENSG00000118412.13","protein_coding",16627760,"High expression of CASP8AP2 increases the propensity of leukemic lymphoblasts to undergo apoptosis,while low expression of CASP8AP2 is associated with lower event-free survival and higher leukemia relapse rate."
"Apoptosis","CASP9","caspase 9","ENSG00000132906.18","protein_coding",10687948,"CASP9 plays a crucial role in apoptosis during normal development of the central nervous system and early embryonic development. Apoptotic stimuli trigger the release of cytochrome c from mitochondria, which then binds to Apaf-1 leading to the activation of CASP9 and the cleavage of downstream caspases."
"Apoptosis","CAV1","caveolin 1","ENSG00000105974.13","protein_coding",32273493,"The deficiency of CAV1 leads to an increase in apoptosis rates of endothelial cells (ECs) and affects the activation of apoptosis-related signaling pathways, thereby affecting the radio-sensitivity of adjacent prostate cancer cells."
"Apoptosis","CCAR2","cell cycle and apoptosis regulator 2","ENSG00000158941.17","protein_coding",35672287,"CCAR2 is a multifaceted protein regulating cell survival and death following cytotoxic stress.In terms of apoptosis regulation,CCAR2 contributes to cell survival by inhibiting p53 transcription factor through negative regulation of SIRT1,as well as to cell death by promoting the release of cytochrome c by modulating outer mitochondrial membrane permeabilization via binding Bim protein."
"Apoptosis","CCK","cholecystokinin","ENSG00000187094.12","protein_coding",34740874,"CCK can reduce cytokine-mediated apoptosis in beta-cell lines and in isolated mouse and human islets, providing a protective effect for beta-cells."
"Apoptosis","CD14","CD14 molecule","ENSG00000170458.15","protein_coding",14634291,"CD14 acts as a important receptor for macrophages to recognize and engulf apoptotic cells.CD14-dependent uptake of apoptotic cells is a non-inflammatory process,which is distinct from LPS clearance. In addition to apoptotic cell clearance,CD14 may also regulate cell apoptosis in monocytes and endothelial cells.CD14 plays a crucial role in non-inflammatory processes during apoptosis to ensure safe clearance of apoptotic cells."
"Apoptosis","CD24","CD24 molecule","ENSG00000272398.6","protein_coding",11313396,"CD24 mediates intracellular signaling in BL cells via the glycolipid-enriched membrane (GEM) domains or rafts,leading to the activation of Src family protein tyrosine kinases (PTKs) that induce apoptosis."
"Apoptosis","CD27","CD27 molecule","ENSG00000139193.4","protein_coding",12324477,"After recognition of particular antigens by the B cell receptor, cells initiate the mitochondrial-mediated apoptotic pathway, CD27 and CD40 signals can inhibit p53-independent apoptotic pathways induced by BCR ligation but only weakly regulate p53-mediated apoptotic pathways."
"Apoptosis","CD28","CD28 molecule","ENSG00000178562.18","protein_coding",36016950,"Some CAR-T cell therapy strategies that include CD28 have important implications for the safety of cells, such as in activating cell apoptosis in AP1903 and CD28-Cas9 treated cells."
"Apoptosis","CD38","CD38 molecule","ENSG00000004468.13","protein_coding",35486480,"CD38 is associated with apoptosis in B cells and can regulate apoptosis by inhibiting or inducing CD38 expression.CD38 on B cells can induce proliferation and apoptosis by crosslinking related cytokines, thus playing a role in apoptosis.In chronic B-cell lymphoblastic leukemia (B-CLL),CD38 is related to cell apoptosis,ZAP-70 protein tyrosine phosphorylation,and extracellular signal-regulated kinase (ERK) phosphorylation.CD38+ B cells are highly sensitive to apoptosis inducers."
"Apoptosis","CD3E","CD3 epsilon subunit of T-cell receptor complex","ENSG00000198851.10","protein_coding",9616229,"Different forms of cell apoptosis can lead to a decrease in CD3E expression.For example, Fas-L induces the loss of CD3-z and CD3-e expression through the Fas-FasL pathway, while other cell apoptosis signals such as the anticancer drug VP-16 can also cause a decrease in CD3E and CD3-z expression in T cells."
"Apoptosis","CD44","CD44 molecule (Indian blood group)","ENSG00000026508.21","protein_coding",32098629,"The MUC5AC-CD44 signaling pathway plays an important role in colorectal cancer cell apoptosis.MUC5AC interacts with CD44 via Src-mediated signaling to promote colorectal cancer cell migration,invasion,and survival.Inhibition of MUC5AC can down-regulate the expression of p53 and p21,and increase the expression levels of cleaved PARP, cleaved caspase-9,and tumor suppressor gene p53, thus promoting apoptosis of colorectal cancer cells."
"Apoptosis","CD5","CD5 molecule","ENSG00000110448.11","protein_coding",15618965,"CD5 signaling occurs through the B-cell antigen receptor (BCR) and translocation of the dimer to lipid rafts (LRs) on the cell membrane, leading to apoptosis."
"Apoptosis","CD70","CD70 molecule","ENSG00000125726.11","protein_coding",22781761,"The CD70-CD27 signal can transmit the help message by regulating the cytotoxic T lymphocytes's secondary expansion and avoiding TRAIL-mediated apoptosis."
"Apoptosis","CD74","CD74 molecule","ENSG00000019582.17","protein_coding",25304249,"CD74 affects the immediate early steps in Fas signaling and specific targeting of CD74 on the surface of cancer cells could sensitize them to Fas-mediated apoptosis,thereby increasing the effectiveness of chemotherapy regimens."
"Apoptosis","CDIP1","cell death inducing p53 target 1","ENSG00000089486.17","protein_coding",33391474,"CDIP1 is involved in the apoptotic pathway,regulating the mitochondrial apoptotic pathway and inducing ER membrane-generated cell death by forming the Cdip1/BAP31 complex with Bcl-2.CDIP1 expression is closely related to TNF-¦Á signaling,and targeted siRNA silencing of CDIP1 can down-regulate activated Caspase-3,which can reduce endothelial cell apoptosis in ischemic and hypoxic conditions and promote cardiac angiogenesis and regeneration."
"Apoptosis","CDKN1A","cyclin dependent kinase inhibitor 1A","ENSG00000124762.14","protein_coding",34214254,"CDKN1A is involved in Apoptosis through its regulatory interaction with EHMT1.EHMT1 knockdown leads to upregulation of CDKN1A expression,inducing apoptosis and cell cycle arrest in lung cancer cells."
"Apoptosis","CDKN2D","cyclin dependent kinase inhibitor 2D","ENSG00000129355.7","protein_coding",32899983,"CDKN2D is involved in apoptosis through the molecular mechanism of mediated upregulation of CASP3 and BAX.Specifically,AFB1 induces upregulation of CDKN2D,leading to S-phase arrest.At the same time, AFB1 also induces upregulation of transcription levels of CASP3 and BAX,leading to mitochondrial pathway-mediated apoptosis."
"Apoptosis","CEBPB","CCAAT enhancer binding protein beta","ENSG00000172216.6","protein_coding",30323292,"CEBPB participates in the survival and anti-apoptotic process of skin cancer cells.Deleting the CEBPB gene leads to elevated levels of apoptosis and p53 protein activity,suggesting potential therapeutic applications for CEBPB in cancer treatment."
"Apoptosis","CFLAR","CASP8 and FADD like apoptosis regulator","ENSG00000003402.21","protein_coding",23392074,"CFLAR is involved in apoptosis through the molecular mechanism of inhibiting CASP8 activation,leading to inhibition of apoptosis."
"Apoptosis","CHAC1","ChaC glutathione specific gamma-glutamylcyclotransferase 1","ENSG00000128965.13","protein_coding",19109178,"CHAC1 is a component of the unfolded protein response pathway and participates in regulating apoptosis.It is downstream of the ATF4-ATF3-CHOP signaling pathway and promotes apoptosis signaling through AIF and PARP.Overexpression of CHAC1 enhances apoptosis,while small interfering RNA targeting CHAC1 suppresses apoptosis."
"Apoptosis","CHCHD10","coiled-coil-helix-coiled-coil-helix domain containing 10","ENSG00000250479.9","protein_coding",26666268,"Mutations in CHCHD10 can prevent apoptosis by preventing the change of mitochondrial structure.The expression of CHCHD10 with mutations can resist cell apoptosis induced by Paclitaxel or Paclitaxel analogue by reducing the release of cytochrome c in cells,indicating that the expression of mutant CHCHD10 has an inhibitory effect on cell apoptosis."
"Apoptosis","CHEK2","checkpoint kinase 2","ENSG00000183765.23","protein_coding",29988075,"CHEK2 participates in oocyte apoptosis induced by ionizing radiation.It induces apoptosis of oocytes through the TAp63¦Á-hyper-phosphorylation pathway."
"Apoptosis","CIB1","calcium and integrin binding 1","ENSG00000185043.13","protein_coding",19805025,"CIB1 participates in apoptosis by negatively regulating stress-activated MAPK signaling pathways through inhibiting activation of ASK1 and mitigating cell death induced by TNF-¦Á and 6-OHDA.CIB1 interacts with ASK1,interferes with the binding of TRAF2 to ASK1,and inhibits the autophosphorylation of ASK1,thereby blocking the activation of ASK1."
"Apoptosis","CIDEB","cell death inducing DFFA like effector b","ENSG00000136305.12","protein_coding",21948526,"CIDEB is involved in the process of apoptosis,promoting the conversion of fatty acids to lipid esters and causing ¦Â-cell lipoapoptosis upon palmitate exposure."
"Apoptosis","CLU","clusterin","ENSG00000120885.22","protein_coding",19879422,"CLU participates in the molecular mechanism of apoptosis through two forms,sCLU and nCLU,with different functions.sCLU is a cytoprotective factor,while nCLU is apoptosis-related protein.In colorectal cancer,the expression of sCLU is increased while nCLU is downregulated.These changes result in the escape of cell apoptosis and promote tumor progression.CLU affects the progression of colorectal cancer by regulating Ku70/80 DNA double-strand breaks repair and Bax-dependent apoptosis induction."
"Apoptosis","COL2A1","collagen type II alpha 1 chain","ENSG00000139219.19","protein_coding",36194985,"The decrease of COL2A1 was related to chondrocyte apoptosis.COL2A1 was described as one of the components of articular cartilage and protected the ECM from degradation by counteracting IL-1¦Â-induced chondrocyte injury through circ_0022383 overexpression."
"Apoptosis","CRADD","CASP2 and RIPK1 domain containing adaptor with death domain","ENSG00000169372.13","protein_coding",27773430,"CRADD participates in regulating apoptosis by serving as a connector between PIDD and caspase-2 in the process of forming the PIDDosome that promotes cell apoptosis.The binding of PIDD-DD to CRADD-DD activates the binding and activation of the CRADD CARD and caspase-2.The CRADD/caspase-2 signaling pathway is implicated in neurotrophic factor withdrawal and amyloid-beta-induced dendritic spine collapse and neuronal apoptosis,revealing its role in cortical sculpting and plasticity."
"Apoptosis","CREB3","cAMP responsive element binding protein 3","ENSG00000107175.12","protein_coding",33310232,"High concentration of hCG treatment can trigger ER stress and apoptosis of MLTC-1 cells.Silencing kCREB3 inhibits the ER stress pathway,resulting in the upregulation of p-IRE1 and p-EIF2S1 and the downregulation of GRP78 and CHOP,promoting cell survival and testosterone secretion of MLTC-1 cells. Meanwhile,CREB3 silencing can also inhibit the expression of Caspase-3 and BAX and enhance the expression of BCL-2."
"Apoptosis","CREB3L1","cAMP responsive element binding protein 3 like 1","ENSG00000157613.11","protein_coding",27362941,"CREB3L1 is an important DNA hypermethylated gene in human bronchial epithelial BEAS-2B cells,associated with downregulation of its mRNA levels,and induces mitochondrial-mediated apoptosis by downregulating the PI3K/Akt/CREB/Bcl-2 signaling pathway."
"Apoptosis","CRH","corticotropin releasing hormone","ENSG00000147571.5","protein_coding",17667919,"CRH is involved in apoptosis by promoting the ability of ovarian cancer cells to induce apoptosis of activated peripheral blood lymphocytes through increasing FasL expression."
"Apoptosis","CRIP1","cysteine rich protein 1","ENSG00000213145.10","protein_coding",30850009,"CRIP1 is involved in Apoptosis by suppressing cell apoptosis through down-regulating the expression of proteins related to Fas-mediated apoptosis.CRIP1 can interact with Fas protein to stimulate its ubiquitination and degradation."
"Apoptosis","CSF2","colony stimulating factor 2","ENSG00000164400.6","protein_coding",33263277,"Myeloid cells in the injured nerve strongly express receptors for GM-CSF.GM-CSF is a cytokine that regulates the inflammatory milieu and is important for conditioning-lesion-elicited dorsal column axon regeneration.GM-CSF increases surface expression of galectin-3, and in non-neural tissues galectin-3 functions as a bridging molecule for efferocytosis of apoptotic immune cells."
"Apoptosis","CSNK2A1","casein kinase 2 alpha 1","ENSG00000101266.19","protein_coding",32619668,"CSNK2A1 is associated with apoptosis by participating in the regulation process of miR-1184 on colon cancer cell apoptosis.Researchers found that miR-1184 regulates the proliferation and apoptosis of colon cancer cells by targeting the CSNK2A1 gene.It was also demonstrated that overexpression of CSNK2A1 can reverse the effect of miR-1184 overexpression on colon cancer cell proliferation and apoptosis."
"Apoptosis","CSNK2A2","casein kinase 2 alpha 2","ENSG00000070770.10","protein_coding",10471512,"CSNK2A2 participates in spermatogenesis and sperm development by regulating germ cell programmed cell death.It has been found that male mice lacking the Csnk2a2 gene have increased numbers of apoptotic cells including spermatocytes and round spermatids in the testes."
"Apoptosis","CTH","cystathionine gamma-lyase","ENSG00000116761.12","protein_coding",35090378,"Oxidized-low density lipoprotein can induce VSMC apoptosis, while H2S donor NaHS and CTH overexpression can reverse this phenomenon,while CTH knockout exacerbates this apoptosis.Western blot detection showed that the high expression of GRP78 under the action of ox-LDL indicates that CTH knockout caused endoplasmic reticulum stress, which also contributes to the occurrence of VSMC apoptosis."
"Apoptosis","CTNNA1","catenin alpha 1","ENSG00000044115.21","protein_coding",20526348,"CTNNA1 is associated with Apoptosis by interacting with the Trp53-mediated cell death pathway to reduce transitional gene expression and promote cell apoptosis.The researchers achieved specific modification of CTNNA1 in the surface epithelium of mouse embryos using RNAi technology.They found that in the absence of CTNNA1,cells undergo highly proliferation via the Ras-MAPK pathway due to the imbalance with the apoptosis pathway."
"Apoptosis","CTSC","cathepsin C","ENSG00000109861.17","protein_coding",17283185,"CTSC activates Granzyme B and induces perforin-dependent cell apoptosis reaction."
"Apoptosis","CTTN","cortactin","ENSG00000085733.16","protein_coding",17404596,"CTTN promotes resistance of ESCC cells to anoikis,thereby protecting cells from apoptosis and increasing the metastatic ability of ESCC cells.The protective role of CTTN in anoikis is correlated with the activation of the PI3K-Akt signaling pathway."
"Apoptosis","CUL1","cullin 1","ENSG00000055130.18","protein_coding",21521785,"CUL1 participates in apoptosis as a subunit of the SKP1/CUL1/F-box(SCF) ubiquitin ligase complex.Viral protein Vpu competes with the binding of p53 protein and the ¦Á-TrcP subunit of the SCF complex,stabilizing p53 protein.Meanwhile, the interaction between stabilized p53 protein and Bax protein activates Bax protein to promote apoptosis."
"Apoptosis","CUL2","cullin 2","ENSG00000108094.17","protein_coding",31645432,"CUL2 participates in apoptosis by regulating the stability of MAF1.CUL2 knockdown could increase the susceptibility of cells to undergo doxorubicin-induced apoptosis and the expression of cleaved caspase-3.In contrast,MAF1 knockdown led to a significant decrease in the fraction of apoptotic cells,protecting cells from doxorubicin-induced cell death, and attenuated cisplatin-induced cleavage of caspase-3."
"Apoptosis","CUL3","cullin 3","ENSG00000036257.14","protein_coding",22743616,"CUL3 participates in apoptosis by catalyzing the ubiquitination and degradation of anti-apoptosis proteins, Bcl-2/Bcl-xL,through the Keap1-Cul3-Rbx1 complex,and increasing the expression of Bax, thereby inducing cellular apoptosis."
"Apoptosis","CUL4A","cullin 4A","ENSG00000139842.15","protein_coding",25413624,"CUL4A plays an important role in anti-apoptosis and contributes to relative resistance of NSCLC cells to chemotherapy.Overexpression of CUL4A reduced the proportion of apoptotic cells, while suppressing CUL4A expression significantly increased the population of apoptotic cells."
"Apoptosis","CUL5","cullin 5","ENSG00000166266.14","protein_coding",17449237,"CUL5 is a component of E3 ubiquitin ligase complexes and is involved in regulating apoptotic cell death and stabilizing p53."
"Apoptosis","CX3CL1","C-X3-C motif chemokine ligand 1","ENSG00000006210.7","protein_coding",18799722,"CX3CL1 is a chemokine that is released through caspase and Bcl-2-regulated mechanisms after lymphocytes undergo Apoptosis,and it is quickly released from the surface of cells.CX3CL1 acts as a ""find-me signal"",binding with the CX3CR1 receptor and attracting macrophages to the site of Apoptosis."
"Apoptosis","CX3CR1","C-X3-C motif chemokine receptor 1","ENSG00000168329.14","protein_coding",24788416,"CX3CR1 is involved in the formation of atherosclerosis by inducing apoptosis of VSMCs.When the IRS2-AKT-ERK pathway is impaired, the CX3CL1/CX3CR1 inflammatory pathway increases the apoptosis rate of VSMCs. Increased expression of CX3CR1 is associated with increased apoptosis of VSMCs and increased vulnerability of atherosclerotic plaques in mice models induced with insulin resistance and metabolic syndrome."
"Apoptosis","CXCL12","C-X-C motif chemokine ligand 12","ENSG00000107562.17","protein_coding",18558091,"In non-adherent colorectal carcinoma cells,CXCL12 participates in apoptotic cell death by inducing an anoikis type of cell death.This type of cell death is induced by disruption of the interactions between cells and the extracellular matrix."
"Apoptosis","CYLD","CYLD lysine 63 deubiquitinase","ENSG00000083799.18","protein_coding",22698400,"The inactivation of CYLD in periportal liver hepatocytes leads to spontaneous and chronic activation of TGF-b activated kinase 1 (TAK1) and c-Jun N-terminal kinase (JNK),resulting in the death of periportal liver cells.This triggers the activation of hepatic stellate cells and Kupffer cells,leading to progressive fibrosis,inflammation,production of tumor necrosis factor (TNF),and expansion of hepatocyte apoptosis toward the central veins."
"Apoptosis","CYP1B1","cytochrome P450 family 1 subfamily B member 1","ENSG00000138061.12","protein_coding",29453779,"CYP1B1 participates in Apoptosis by metabolizing melatonin to generate N-acetylserotonin (NAS), which induces mitochondria-dependent apoptosis in tumor cells."
"Apoptosis","DAB2IP","DAB2 interacting protein","ENSG00000136848.19","protein_coding",19903888,"By stable expression of DAB2IP in prostate cancer cells,DAB2IP can cause cell cycle arrest and is also a proapoptotic factor capable of potentiating intrinsic or extrinsic apoptotic pathways.Knockdown of endogenous DAB2IP diminished cell apoptosis in LY or TNF-treated cells compared with control siRNA."
"Apoptosis","DAP","death associated protein","ENSG00000112977.16","protein_coding",9367156,"DAP kinase participates in apoptosis by phosphorylating serine/threonine residues on proteins as a novel calcium/calcium-dependent enzyme.Restoration of DAP kinase expression can increase sensitivity to apoptotic stimuli and delay tumor growth in a foreign microenvironment.DAP kinase can suppress lung carcinoma metastasis and growth by inducing apoptosis."
"Apoptosis","DAP3","death associated protein 3","ENSG00000132676.16","protein_coding",11376335,"DAP3 is a high-affinity GTP-binding adapter protein,which links TRAIL receptors DR4 and DR5 to apoptosis-inducing proteins and is necessary for TRAIL-induced apoptosis. Additionally,DAP3 associates with the pro-caspase-8-binding adapter protein Fas-associated death domain (FADD) and links FADD to TRAIL receptors DR4 and DR5."
"Apoptosis","DAPK1","death associated protein kinase 1","ENSG00000196730.13","protein_coding",29949198,"There are multiple apoptosis-related mechanisms in which DAPK1 is involved.One mechanism involves DAPK1 binding with ERK to increase its phosphorylation ability of MLC (myosin light chain),ultimately leading to apoptosis.Furthermore,DAPK1 can recognize and phosphorylate CaMKII inhibitors,thereby altering the balance of collagen and calcium ions in cells,which can also lead to apoptosis."
"Apoptosis","DAPK2","death associated protein kinase 2","ENSG00000035664.11","protein_coding",29949198,"DAPK2 can both promote and inhibit apoptosis. DAPK2 is involved in the phosphorylation of the BAD protein, which activates the process of self-consumption of cells,namely autophagy,which in turn facilitates apoptosis.DAPK2 can also inhibit apoptosis by inhibiting the phosphorylation of p53."
"Apoptosis","DAPK3","death associated protein kinase 3","ENSG00000167657.14","protein_coding",29949198,"DAPK3 is widely studied in cancer treatment as it is considered an anti-cancer gene which induces cell death and inhibits cancer growth through overexpression.DAPK3 induces cell death in malignant tumors through the activation of its catalytic domain."
"Apoptosis","DAXX","death domain associated protein","ENSG00000204209.13","protein_coding",31350900,"DAXX binds to Fas protein to activate the JNK pathway and induce apoptosis,and it can also induce apoptosis by activating ASK1.DAXX interacts with 4-hydroxynonenal (4-HNE) to inhibit DNA damage response pathway and promote apoptosis.Meanwhile,DAXX can be phosphorylated and translocated to the cytoplasm,promoting the heterodimerization of apoptotic receptors in DNA and generating apoptosis signal."
"Apoptosis","DBH","dopamine beta-hydroxylase","ENSG00000123454.12","protein_coding",34260392,"DBH is involved in apoptosis through the expression of Casp3 protein induced by rAAV-taCasp3 virus,resulting in the death of co-expressing neurons.DBH is a specific type of neuron called ventrolateral medulla (VLM) catecholaminergic neuron,which is associated with antigen adaptive immunity and tumor growth and participates in tumor development through the viral messenger."
"Apoptosis","DCC","DCC netrin 1 receptor","ENSG00000187323.12","protein_coding",22158121,"DCC is involved in apoptosis through its dependence receptor mechanism,triggering the death of tumor cells.DCC does not induce apoptosis in the presence of its trophic ligand,netrin-1,but does induce apoptosis when netrin-1 is absent."
"Apoptosis","DDIAS","DNA damage induced apoptosis suppressor","ENSG00000165490.13","protein_coding",29242605,"DDIAS can block the binding between FADD and DISC to prevent the activation of Caspase-8.DDIAS can also stabilize Caspase-8 by preventing its ubiquitination and proteasomal degradation to suppress extrinsic apoptosis mediated by death receptor."
"Apoptosis","DDIT3","DNA damage inducible transcript 3","ENSG00000175197.13","protein_coding",29962255,"DDIT3 participates in apoptosis through ER stress induced by Atg7 deficiency.Atg7 deficiency leads to the upregulation of DDIT3 and subsequently promotes ER stress-induced apoptosis."
"Apoptosis","DDIT4","DNA damage inducible transcript 4","ENSG00000168209.6","protein_coding",36375964,"DDIT4 is involved in the apoptosis induced by TDCIPP in PC12 cells. DDIT4 expression on mRNA and protein levels was enhanced in PC12 cells exposed to 5-60 ¦Ìmol/L TDCIPP.DDIT4 knockdown can effectively alleviate the autophagy induced by TDCIPP and inhibit cell apoptosis."
"Apoptosis","DDX3X","DEAD-box helicase 3 X-linked","ENSG00000215301.11","protein_coding",30297359,"DDX3X is involved in apoptosis by affecting DNA damage repair and cell cycle regulation.Loss of DDX3X led to significant accumulation of DNA single-strand breaks and double-strand breaks in the liver,as indicated by sustained phosphorylation of histone H2AX.This resulted in profound ductular reactions, cell apoptosis, and compensatory proliferation in female mutants."
"Apoptosis","DDX47","DEAD-box helicase 47","ENSG00000213782.7","protein_coding",33982894,"DDX47 is an RNA-binding protein involved in RNA processing and transport.DDX47 expression is correlated with rs34330,and knocking out the DDX47 gene significantly affects apoptosis."
"Apoptosis","DDX5","DEAD-box helicase 5","ENSG00000108654.16","protein_coding",30419318,"DDX5 plays a role in both promoting and inhibiting apoptosis.Phosphorylation is a common post-translational modification that mediates DDX5's promotion of cancer cell proliferation and is associated with resistance to anticancer drugs.DDX5 has a synergistic effect when combined with anticancer agents such as piceatannol and TNF-¦Á,suppressing the anti-apoptotic function."
"Apoptosis","DEDD","death effector domain containing","ENSG00000158796.17","protein_coding",11753564,"DEDD participates in apoptosis signaling through its death effector domain (DED).When localized in the nucleus,DEDD can inhibit RNA polymerase I-dependent transcription while activating caspase-6 to induce apoptosis through the nuclear pathway."
"Apoptosis","DEDD2","death effector domain containing 2","ENSG00000160570.14","protein_coding",12527898,"DEDD2 participates in apoptosis by binding to caspase-8 and caspase-10.DEDD2 can also bind to itself and DEDD to form dimers and oligomers,thereby promoting the activation of caspase-8/10.It has been observed that DEDD2 is highly expressed in many cancer cells and may be associated with abnormalities in the 19q13.2 chromosomal region.Both the N-terminal DED domain and the C-terminal region of DEDD2 can induce apoptosis."
"Apoptosis","DELE1","DAP3 binding cell death enhancer 1","ENSG00000081791.9","protein_coding",37002921,"OMA1-deficient cells displayed clear signs of apoptosis when DNA damage occurs,including the upregulation of the apoptosis-inducing factor p53 and its target genes.DELE1 was found to be part of a pathway that transmits information from mitochondria to the cytoplasm,thereby activating the mitochondrial stress response and regulating apoptosis."
"Apoptosis","DEPTOR","DEP domain containing MTOR interacting protein","ENSG00000155792.10","protein_coding",28086984,"DEPTOR promotes the apoptotic process through its suppression of the PI3K/Akt activity,limiting tumour initiation and the circulatory inflammation response.It is highly expressed in some cancer types such as MM and T-ALL and is associated with poor prognosis and reduced survival for patients."
"Apoptosis","DIABLO","diablo IAP-binding mitochondrial protein","ENSG00000184047.20","protein_coding",11242052,"DIABLO participates in apoptosis by relieving the inhibition of caspase-9 through formation of a complex with XIAP.After binding to XIAP,DIABLO can competitively occupy the same binding site on caspase-9 as XIAP,blocking the inhibition of caspase-9 by XIAP."
"Apoptosis","DIDO1","death inducer-obliterator 1","ENSG00000101191.17","protein_coding",10393935,"DIDO1 participates in apoptosis by triggering cell death when overexpressed in cell lines,which can be prevented by blocking caspase activity or Bcl-2 overexpression.The massive cell death induced by DIDO1 overexpression can be blocked through overexpression of hBcl-2,indicating that DIDO1 is upstream of the caspase cascade."
"Apoptosis","DNAJA1","DnaJ heat shock protein family (Hsp40) member A1","ENSG00000086061.16","protein_coding",15660130,"DNAJA1 and DNAJA2 are strongly expressed in spermatocytes,and prevent mitochondrial apoptosis by inhibiting the translocation of Bax to mitochondria.In mice lacking DNAJA1,a large number of apoptotic spermatocytes were observed,with actual impacts including reduced sperm count and motility."
"Apoptosis","DNAJC10","DnaJ heat shock protein family (Hsp40) member C10","ENSG00000077232.19","protein_coding",35176420,"DNAJC10 is involved in promoting apoptosis in LUAD cells by regulating the activity of CENPU.The overexpression of DNAJC10 can rescue the promoting effect of CENPU knockdown on cell apoptosis,indicating that DNAJC10 participates in the activity of CENPU in LUAD cells."
"Apoptosis","DNM1L","dynamin 1 like","ENSG00000087470.21","protein_coding",36362420,"DNM1L is involved in apoptosis is by regulating cell death through its effects on mitochondrial dynamics.When DNM1L is defective,mitochondrial dynamics are affected,leading to a decrease in mitochondrial fusion or fission.This causes an imbalance in mitochondrial dynamics,which accelerates cell death.The injection of anti-DNM1L antibody reduces the expression of mitochondrial apoptosis-related proteins such as Bad while increasing the expression of anti-apoptotic proteins such as XIAP."
"Apoptosis","DPF2","double PHD fingers 2","ENSG00000133884.11","protein_coding",24799437,"DPF2 is involved in apoptosis as a regulatory factor.It has been identified as an apoptosis-inducing protein in mouse myeloid cells.DPF2 belongs to the d4-protein family,which includes proteins with regulatory functions."
"Apoptosis","DYRK2","dual specificity tyrosine phosphorylation regulated kinase 2","ENSG00000127334.11","protein_coding",32462403,"DYRK2 is suggested to be a regulator of apoptotic response.Previous studies have shown that DYRK2 can be stabilized after DNA damage through ATM-dependent Thr33 and Ser369 phosphorylation and induce cell apoptosis by phosphorylating p53 at Ser46.Some studies also suggest that DYRK2 has anti-apoptotic function."
"Apoptosis","E2F1","E2F transcription factor 1","ENSG00000101412.13","protein_coding",23966291,"E2F1 mediates apoptosis by transcriptionally inducing multiple pro-apoptotic genes and downstream effects.The study identifies FOXO transcription factors as E2F1 target genes that form a regulatory loop, which reinforces gene induction for multiple apoptotic genes.In cancer,the E2F1/FOXO axis is frequently blocked,and some therapeutic approaches enhance E2F1-induced apoptosis in a FOX03-dependent manner by targeting inactive survival kinases."
"Apoptosis","E2F2","E2F transcription factor 2","ENSG00000007968.7","protein_coding",23558950,"E2F2 can independently induce cell death in cone photoreceptors,without the involvement of E2F1 and E2F3.In addition,cell death induced by E2F1 is independent of p53 and p73,whereas cone cell death induced by E2F2 is dependent on p53."
"Apoptosis","EDA2R","ectodysplasin A2 receptor","ENSG00000131080.15","protein_coding",34938205,"EDA2R participates in apoptosis by mediating podocyte injury in a high glucose environment and promoting cell apoptosis by increasing ROS production."
"Apoptosis","EIF2AK3","eukaryotic translation initiation factor 2 alpha kinase 3","ENSG00000172071.15","protein_coding",31007149,"EIF2AK3 is involved in apoptosis by regulating the ERS-apoptosis and autophagy programs.When FFSS induces ERS-apoptosis,EIF2AK3 as a downstream target of MTORC1 promotes the expression of CASP12 and DDIT3,and inhibits autophagosome-lysosome formation."
"Apoptosis","ELL3","elongation factor for RNA polymerase II 3","ENSG00000128886.12","protein_coding",30654843,"Ectopic expression of ELL3 can induce cell apoptosis. P53 is a direct transcriptional activator of the ELL3 gene, and p53 directly regulates the expression of ELL3 during stem cell apoptosis."
"Apoptosis","ENO1","enolase 1","ENSG00000074800.16","protein_coding",30242159,"ENO1 participates in apoptosis by regulating PASMC apoptosis.RNA silencing ENO1 and using ENO1 inhibitor ENOblock can suppress PASMC proliferation and induce its apoptosis.Specifically, reducing ENO1 levels can increase the cleavage of PARP,caspase 3,and caspase 9,and promote the apoptotic rate through TUNEL experiment.Overexpression of ENO1 can increase PASMC's resistance to apoptotic stimuli and reduce its apoptotic rate."
"Apoptosis","EP300","E1A binding protein p300","ENSG00000100393.15","protein_coding",23955711,"Inhibiting the p300 enzyme in Treg cells can promote anti-tumor immune responses and alter the phenotype of Treg cells to promote apoptosis in steady state.Deletion of Ep300 or using the C646 drug to inhibit p300 can reduce proliferation and accumulation of Treg cells in tumors and enhance the function of T cells within tumors."
"Apoptosis","EPHA2","EPH receptor A2","ENSG00000142627.13","protein_coding",24713656,"The frequency of apoptosis in non-small cell lung cancer cells (NSCLC) can be increased by transfecting cells with EPHA2-specific small interfering RNA (siRNA).DOX-induced shRNA silencing of EPHA2 resulted in increased frequency of apoptosis and mitigated tumor growth."
"Apoptosis","EPO","erythropoietin","ENSG00000130427.3","protein_coding",22839413,"EPO can increase the number of red blood cells by preventing the apoptosis of erythroid progenitor cells.But it has also been found to have tissue-protective effects and may participate in the regulation of apoptosis."
"Apoptosis","ERBB3","erb-b2 receptor tyrosine kinase 3","ENSG00000065361.17","protein_coding",19690388,"ERBB3 prevents apoptosis by forming ERBB3-ERBB4 heterodimers to activate the PI3K/AKT/FRAP1/RPS6 pathway,which regulates cell cycle arrest and apoptosis. Loss of ERBB3 results in elevated apoptosis in mouse and human colon cancer cells,especially in the presence of EGFR blockade.A secondary pathway, which is EGFR independent but ERBB3 dependent,might also contribute to cancer cell survival mediated by an ERBB3-ERBB4 heterodimeric complex."
"Apoptosis","ERCC6","ERCC excision repair 6, chromatin remodeling factor","ENSG00000225830.16","protein_coding",24383128,"Overexpression of ERCC6 through transfection of pcDNA3.1 (+)-ERCC6 into HCC cells can block the apoptosis of tumor cells induced by rAd-p53 and/or Ad-NDRG2.Reducing the expression of ERCC6 can increase the sensitivity of tumor cells to apoptosis induced by chemotherapy.Overexpression of NDRG2 can downregulate the expression of ERCC6 in tumor cells,thus enhancing p53-mediated apoptosis of liver cancer cells by attenuating nucleotide excision repair capacity."
"Apoptosis","ERN1","endoplasmic reticulum to nucleus signaling 1","ENSG00000178607.17","protein_coding",23704208,"ERN1 is activated through UPR and participates in mediating the mitochondrial and death receptor pathways of E2-induced apoptosis in antihormone-resistant breast cancer cells.The downstream effector of ERN1 phosphorylation,eIF2a,is activated within 24 hours of E2 treatment."
"Apoptosis","ERO1A","endoplasmic reticulum oxidoreductase 1 alpha","ENSG00000197930.13","protein_coding",37100971,"ERO1A participates in apoptosis by generating ROS. Overexpression of microglial ERO1A exacerbates cell apoptosis and behavioral outcomes,while suppression of microglial ERO1A significantly reduces cell apoptosis."
"Apoptosis","ERP29","endoplasmic reticulum protein 29","ENSG00000089248.7","protein_coding",34667160,"ERP29 promotes the progression of colorectal cancer by inhibiting apoptosis. The authors found that there were more apoptotic cells in tumor tissues formed from DLD-1shERp29 cells than that from control DLD-1shNC cells using TUNEL test,indicating ERp29 may inhibit apoptosis of DLD-1 cells.ERP29 could decrease the sensitivity to 5-FU in DLD-1 cells and lower the cell apoptosis rate in the process of 5-FU-induced apoptosis using CCK-8 assay and flow cytometry."
"Apoptosis","EYA1","EYA transcriptional coactivator and phosphatase 1","ENSG00000104313.20","protein_coding",23636126,"EYA1 is involved in the inhibition of apoptosis and may be associated with the activity of ATM/ATR and the hypoxia state of the tumor.EYA1 is shown to inhibit apoptosis,but this suppression does not depend on its phosphatase activity.EYA1 may rely on the activity of ATM/ATR and the relative hypoxia state of the tumor to regulate apoptosis."
"Apoptosis","EYA2","EYA transcriptional coactivator and phosphatase 2","ENSG00000064655.19","protein_coding",34617969,"EYA2 participates in apoptosis because it plays a crucial role in the cell cycle progression and survival of GSCs,and inhibition of EYA2 Tyr phosphatase activity results in apoptosis."
"Apoptosis","EYA3","EYA transcriptional coactivator and phosphatase 3","ENSG00000158161.16","protein_coding",31515519,"EYA3 is involved in the apoptosis of cells related to pulmonary arterial hypertension,because it promotes pulmonary vascular remodeling by promoting the survival and proliferation of pulmonary arterial vascular cells in a DNA-damaging,hostile microenvironment,which leads to pulmonary hypertension.Inhibition of the EYA3 tyrosine phosphatase activity with Benzarone can attenuate the development of experimental pulmonary hypertension,and increased apoptosis is seen in lung tissue upon treatment with Benzarone."
"Apoptosis","EYA4","EYA transcriptional coactivator and phosphatase 4","ENSG00000112319.21","protein_coding",24096489,"The expression level of EYA4 is associated with apoptosis response. The experiment showed that in karyotypically normal EYA4kd cells,the numbers of early (AV +/PI -) and late (AV +/PI +) apoptotic cells were significantly reduced compared to the control group.This indicates that EYA4 plays a promoting role in cell apoptosis.Other some literature suggests that EYA4 may act as a transcriptional co-activator to mediate its TSG function,and EYA4 may cascade with GADD45a to regulate cell apoptosis."
"Apoptosis","FADD","Fas associated via death domain","ENSG00000168040.5","protein_coding",22864571,"FADD is a crucial component of extrinsic apoptosis and necroptosis,and is related to cell death pathways.MKRN1 E3 ligase regulates FADD levels through ubiquitination and proteasomal degradation.Depletion of MKRN1 leads to FADD stabilization, resulting in hypersensitivity to extrinsic apoptosis and necroptosis facilitated by caspase-8 and caspase-3 cleavage."
"Apoptosis","FAF1","Fas associated factor 1","ENSG00000185104.21","protein_coding",28414080,"FAF1 is a pro-apoptotic factor that also regulates several signaling pathways in which XIAP is involved.The DEDID domain of FAF1 specifically interacts with XIAP in the regulation of apoptotic cell death.Conversely, XIAP can interfere with the caspase cascade and block FAF1-mediated cell death.Cell experiments have also shown that FAF1 transfection and anti-FAS stimulation induce cell apoptosis,while overexpression of XIAP can prevent FAF1-induced apoptosis."
"Apoptosis","FAIM","Fas apoptotic inhibitory molecule","ENSG00000158234.13","protein_coding",31167518,"FAIM plays an anti-apoptotic role, mainly in BCR-activated B cells,by resisting Fas-mediated cell death and affecting TCR-mediated apoptosis in B cells and thymocytes."
"Apoptosis","FAIM2","Fas apoptotic inhibitory molecule 2","ENSG00000135472.9","protein_coding",35468884,"FAIM2 was found to be an anti-apoptotic protein,which can protect myoblasts from DUX4-induced cell death by down-regulating the expression of miR-3202.Overexpression of FAIM2 can protect cells from oxidative stress and BCL-2 inhibitor-induced apoptosis."
"Apoptosis","FAM162A","family with sequence similarity 162 member A","ENSG00000114023.16","protein_coding",37097350,"FAM162A is an important molecule associated with neuronal cell apoptosis.The experimental results showed that FAM162A was involved in the process of OGD-induced apoptosis of HT22 cells together with Bax.DCP2 can promote apoptosis of OGD-treated HT22 cells by regulating the expression of BAX and FAM162A, while RNCR3 can protect OGD-treated HT22 cells by decreasing the expression of BAX and FAM162A."
"Apoptosis","FAS","Fas cell surface death receptor","ENSG00000026103.25","protein_coding",10690403,"Fas is a part of Fas Ligand (FasL)-induced cell death process and is associated with apoptosis.Fas is the receptor for FasL and is expressed abundantly in various tissues,particularly thymocytes,activated T cells,or T cells transformed by HTLV-1 or HIV.Fas and TNFR1 must be oligomerized to be activated.The activated caspases cleave various cellular components,a process that leads to morphological changes of the cells and nuclei,as well as to degradation of the chromosomal DNA."
"Apoptosis","FASLG","Fas ligand","ENSG00000117560.8","protein_coding",10690403,"FASLG participates in apoptosis mainly through its binding with its receptor FAS to activate the death program,leading to morphological and nuclear changes in target cells,as well as degradation of chromosomal DNA."
"Apoptosis","FASTK","Fas activated serine/threonine kinase","ENSG00000164896.21","protein_coding",24013584,"The experiment found that reducing the expression of FASTK can significantly increase apoptosis and thus inhibit tumor growth.FASTK is involved in the induction of the Fas receptor apoptosis pathway,regulates mitochondrial metabolism,and controls post-transcriptional modifications of RNA responses with TIA1."
"Apoptosis","FBH1","F-box DNA helicase 1","ENSG00000134452.20","protein_coding",23319600,"FBH1 promotes DNA double-strand breakage and apoptosis in response to DNA replication stress through its interaction with RPA.The study determined that the helicase domain of FBH1 is required for the efficient phosphorylation of RPA2 on Ser4 and Ser8 in response to replication stress.The persistence of Ser33 phosphorylation and accompanying decrease in Ser4 and Ser8 phosphorylation suggests fewer DSBs are generated in cells depleted of FBH1 compared with control cells."
"Apoptosis","FBXW7","F-box and WD repeat domain containing 7","ENSG00000109670.17","protein_coding",26458995,"FBXW7 is involved in the pathway of apoptosis and EMT,and its low expression in gastric cancer tissues is related to the promotion of apoptosis and proliferation inhibition of gastric cancer cells.Further research has shown that FBXW7 down-regulates RHOA through the Proteasome pathway to inhibit EMT."
"Apoptosis","FEM1B","fem-1 homolog B","ENSG00000169018.6","protein_coding",19908242,"FEM1B is a protein that mediates apoptosis of colon cancer cells.By regulating the expression of proapoptotic proteins,it induces apoptosis of colon cancer cells.It is expressed in primary human colon cancer specimens and malignant colon cancer cells and its expression can be upregulated by proteasome inhibitors,leading to apoptosis."
"Apoptosis","FGA","fibrinogen alpha chain","ENSG00000171560.18","protein_coding",32205365,"FGA induces dephosphorylation of tobacco phosphatidylinositide 3-kinases (AKT),blocking activation of mTOR downstream of AKT,and causing apoptosis in lung adenocarcinoma (LUAD) cells.Specifically, FGA induces apoptosis in LUAD cells by downregulating the expression of BCL2 and MCL1,but not affecting BCLXL expression."
"Apoptosis","FGB","fibrinogen beta chain","ENSG00000171564.12","protein_coding",36438895,"The study showed that knockdown of FGB obviously promoted apoptosis of breast cancer (BC) cells."
"Apoptosis","FGF10","fibroblast growth factor 10","ENSG00000070193.5","protein_coding",33445067,"FGF10 can inhibit cellular apoptosis during hepatic ischemia-reperfusion,reduce the number of apoptotic cells,decrease levels of c-CAS-3,and lower the Bax/Bcl-2 ratio to alleviate liver injury."
"Apoptosis","FGFR1","fibroblast growth factor receptor 1","ENSG00000077782.23","protein_coding",34369083,"FGFR1 participates in apoptosis through the combined inhibition of FGFR1 and PLK1 in KRAS-mutant cancer cells.The study showed that the combined treatment of FGFR1 and PLK1 inhibitors can promote apoptosis in cell models by upregulating reactive oxygen species (ROS),leading to oxidative stress-activated c-Jun N-terminal kinase (JNK)/p38 pathway and E2F1-induced apoptosis."
"Apoptosis","FGFR3","fibroblast growth factor receptor 3","ENSG00000068078.20","protein_coding",20420824,"The R248C FGFR3 mutation reduces apoptosis in HaCaT keratinocytes. This mutation leads to increased cell growth at confluence, further promoting tumor development."
"Apoptosis","FHIT","fragile histidine triad diadenosine triphosphatase","ENSG00000189283.10","protein_coding",11891319,"FHIT mediates apoptosis in lung and cervical cancer cells.The reintroduction of FHIT induces apoptosis in all FHIT-negative cell lines,particularly in Calu-1,H460,A549 among the lung cancer cell lines and SiHa cells among cervical carcinomas.The mechanism by which FHIT induces apoptosis is through the activation of caspase-8, leading to the activation of caspase-3 and subsequent induction of apoptosis."
"Apoptosis","FIGNL1","fidgetin like 1","ENSG00000132436.12","protein_coding",33367932,"FIGNL1 overexpression can promote non-small cell lung cancer cell proliferation,decrease apoptosis,and increase cell fission and migration abilities.Knockdown of FIGNL1 can reduce lung cancer cell proliferation,increase the ratio of apoptosis,and decrease their migration and invasion abilities."
"Apoptosis","FIS1","fission, mitochondrial 1","ENSG00000214253.9","protein_coding",21285974,"FIS1 participates in apoptosis by regulating Bax/Bak-driven cell death through its interaction with ER membrane protein Bap31.The dynamic structural and functional liaison between mitochondria and the endoplasmic reticulum (ER) is facilitated by the interaction between FIS1 and Bap31,promoting a two-way communication in cell death from mitochondria to ER and back again,making the process of cell death more complex and intricate."
"Apoptosis","FNIP2","folliculin interacting protein 2","ENSG00000052795.13","protein_coding",22209521,"FNIP2 is related to apoptosis and plays a role in inducing cell death as a protein component of MAPO1 in the signal transduction pathway.The study found that the AMPK-MAPO1-FLCN complex plays an important role in O6-Methylguanine-induced apoptosis,so MAPO1 may regulate the activation of AMPK by binding to FLCN to control the induction of apoptosis triggered by O6-methylguanine."
"Apoptosis","FXN","frataxin","ENSG00000165060.15","protein_coding",26849417,"FXN's involvement in apoptosis is achieved through the apoptotic death of neuro cells,which is a spontaneous process of cell death typically caused by DNA damage or other severe cellular stress.When the level of FXN gene expression declines,FXN-defective cells undergo uncontrolled apoptosis.The apoptotic death of FXN-deficient cells is achieved by the activation of the neuronal apoptotic pathway."
"Apoptosis","FYN","FYN proto-oncogene, Src family tyrosine kinase","ENSG00000010810.18","protein_coding",27525436,"FYN can interact with the C-terminus of the NOX4 protein,regulating the ROS production and apoptosis induced by NOX4 in cardiomyocytes.Overexpression of FYN can negatively regulate the activity of NOX4,inhibiting NOX4-induced apoptosis in cardiomyocytes,while downregulation of FYN can aggravate cell apoptosis."
"Apoptosis","FZD9","frizzled class receptor 9","ENSG00000188763.5","protein_coding",28665975,"FZD9 is related to apoptosis in this paper, and knockdown of c-Fos gene can inhibit the proliferation,migration and invasion of MG63 cells,promote apoptosis,and the expression of Fzd9 is also regulated by c-Fos gene."
"Apoptosis","G0S2","G0/G1 switch 2","ENSG00000123689.6","protein_coding",19706769,"G0S2 promotes apoptosis by interacting with and inhibiting Bcl-2 from forming anti-apoptotic Bcl-2/Bax heterodimers.Additionally, ectopic expression of G0S2 induces apoptosis in transformed cells and sensitizes primary cells to undergo apoptosis in response to DNA damage.G0S2 is induced by TNF¦Á through the NF-¦ÊB pathway."
"Apoptosis","GABARAP","GABA type A receptor-associated protein","ENSG00000170296.10","protein_coding",19363302,"GABARAP can directly bind to the protein Nix,which regulates apoptosis,thus becoming one of the links between apoptosis and autophagy.In addition,the expression level of GABARAP can be induced under various stress conditions such as nutrient deprivation and oxidative stress,thus initiating the autophagy pathway."
"Apoptosis","GATA1","GATA binding protein 1","ENSG00000102145.16","protein_coding",30700418,"GATA1 is related to erythrocyte apoptosis, participates in the regulation of the HSP70/GATA1 axis and is involved in the molecular mechanism of apoptosis.The level of GATA1 protein is decreased in DBA patients,which causes delayed erythroid differentiation and increased erythrocyte apoptosis.Therefore,by regulating the HSP70/GATA1 axis,especially the expression of HSP70,erythrocyte apoptosis can be reduced,and their survival can be increased."
"Apoptosis","GATA4","GATA binding protein 4","ENSG00000136574.19","protein_coding",32239217,"GATA4 is related to the anti-apoptotic pathway,participates in regulating the transcription of genes such as Bcl-2,and is involved in the molecular mechanism of apoptosis.SIRT6 can promote GATA4 chromatin binding,thereby enhancing its ability to regulate anti-apoptotic gene transcription.By regulating the SIRT6-TIP60-GATA4 axis,the anti-apoptotic pathway can be promoted,thereby reducing the cardiotoxicity of doxorubicin in clinical use."
"Apoptosis","GCLM","glutamate-cysteine ligase modifier subunit","ENSG00000023909.10","protein_coding",35366876,"GCLM is associated with the process of PTL-induced apoptosis in BCPAP cells and its expression is up-regulated.PRM analysis showed that the protein expression of GCLM increased in these cells,while its mRNA expression level did not change.It can be inferred that GCLM is involved in the process of PTL-induced apoptosis in BCPAP cells,and its role may be achieved by regulating the intracellular redox state."
"Apoptosis","GDNF","glial cell derived neurotrophic factor","ENSG00000168621.15","protein_coding",33543924,"Rotenone reduces the expression of GDNF and suppresses the downstream PI3K/AKT/GSK-3¦Â signaling pathway. Dapagliflozin can prevent cell apoptosis in PD rats by upregulating the expression of GDNF and activating the PI3K/AKT/GSK-3¦Â pathway."
"Apoptosis","GFRAL","GDNF family receptor alpha like","ENSG00000187871.2","protein_coding",30633545,"GDF-15 can mediate either pro- or anti-apoptotic functions depending on the cellular context.GDF-15 exerts its anti-apoptotic effect by binding to GFRAL."
"Apoptosis","GGCT","gamma-glutamylcyclotransferase","ENSG00000006625.18","protein_coding",25256603,"The downregulation of GGCT inhibits the growth of MCF-7/ADR breast cancer by inducing cell apoptosis and necrosis.This might be achieved by disrupting the balance of intracellular glutathione (GSH) and thus affecting the function of Nrf2."
"Apoptosis","GHITM","growth hormone inducible transmembrane protein","ENSG00000165678.22","protein_coding",19784873,"GHITM is classified as part of the BI1 (transmembrane Bax inhibitor 1) family,which is believed to play a role in regulating apoptosis.GHITM reduces cell death in antibody-induced apoptosis,indicating a protective role in apoptosis."
"Apoptosis","GNAI2","G protein subunit alpha i2","ENSG00000114353.17","protein_coding",32536864,"GNAI2 is related to apoptosis and as a downstream target of SNHG1, participates in inhibiting the inflammatory response and apoptosis of HUVECs induced by ox-LDL.GNAI2 participates in apoptosis by being up-regulated by SNHG1 to inhibit the inflammatory response and apoptosis of HUVECs induced by ox-LDL."
"Apoptosis","GNAI3","G protein subunit alpha i3","ENSG00000065135.12","protein_coding",34803495,"The interference of GNAI3 shRNA significantly reduced cell apoptosis.In addition,under the action of the reverse structure of Mir24-2-5p,the downregulation of GNAI3 mRNA expression also led to a significant decrease in apoptosis."
"Apoptosis","GPER1","G protein-coupled estrogen receptor 1","ENSG00000164850.16","protein_coding",21250980,"In pancreatic islet cells, both G-1 and estrogen,which can bind to GPER1,can protect pancreatic ¦Â cells from cytokine-induced and H2O2-induced apoptosis.At the same time,compared with GPER1 knockout mice,wild-type mice's myocardial cell apoptosis after ischemia/reperfusion injury was significantly reduced."
"Apoptosis","GPX1","glutathione peroxidase 1","ENSG00000233276.9","protein_coding",35968584,"The expression of GPX1 is reduced in myocardial cells after I/R injury,while SalB treatment regulates the TRIM8/GPX1 pathway,promotes the expression of GPX1 protein,reduces ROS generation,and the level of cardiac cell apoptosis.At the same time,GPX1 overexpression can alleviate I/R-induced cardiac cell apoptosis."
"Apoptosis","GRINA","glutamate ionotropic receptor NMDA type subunit associated protein 1","ENSG00000178719.17","protein_coding",22240901,"GRINA participates in apoptosis by modulating the balance of calcium ions in the endoplasmic reticulum. The study found that TMBIM3/GRINA has strong synergistic activity with TMBIM6/BI-1 in regulating ER calcium homeostasis and apoptosis.Loss-of-function studies in Drosophila and zebrafish embryos revealed an essential role of TMBIM3/GRINA and TMBIM6/BI-1 in preventing cell death during ER stress."
"Apoptosis","GSDME","gasdermin E","ENSG00000105928.16","protein_coding",30976076,"GSDME is cleaved by caspase-3,which liberates the GSDME-N domain that forms pores in the plasma membrane to induce pyroptosis,while GSDME-N can permeabilize the mitochondrial membrane and release cytochrome c to activate the apoptotic pathway.GSDME deficiency affects caspase-3 activation under both intrinsic and extrinsic apoptotic stimuli."
"Apoptosis","GSK3A","glycogen synthase kinase 3 alpha","ENSG00000105723.13","protein_coding",24916065,"GSK3A participates in apoptosis of multiple myeloma cells.GSK3A/B is one of the targets of SMERs to amplify and execute apoptotic signaling downstream of the PI3K/AKT/mTOR pathway,particularly within the cytoprotective microenvironment of MSCs that mimic the bone marrow niche."
"Apoptosis","GSK3B","glycogen synthase kinase 3 beta","ENSG00000082701.17","protein_coding",20093356,"GSK3B promotes apoptosis by activating Bax,leading to tubular injury and acute ischemic kidney injury.In vitro and in vivo experiments showed that exposure of renal epithelial cells to metabolic stress activated GSK3B,Bax and caspase 3,inducing apoptosis.Expression of a constitutively active GSK3B mutant activated Bax and decreased cell viability.Conversely,inhibition of GSK3B promoted cell viability.Knocking down GSK3B by RNA interference abrogated cell death induced by constitutively active GSK3B."
"Apoptosis","GSKIP","GSK3B interacting protein","ENSG00000100744.15","protein_coding",32828530,"GSKIP has a protective effect against apoptosis of cardiomyocytes in hypoxia/reoxygenation (H/R) injury.Overexpression of GSKIP attenuated apoptosis and ROS production induced by H/R injury."
"Apoptosis","GSTP1","glutathione S-transferase pi 1","ENSG00000084207.18","protein_coding",18559526,"GSTP1 participates in regulating the cell cycle and apoptosis,and the mutation status of different sites of GSTP1 also affects the apoptotic function of cells.Different haplotypes of GSTP1 have different effects on cell proliferation and apoptosis."
"Apoptosis","GZMB","granzyme B","ENSG00000100453.14","protein_coding",10894162,"GZMB induces apoptosis in target cells through the cleavage and activation of caspase family members and DFF45/ICAD,a nuclease responsible for DNA fragmentation.The study establishes a cellular death assay and shows that GZMB-mediated apoptosis can occur independently of caspase-3 activity,highlighting its physiological importance for CTL-induced target cell death."
"Apoptosis","HDAC1","histone deacetylase 1","ENSG00000116478.12","protein_coding",36082664,"AT2R stimulation leads to HDAC1 dephosphorylation at amino acids 421/423,which inhibits the deacetylation of Lys379-p53 and results in p53 activation and subsequent apoptosis and cell anti-proliferation."
"Apoptosis","HERPUD1","homocysteine inducible ER protein with ubiquitin like domain 1","ENSG00000051108.15","protein_coding",16707422,"Overexpression of HERPUD1 induced cell death (apoptotic nuclei) in both LNCaP and Hep3B cells,and HERPUD1 was present in the entire cytoplasm instead of localized at the ER when apoptotic nuclei were observed in the cells.HERPUD1 expression induced apoptosis via activation of caspase-3 and DNA degradation as detected by the TUNEL assay."
"Apoptosis","HGF","hepatocyte growth factor","ENSG00000019991.18","protein_coding",26531163,"HGF participates in apoptosis by activating the c-MET pathway,leading to cell cycle arrest,DNA damage, and apoptosis.KSHV can activate the HGF/c-MET pathway in vitro and in vivo,which is closely related to the pathogenesis of PEL."
"Apoptosis","HIC1","HIC ZBTB transcriptional repressor 1","ENSG00000177374.13","protein_coding",16269335,"HIC1 is shown to be involved in apoptosis,regulating p53- dependent apoptotic DNA damage response in mammalian cells.When HIC1 function is lost,cells cannot undergo apoptosis and survive DNA damage.HIC1 interacts with SIRT1,repressing SIRT1 transcription through HIC1's POZ domain.In the HIC1- SIRT1-P53 feedback loop,HIC1 promotes P53-mediated apoptotic DNA damage response."
"Apoptosis","HIF1A","hypoxia inducible factor 1 subunit alpha","ENSG00000100644.17","protein_coding",33345685,"In the study of inhibiting NLRP3 inflammasome,upregulating hypoxia-inducible factor 1 alpha subunit (HIF1A) and BNIP3-mediated mitophagy helped mitigate renal injury and apoptosis in the CI-AKI mouse model.Through the treatment of MCC950 and Roxadustat,the study further confirmed that NLRP3 inhibitors can mitigate apoptosis of renal cells and regulate BNIP3-mediated mitophagy by stabilizing HIF1A."
"Apoptosis","HINT1","histidine triad nucleotide binding protein 1","ENSG00000169567.13","protein_coding",16835243,"HINT1 induces apoptosis in SW480 and MCF-7 cells independent of its enzymatic activity.Specifically, HINT1 upregulates the expression of p53 and Bax,and downregulates the expression of apoptosis inhibitor Bcl-2,but has no effect on Bad and Puma levels.HINT1 is associated with the Bax promoter and is a component of the Tip60 histone acetyltransferase complex,suggesting it is involved in the regulation of Bax expression.Knockdown of HINT1 results in downregulation of p53 and Bax.A mutant HINT1 (H112N) protein defective in enzymatic activity as an AMP-NH2 hydrolase is not impaired in the induction of apoptosis,suggesting that HINT1's pro-apoptotic activity is independent of its enzymatic activity."
"Apoptosis","HIP1","huntingtin interacting protein 1","ENSG00000127946.17","protein_coding",19934260,"HIP1 is involved in HIPPI-mediated transcription of the caspase-1 gene and apoptosis.The article states that HIP1 is a molecular partner of HIPPI,which can recruit procaspase-8 and activate the initiator caspase and its downstream apoptotic cascades.The article indicates that HIP1 plays an important role in HIPPI-mediated transcription of the caspase-1 gene and apoptosis"
"Apoptosis","HIP1R","huntingtin interacting protein 1 related","ENSG00000130787.14","protein_coding",18535670,"HIP1R-deficient mice showed reduced numbers of gastric epithelial cells and increased apoptotic cells,including parietal cells.Through TUNEL staining and activated caspase-3 staining,the authors demonstrated that these cells are parietal cells.HIP1R deficiency may cause excessive acid to be trapped in cells,leading to cell damage and even death."
"Apoptosis","HIPK1","homeodomain interacting protein kinase 1","ENSG00000163349.22","protein_coding",20231426,"HIPK1 participates in cell survival and apoptosis processes by binding to several regulators involved in cell survival,such as the anti-apoptotic transcription factors Brn3a5 and CtBP."
"Apoptosis","HIPK2","homeodomain interacting protein kinase 2","ENSG00000064393.16","protein_coding",20231426,"HIPK2 plays an important role in cell survival and proliferation,and its deficiency may lead to inhibition of these processes and increased apoptosis.HIPK2 knockdown increased the proportion of apoptosis in mouse fetal liver erythroid precursors and inhibited cell proliferation,accompanied by apoptotic and dead cells."
"Apoptosis","HMGB2","high mobility group box 2","ENSG00000164104.12","protein_coding",30119172,"HMGB2 is related to apoptosis and participates in the regulation of cell apoptosis through the JNK1/2-NF-¦ÊB signaling pathway.HMGB2 participates in myocardial I/R-induced apoptosis,and its increased expression leads to increased cardiomyocyte apoptosis.This indicates that HMGB2 is related to apoptosis and involved in the regulation of myocardial I/R-induced cell apoptosis."
"Apoptosis","HMOX1","heme oxygenase 1","ENSG00000100292.18","protein_coding",16458149,"When cells are subjected to chronic reperfusion injury,HMOX1 may protect against cell apoptosis by inhibiting the expression of apoptotic regulators,thus exerting a protective effect on cells.After repeated ischemia/reperfusion,overexpression of HMOX1 can significantly reduce myocardial apoptosis (as confirmed by TUNEL staining,the number of TUNEL-positive cells in mouse myocardial cells undergoing repeated I/R is significantly reduced."
"Apoptosis","HNRNPK","heterogeneous nuclear ribonucleoprotein K","ENSG00000165119.22","protein_coding",25104022,"The methylation of Arginine 296 and 299 on HNRNPK inhibits nearby phosphorylation on Serine 302 mediated through the protein kinase C (PKC) pathway,thereby negatively regulating cell apoptosis.Mutations on Arginine 296 and 299 result in increased apoptosis and abolishing HNRNPK's anti-apoptotic roles."
"Apoptosis","HRAS","HRas proto-oncogene, GTPase","ENSG00000174775.18","protein_coding",30865897,"HRAS regulates apoptosis by modulating the expression of TP53,which affects the survival and death of cells.Specifically,when HRAS signaling originates from the Golgi apparatus,TP53 is upregulated,which inhibits PDCD2 expression and protects the cell from apoptosis."
"Apoptosis","HRK","harakiri, BCL2 interacting protein","ENSG00000135116.9","protein_coding",19641496,"In human malignancies, aberrant methylation of specific promoter CpG islands causes the silencing of the HRK gene,which results in low apoptotic counts.HRK regulates Bcl-2 and Bcl-xL through selective interaction with the BH3 domain,contributing to apoptosis regulation in various cell types."
"Apoptosis","HSPA1A","heat shock protein family A (Hsp70) member 1A","ENSG00000204389.10","protein_coding",22115967,"HSPA1A participates in apoptosis mainly by increasing the anti-apoptotic ability of tumor cells.The specific mechanism is reflected in the activation of the NF-jB pathway induced by HSPA1A in tumor cells,reducing the expression of Bax,while increasing the ratio of Bcl-xL and Bcl-2 expression,which is more beneficial for the survival of tumor cells."
"Apoptosis","HSPA1B","heat shock protein family A (Hsp70) member 1B","ENSG00000204388.7","protein_coding",15632129,"HSP72 promotes cell survival during cellular stress and has been found to inhibit apoptosis in tumor cells induced by Fas.Specifically,Hsp72 inhibits Fas-induced apoptosis only in type II cells,and only when the intrinsic apoptosis pathway is required for efficient effector caspase activation.The article studied different pathways of apoptosis,explaining that the extrinsic apoptosis pathway is activated upon ligation of death receptors of the TNF1 receptor superfamily,while the intrinsic pathway,initiated by cellular stresses,activates pro-apoptotic members of the Bcl-2 family to target the mitochondria."
"Apoptosis","HSPB1","heat shock protein family B (small) member 1","ENSG00000106211.10","protein_coding",33053445,"HSP27 inhibits multiple steps in the apoptotic pathway to prevent cell death.It binds to Daxx,blocking its interaction with Fas and Ask1 to inhibit apoptotic reactions.It also regulates the mitochondrial environment to prevent Bax activation and ROS generation.Additionally,HSP27 inhibits intrinsic apoptosis by preventing Bim degradation and can directly bind to mitochondrial proteins to inhibit cell death."
"Apoptosis","HTRA2","HtrA serine peptidase 2","ENSG00000115317.13","protein_coding",20125124,"HTRA2,a mitochondrial serine protease,is released into the cytosol upon apoptotic stimulation,where it contributes to the regulation of programmed cell death.HTRA2 can bind to IAP proteins,releasing active caspases,and directly promote apoptosis by proteolytically degrading IAP proteins,the caspase-8 inhibitor phosphoprotein enriched in diabetes/phosphoprotein enriched in astrocytes (Ped/Pea-15) and the anti-apoptotic protein HAX-1."
"Apoptosis","HTT","huntingtin","ENSG00000197386.14","protein_coding",32498290,"HTT participates in apoptosis by inhibiting the activation of the mitochondrial pathway.In FD-induced cells,the expression of apoptosis-related proteins such as p53,Bax,cleaved caspase-9,cleaved PARP,caspase-3,and cytochrome c are upregulated.After HTT pretreatment,the expression of these proteins is suppressed.In addition,HTT can upregulate Bcl-2,Bcl-xL,and PARP,thereby enhancing the antioxidant capacity of cells and inhibiting apoptosis."
"Apoptosis","HYOU1","hypoxia up-regulated 1","ENSG00000149428.21","protein_coding",33455947,"HYOU1 participates in apoptosis by inhibiting anti-death pathways in lung cancer cells and increasing cell death.In siRNA-mediated HYOU1 knockdown experiments,it was found that inhibiting HYOU1 expression in lung cancer MCTSs significantly increased the expression of cleaved PARP and cleaved caspase-3,promoting cell apoptosis.Through gene expression profiling of NCI-H460 cells,the researchers found that HYOU1 regulates cell apoptosis through interferon (IFN) signaling."
"Apoptosis","ICAM1","intercellular adhesion molecule 1","ENSG00000090339.9","protein_coding",37054936,"ICAM1 is an integrin on the surface of endothelial cells,closely related to leukocyte adhesion and chemotaxis,involved in immune-mediated inflammatory response.Inflammatory response often accompanies cell apoptosis.Neutrophil membrane-coated taurine nanoparticles can reduce the expression level of ICAM1 and alleviate the degree of inflammatory response and cell apoptosis in hepatic ischemia-reperfusion injury."
"Apoptosis","IFI16","interferon gamma inducible protein 16","ENSG00000163565.20","protein_coding",34930258,"IFI16 participates in the biological process of apoptosis in skin cutaneous melanoma.IFI16 binds to p53 protein or downstream proteins,thereby activating the p53-related signaling pathway and inducing cell apoptosis.In cells with regular p53 activity,IFI16 inhibits NF-¦ÊB expression,activates apoptotic protein kinases,and promotes cell apoptosis,acting as a tumor suppressor gene.In tumor cells with p53 inactivated,IFI16 can activate NF-¦ÊB pathway,promote cell growth,and act as an oncogene."
"Apoptosis","IFI27","interferon alpha inducible protein 27","ENSG00000165949.13","protein_coding",35974384,"IFI27 was found to be associated with cell apoptosis through a TRAIL-mediated pathway.The downregulation of IFI27 promoted HCT-8 cell apoptosis by regulating the expression of TRAIL and caspase-8.Additionally,overexpression of IFI27 enhanced TRAIL and caspase-8 expression,thereby promoting cell apoptosis."
"Apoptosis","IFI27L2","interferon alpha inducible protein 27 like 2","ENSG00000119632.4","protein_coding",27673746,"The human ISG12 protein family, including ISG12A, ISG12B, ISG12C, and ISG6-16, induced by type 1 interferon, has the characteristic of promoting apoptosis. Among them, ISG6-16 promotes HCV replication and antagonizes TRAIL-induced apoptosis in gastric cancer and human myeloma cells. Therefore, it is speculated that ISG12B protein, encoded by IFI27L2, may also participate in the cell apoptosis process of diseases such as gastric cancer. The ISG12B protein encoded by IFI27L2 may mediate the mitochondrial apoptosis pathway by binding to the Bcl-2 protein as ISG12A does."
"Apoptosis","IFI6","interferon alpha inducible protein 6","ENSG00000126709.16","protein_coding",26244642,"IFI6 participates in inhibiting the apoptosis of VECs during DENV infection.IFI6 expressed its anti-apoptotic function by inhibiting the mitochondrial-dependent pathway and regulating the expression of Bcl-2/Bax and the depolarization of the mitochondrial membrane potential."
"Apoptosis","IFNB1","interferon beta 1","ENSG00000171855.7","protein_coding",23221969,"IFNB1 is involved in apoptosis by activating both the intrinsic and extrinsic pathways.In MCF-7 breast cancer cells,IFNB1 can activate the intrinsic pathway by inducing CAS8 cleavage,BAX cleavage,and PARP1 cleavage.IFNB1 may also activate the extrinsic pathway by activating downstream CASP8 and CASP3/7 through death receptor activation."
"Apoptosis","IFNG","interferon gamma","ENSG00000111537.5","protein_coding",34289975,"Interferon gamma (IFN-¦Ã) is involved in apoptosis by stimulating TNF-dependent macrophage cytotoxicity.The authors used primary human eosinophils and effector cells in vitro and found that IFN-¦Ã stimulated eosinophils to activate TNF-dependent pathways by increasing the expression of TNFR1 in the cell membrane.This led to macrophage apoptosis."
"Apoptosis","IGF1","insulin like growth factor 1","ENSG00000017427.17","protein_coding",36602878,"IGF-1 injection can inhibit the apoptosis rate of plaque cells_nd IGF-1 can reduce cell death and DNA damage in plaques.In addition, IGF-1 is thought to inhibit oxidized lipid-induced smooth muscle cell apoptosis by activating the IGF-1 receptor."
"Apoptosis","IKBKE","inhibitor of nuclear factor kappa B kinase subunit epsilon","ENSG00000263528.8","protein_coding",21171089,"IKBKE is related to Apoptosis by promoting the resistance of glioma cells to apoptosis through activating NF-¦ÊB. The authors showed that IKBKE mRNA and protein levels are up-regulated in glioma cell lines and human primary glioma tissues. Furthermore, up-regulation of IKBKE can induce the expression of Bcl-2 through activating NF-¦ÊB signalling."
"Apoptosis","IL12A","interleukin 12A","ENSG00000168811.8","protein_coding",31981974,"IL12A is involved in apoptosis by regulating the formation of neutrophil extracellular traps.The experimental results show that the downregulation of IL12A can lead to the formation of neutrophil extracellular traps,resulting in increased cell apoptosis,while the upregulation of IL12A can inhibit apoptosis caused by miR-21 mimic."
"Apoptosis","IL19","interleukin 19","ENSG00000142224.18","protein_coding",18397956,"IL-19 decreased the self-apoptosis caused by serum starvation in RA synovial cells through cell culture experiments and fluorescence microscopy observations. The phosphorylation of signal transducer and activator of transcription 3 (STAT3) was also used as an IL-19 signaling pathway for apoptosis regulation. Similarly, the externalization of annexin V-FITC and the colorimetric method for detecting the activity of caspase-3 also confirmed that IL-19 can inhibit cell apoptosis under serum starvation condition."
"Apoptosis","IL1A","interleukin 1 alpha","ENSG00000115008.6","protein_coding",26022690,"IL-1¦Á participates in apoptosis by being upregulated in response to ER stress-induced liver damage and deficiency of IL-1¦Á reduces ER stress-induced apoptosis and steatohepatitis.It has a dual function and can contribute to CHOP induction intracellularly or accelerate steatohepatitis by inducing inflammatory cytokines.The study concluded that IL-1¦Á plays a role in NASH pathogenesis by promoting ER stress-induced apoptosis."
"Apoptosis","IL1B","interleukin 1 beta","ENSG00000125538.12","protein_coding",36037355,"IL1B is associated with apoptosis mediated by AIM2 inflammasome activation in alveolar epithelial cells. The results suggest that the persistently activated AIM2 molecule in the lungs of chronic obstructive pulmonary disease (COPD) patients promotes lung inflammation and cell death, and IL1B is caused by this persistent activation."
"Apoptosis","IL2","interleukin 2","ENSG00000109471.5","protein_coding",16212899,"The study examined the impact of IL-2 and IL-15 on Fas-mediated apoptosis of BAF-B03 pre-B cells, and found that, unlike IL-15, IL-2 cultured cells were prone to undergo apoptotic cell death upon cross-linking of the Fas receptor."
"Apoptosis","IL20RA","interleukin 20 receptor subunit alpha","ENSG00000016402.14","protein_coding",31953216,"IL20RA is the receptor that mediates apoptosis when induced by IL-20 during myocardial ischemia/reperfusion (I/R) injury in this article. The study results suggest that IL-20 promotes oxidative stress and mitochondrial dysfunction in cardiomyocytes by activating the PKC/NADPH oxidase pathway, thereby increasing I/R injury-induced apoptosis and myocardial damage."
"Apoptosis","IL33","interleukin 33","ENSG00000137033.12","protein_coding",28249897,"It has been found that IL33 prevents chemotherapy-induced apoptosis in tumor cells.Specifically, IL33 activates the JNK signaling pathway, leading to the binding of c-Jun to the promoters of core stem cell genes and the activation of core stem cell genes NANOG, NOTCH3, and OCT3/4. This promotes the stemness properties and resistance of cancer cells, and inhibits tumor cell apoptosis."
"Apoptosis","IL4","interleukin 4","ENSG00000113520.11","protein_coding",28819278,"IL4 induces apoptosis of AML cells, manifested as a decrease in cell numbers and transcriptional profiles rich in apoptosis-related gene expression signatures. This effect is mediated by STAT6 phosphorylation, and disruption of STAT6 using genetic engineering renders cells partially resistant to IL4-induced apoptosis."
"Apoptosis","IL6R","interleukin 6 receptor","ENSG00000160712.13","protein_coding",8977259,"The expression of IL-6 receptor (IL6R) in multiple myeloma (MM) cells is closely related to cell survival and proliferation. The study found that EB1089 can downregulate the expression and production of gp80 (a subtype of IL6R) and induce apoptosis in MM cells, while other cytokines such as IL-6 can partially counteract the effects of EB1089. In addition, the combination of EB1089 and dexamethasone can increase the incidence of cell apoptosis."
"Apoptosis","IL7","interleukin 7","ENSG00000104432.14","protein_coding",7877993,"The expression of interleukin 7 (IL-7) gene is closely related to apoptosis or programmed cell death in chronic B-lymphocytic leukemia (B-CLL) cells. The mRNA for IL-7 was present in leukemic cells from CLL patients, but when placed in culture, the gene expression was downregulated, leading to apoptosis._he study also suggests that regulation of both apoptosis and IL-7 gene expression can be mediated by cell-cell contact with endothelial cells, and the regulation of the apoptotic pathway via integrins results in perpetuating CLL cell viability and IL-7 gene expression."
"Apoptosis","ING2","inhibitor of growth family member 2","ENSG00000168556.7","protein_coding",19432890,"ING2 was found to induce invasion of colorectal cancer cells and premature senescence in normal human fibroblast cells, as well as apoptosis or cell cycle arrest in various adherent cancer cells."
"Apoptosis","ING5","inhibitor of growth family member 5","ENSG00000168395.16","protein_coding",23576563,"As a cofactor of Tip60,ING5 assists Tip60 in acetylating p53 at K120 and promotes the expression of p53-dependent apoptotic genes (BAX and GADD45) in response to DNA damage.The study found that ING5 expression was significantly increased and that ING5 formed a complex with p53 and Tip60,which promotes cells to choose between cell-cycle arrest and apoptosis."
"Apoptosis","INHBA","inhibin subunit beta A","ENSG00000122641.11","protein_coding",36190571,"INHBA is one of the main secreted proteins in ISL1-CM,and it has been shown to participate in the inhibition of STZ-induced INS-1 cell apoptosis.The research results showed that exogenous INHBA co-cultured with INS-1 cells inhibited sensitivity to STZ and increased cell survival rate.In addition,ISL1 can selectively bind to the three potential binding sites on the INHBA promoter,thereby regulating the ability of BMSCs to release INHBA."
"Apoptosis","INHBB","inhibin subunit beta B","ENSG00000163083.6","protein_coding",26063610,"The INHBB gene silencing through RNAi technology can significantly promote apoptosis in mouse granulosa cells.RNAi caused specific downregulation of INHBB,resulting in G1 phase arrest of the cell cycle and increase of apoptosis rate in GCs.Further studies have shown that INHBB is one of the key factors in the growth and development of mouse granulosa cells,which can regulate apoptosis and cell cycle progression,thereby affecting the biological activity of the ovaries through hormone secretion."
"Apoptosis","INS","insulin","ENSG00000254647.7","protein_coding",35194770,"It was found that insulin biosynthesis is related to apoptosis in pancreatic ¦Â-cells through miR-25 and miR-92b.Through various experiments,it was found that miR-25 and miR-92b are upregulated in ¦Â-cells following exposure to inflammation and endoplasmic reticulum stressors,leading to reduced insulin biosynthesis and increased apoptosis.The interactions between miR-25/NEUROD1 and miR-25/MCL1 lead to reductions in insulin biosynthesis and increased ¦Â-cell apoptosis."
"Apoptosis","ITGA6","integrin subunit alpha 6","ENSG00000091409.16","protein_coding",32219444,"ITGA6 is associated with apoptosis through regulating the Src signaling pathway and the expression of the IAP family member survivin.It was found that the anti-human ¦Á6-blocking antibody P5G10 can induce apoptosis in primary ALL cells,sensitizing ALL cells to chemotherapy or tyrosine kinase inhibition in vitro and in vivo.Using a conditional knockout mouse model of ¦Á6,it was further demonstrated that ¦Á6 knockdown induces apoptosis."
"Apoptosis","ITGAM","integrin subunit alpha M","ENSG00000169896.18","protein_coding",16374427,"The study found that ITGAM significantly decreased tubular apoptosis and mitigated kidney damage in neonatal mice with unilateral ureteral obstruction (UUO)."
"Apoptosis","ITGAV","integrin subunit alpha V","ENSG00000138448.13","protein_coding",28905214,"The upregulation of miR-217-5p levels is involved in the induction of cell apoptosis by indirectly regulating the expression of ITGAV.By inhibiting luciferase activity in reporter constructs containing miR-217-5p binding sites in the 3' untranslated region,we found that miR-217-5p indirectly regulates the expression of PRKCI, BAG3, ITGAV, and MAPK1."
"Apoptosis","ITM2C","integral membrane protein 2C","ENSG00000135916.16","protein_coding",14592447,"The study found that disrupting the expression of ITM2C by expressing antisense RNA of ITM2C promoted resistance to TNF-induced cell death by more than 1000-fold in L929 cells, suggesting the involvement of ITM2C in TNF-induced cell death. However, the effect of ITM2C antisense RNA on cell death caused by other apoptotic inducers was found to be highly specific to TNF-induced cell death, indicating that ITM2C plays an important role in TNF-induced cell death specifically. Additionally, overexpression of ITM2C induced apoptosis in L929 cells."
"Apoptosis","ITPR1","inositol 1,4,5-trisphosphate receptor type 1","ENSG00000150995.21","protein_coding",33714537,"ITPR1 was robustly elevated in endometriosis lesions.Knockdown of ITPR1 reduced cell proliferation and induced apoptosis in HESCs.In addition,candidate drugs such as Camptothecin effectively suppressed HESC proliferation and induced apoptosis,while also reducing ITPR1 expression."
"Apoptosis","ITPRIP","inositol 1,4,5-trisphosphate receptor interacting protein","ENSG00000148841.17","protein_coding",34111521,"The ITPRIP-DAPK1 interaction is one of the important molecular mechanisms that affect glioma progression.ITPRIP promotes glioma progression by inhibiting the tumor suppressor death-associated protein kinase 1 (DAPK1) through linking MYL9.DAPK1 plays an important role in promoting cell death, preventing oncogenic transformation,and tumor cell migration,and ITPRIP affects radioresistance induced by high glucose by inhibiting DAPK1 activity.DAPK1 has a C-terminal death domain (DD) involved in regulating apoptosis."
"Apoptosis","IVNS1ABP","influenza virus NS1A binding protein","ENSG00000116679.16","protein_coding",29871674,"Over-expression of IVNS1ABP in ESCC cells significantly enhanced their response to radiotherapy in vitro.In vivo,over-expression of IVNS1ABP could promote the apoptosis of ESCC cells after radiotherapy,and apoptosis is one of the main cell death mechanisms after radiotherapy.In addition,down-regulation of IVNS1ABP will block cells from entering into apoptosis,thus enhancing the radioresistance of ESCC cells."
"Apoptosis","JAK2","Janus kinase 2","ENSG00000096968.14","protein_coding",20160166,"JAK2 plays a role in apoptosis in this paper by inhibiting the signaling pathway that induces cell death and regulating the Bim protein.Moreover,JAK2 inhibition-induced apoptosis is correlated with upregulation of the nonphosphorylated form of Bim.Additionally,the BH3 mimetic ABT-737 can enhance JAK2 inhibition-induced apoptosis and reduce the number of erythroid colonies derived from CD34 cells isolated from patients with myeloproliferative disorders."
"Apoptosis","JMY","junction mediating and regulatory protein, p53 cofactor","ENSG00000152409.9","protein_coding",29857553,"JMY enhances p53 transcriptional activity by forming a complex with p300/CREB,leading to activation of apoptosis.When there is DNA damage, the level of JMY increases,forming a complex with ASPP and Strap to increase the ability of p53 to induce apoptosis."
"Apoptosis","JUN","Jun proto-oncogene, AP-1 transcription factor subunit","ENSG00000177606.8","protein_coding",11007936,"JUN plays an important regulatory role in the process of neuronal apoptosis.In neurons,the JNK/c-Jun signaling pathway is considered to be a key pathway that promotes cellular apoptosis.Research has shown that when neurons face a lack of survival factors or exposure to excitotoxins such as kainic acid,the JNK/c-Jun pathway triggers the process of cellular apoptosis.In the organism,the absence of Jnk3 leads to apoptosis of hippocampal neurons following injection of kainic acid,while Jnk1 and Jnk2 have been shown to play an important role in promoting cellular apoptosis during neural tube development in embryos."
"Apoptosis","KDM1A","lysine demethylase 1A","ENSG00000004487.18","protein_coding",27893719,"KDM1A inhibitors induce apoptosis of GSCs, and in in vivo studies,it was found that oral administration of KDM1A inhibitors significantly inhibited tumor growth of GSCs and improved the survival of mice.The study also shows that KDM1A inhibitors induce the activation of the UPR pathway which is closely related to cell apoptosis."
"Apoptosis","KITLG","KIT ligand","ENSG00000049130.16","protein_coding",25213795,"MiR-34c promotes apoptosis of colorectal cancer cells by down-regulating KITLG expression.Overexpression of miR-34c could reduce cell proliferation and increase cell apoptosis rate.After reverse operation using KITLG-specific siRNA,KITLG expression was significantly decreased,and cell proliferation and invasive capacity were inhibited,while cell apoptosis rate was increased."
"Apoptosis","KRT18","keratin 18","ENSG00000111057.11","protein_coding",24772666,"KRT18 is associated with apoptosis by being cleaved into ccK-18 through the action of caspase,which is mediated by apoptosis. ccK-18 can be detected in the blood to measure the degree of apoptosis.At the same time,KRT18 can also be released into circulation as an early biomarker of cell death."
"Apoptosis","KRT8","keratin 8","ENSG00000170421.13","protein_coding",11973607,"The role of Keratin 8 in apoptosis is to resist the destruction of cellular components.This is particularly evident in TNF and Fas-mediated apoptosis.It is noteworthy that several epithelial cell lines deficient in Keratin 8/K18 IF are more sensitive to apoptosis induced by TNF and cycloheximide.This resistance to TNF is correlated with the ability of K8 to bind with the cytoplasmic domain of TNF receptors."
"Apoptosis","LCK","LCK proto-oncogene, Src family tyrosine kinase","ENSG00000182866.18","protein_coding",9770514,"LCK deficiency leads to cell-cycle arrest at the G2 phase in T cells.Moreover,LCK-deficient cells display hypersensitivity to T cell receptor activation-induced apoptosis,which can be reversed by T cell growth factors.Therefore, LCK is required for cell-cycle progression through the G2-M checkpoint in mature T lymphocytes.Meanwhile,LCK deficiency can cause defects in T lymphocyte cell cycle and hypersusceptibility to apoptosis."
"Apoptosis","LGALS12","galectin 12","ENSG00000133317.16","protein_coding",29316658,"Overexpression of LGALS12 can lead to G1 cell cycle arrest and apoptosis.Some studies have shown that LGALS12 deficiency can increase insulin sensitivity and glucose tolerance in obese animals,while its expression in adipocytes promotes apoptosis."
"Apoptosis","LGALS3","galectin 3","ENSG00000131981.16","protein_coding",16478649,"LGALS3 has opposing effects on cell death depending on whether it is located inside or outside the cell.It is anti-apoptotic when within the cell and pro-apoptotic when outside the cell.There is no direct evidence to support the anti-apoptotic activity of extracellular LGALS3, but its binding to proteins such as the CD95 receptor may be one of the important mechanisms that mediate its pro-apoptotic activity.The anti-apoptotic role of LGALS3 is mainly achieved by preventing mitochondrial damage and inhibiting cytochrome c release,thus down-regulating the activity of caspases."
"Apoptosis","LRRK2","leucine rich repeat kinase 2","ENSG00000188906.17","protein_coding",17114044,"Neurons expressing Parkinsonism-associated mutant forms of LRRK2 undergo apoptosis.In addition,mutant LRRK2 is also associated with the aggregation of phosphorylated tau protein,which is also a pathological feature related to neuronal apoptosis."
"Apoptosis","LTBR","lymphotoxin beta receptor","ENSG00000111321.11","protein_coding",33149305,"Therapeutic inhibition of LT¦ÂR signalling disrupted inducible bronchus-associated lymphoid tissue and induced regeneration of lung tissue.Therefore,inhibition of LT¦ÂR signalling could represent a viable therapeutic option that combines prevention of tertiary lymphoid structures and inhibition of apoptosis with tissue-regenerative strategies.LT¦ÂR-Ag and TNF can induce cell death of lung epithelial cells but using cells without LT¦ÂR can partially restore wound regeneration in the lung."
"Apoptosis","LY96","lymphocyte antigen 96","ENSG00000154589.7","protein_coding",31392080,"The expression of LY96 was significantly decreased in thyroid tumors of ThrbPV/PVPten+/- mice.Insufficient apoptosis of immature tumor cells is an important factor in tumor progression.Other studies have also shown that LY96 can be prepared through biosynthesis technology to reverse induce tumor cell apoptosis and has potential anti-tumor activity."
"Apoptosis","MADD","MAP kinase activating death domain","ENSG00000110514.20","protein_coding",15208670,"MADD (IG20) is a pro-apoptotic protein that is related to TNF-¦Á,TRAIL,and other molecular pathways,and can enhance TRAIL-induced apoptosis.IG20 can enhance the activation of caspases in the death-inducing signaling complex (DISC),and the recruitment of FADD and caspase-8 to the DISC,thereby facilitating DISC formation.The study showed that IG20 interacts with TRAIL death receptors and increases the colocalization of FADD and caspase-8 with DISC,thereby enhancing TRAIL-induced apoptosis."
"Apoptosis","MAEL","maelstrom spermatogenic transposon silencer","ENSG00000143194.13","protein_coding",30082413,"MAEL promotes tumor cell growth and inhibits cell apoptosis in ESCC.Specifically, MAEL upregulates interleukin-8 (IL8) through the Akt1/RelA pathway,which then attracts immunosuppressive cells from the bone marrow to the tumor site."
"Apoptosis","MAGEA3","MAGE family member A3","ENSG00000221867.9","protein_coding",21565982,"Overexpression of MAGEA3 was associated with an increase in the number of malignant cells with Ki-67 positive.Further experiments have shown that although MAGEA does not affect the cell cycle,it is necessary for the survival of proliferating myeloma cells.Loss of MAGEA induces cell apoptosis by activating proapoptotic protein Bax through p53-dependent mechanism and reducing survivin expression through p53-dependent and independent mechanisms."
"Apoptosis","MAP2K5","mitogen-activated protein kinase kinase 5","ENSG00000137764.20","protein_coding",18548009,"Through the expression of activators or inhibitors of MAP2K5,the researchers used the fetal thymic organ culture and hematopoietic stem cell reconstitution system to prove the crucial role of MAP2K5 in TCR-mediated apoptosis.In addition,they also showed the relationship between ERK5 activity and Nur77 family members,emphasizing the differential effects of the MAPK network on T-cell differentiation and apoptosis."
"Apoptosis","MAP3K5","mitogen-activated protein kinase kinase kinase 5","ENSG00000197442.11","protein_coding",8974401,"MAP3K5 (ASK1) was found to be a MAP kinase kinase kinase (MAPKKK) in mammals that can activate two different subgroups of MAP kinase kinases (MAPKK) and play a key role in stress- and cytokine-induced apoptosis.Overexpression of ASK1 induces apoptotic cell death and it is activated in cells treated with tumor necrosis factor-¦Á (TNF-¦Á)."
"Apoptosis","MAPK7","mitogen-activated protein kinase 7","ENSG00000166484.20","protein_coding",26460937,"Silenced MAPK7 gene has an important impact on cell death by increasing caspase gene expression.At the same time,the article also mentions that targeting inhibition of the MAPK7 gene may enhance the effectiveness of known chemotherapy drugs."
"Apoptosis","MAPK8","mitogen-activated protein kinase 8","ENSG00000107643.17","protein_coding",23051914,"Through activating the MAPK8/JNK pathway mediated by TRAF2 and RIPK1,TNFSF10/TRAIL-induced autophagy reduces the cytotoxicity of TNFSF10.In addition,MAPK8-mediated autophagy also promotes TNFSF10-induced apoptosis by degrading BCL2L1 and reducing the formation of the BCL2L1-BECN1 complex."
"Apoptosis","MAPK8IP1","mitogen-activated protein kinase 8 interacting protein 1","ENSG00000121653.11","protein_coding",20508646,"MAPK8IP1 (JIP1) is involved in the regulation of apoptosis by interacting with the Notch1 signaling pathway.By suppressing the interaction between Notch1-IC and RBP-Jk,JIP1 negatively regulates the transactivation of Notch1-IC and affects cell fate decisions,differentiation,and apoptosis processes involved in the Notch1 signaling pathway."
"Apoptosis","MAPK8IP2","mitogen-activated protein kinase 8 interacting protein 2","ENSG00000008735.14","protein_coding",23123629,"Taiwanin A induced programmed cell death through the JNK and p38 MAPK pathways,with JNK being the kinase that phosphorylates Bcl-2.Phosphorylation of Bcl-2 is believed to inhibit its anti-apoptotic activity and enhance cytotoxicity.Silencing the expression of the JNK scaffold protein MAPK8IP2 can inhibit Taiwanin A-induced apoptosis."
"Apoptosis","MAPK9","mitogen-activated protein kinase 9","ENSG00000050748.18","protein_coding",11172026,"MAPK9 plays a crucial role in regulating thymocyte apoptosis and T cell activation,and is associated with molecular effectors such as c-Jun and activated nuclear factor of activated T cells (NF-AT).The JNK signaling pathway is activated in response to T cell antigen receptor (TCR) ligation,and phosphorylates and modifies the activity of transcription factors,including c-Jun and NF-AT, which regulate T cell-specific target genes such as IL-2.MAPK9 appears to play an important role in thymocyte apoptosis, possibly partially mediating it through c-Jun N-terminal phosphorylation."
"Apoptosis","MARCHF7","membrane associated ring-CH-type finger 7","ENSG00000136536.15","protein_coding",29295817,"MARCH7 regulates Apoptosis-related properties of cells by affecting the MDM2-p53 pathway.MARCH7 interacts with MDM2 and promotes MDM2-dependent degradation of p53,thereby regulating cell proliferation,anchorage-independent cell growth,and apoptosis in a p53-dependent manner.MARCH7 regulates cell proliferation and DNA damage-induced apoptosis in a p53-dependent manner."
"Apoptosis","MAZ","MYC associated zinc finger protein","ENSG00000103495.15","protein_coding",36623412,"Lowering levels of MAZ can aid in inducing cell death and prohibiting the growth of hepatocellular carcinoma cells, as evidenced by analyzing cell cycle and apoptosis through flow cytometry."
"Apoptosis","MCL1","MCL1 apoptosis regulator, BCL2 family member","ENSG00000143384.14","protein_coding",36329234,"As an anti-apoptotic protein,MCL1 plays a critical role in delaying apoptosis during mitosis.MCL1 is gradually degraded during mitosis,reducing its anti-apoptotic function.The article reveals the molecular basis of BCL-2 family members that may be involved in promoting apoptotic signals during mitosis and discusses the controversy surrounding ubiquitin ligases related to MCL1 degradation.The experiment shows that MARCH5 regulates mitotic apoptosis through MCL1-dependent and -independent mechanisms,respectively.It determines whether MCL1 has anti-apoptotic function by determining the initial level of MCL1 when entering mitosis and the duration of MCL1 presence during mitotic arrest."
"Apoptosis","MDM2","MDM2 proto-oncogene","ENSG00000135679.27","protein_coding",17349959,"MDM2 promotes the ubiquitylation and degradation of the p53 proapoptotic activator HIPK2,leading to the repression of p53's Ser46 phosphorylation and apoptosis,even in response to non-severe DNA damage that can be reversed through growth-arresting stimuli.This repression is achieved through an active p53-induced,MDM2-mediated inhibition of the p53 apoptotic pathways,leading to the suppression of the apoptosis-specific p53 posttranslational modification at Ser46."
"Apoptosis","MELK","maternal embryonic leucine zipper kinase","ENSG00000165304.8","protein_coding",33262323,"MELK is associated with apoptosis by inducing pyroptosis through other forms of cell death.OTSSP167,a MELK inhibitor,promotes swelling characterized by the typical pyrototic morphology of large bubbles from the plasma membrane in H1299 cells and elongated intercellular bridges of H1975 cells,when these cell lines are treated with the treatment.This could induce pyroptosis through Caspase-3/7-induced activation of GSDME rather than GSDMD."
"Apoptosis","MFF","mitochondrial fission factor","ENSG00000168958.21","protein_coding",31582380,"The complex formed by MFF and VDAC1 can regulate the morphology and size of mitochondria,and is also related to apoptosis.The experimental results showed that cell death can be induced in drug-resistant melanoma cells by disrupting the MFF-VDAC1 complex,but had no effect on normal cells.In addition,the study also found a direct link between the protein isoforms of MFF and effectors of organelle cell death,specifically in cancer."
"Apoptosis","MIF","macrophage migration inhibitory factor","ENSG00000240972.2","protein_coding",33844457,"ICBP90 and GR participate in the formation of a 3-protein transcription factor complex at the MIF-794 CATT5-8 promoter,which elevates MIF expression to reduce apoptotic signaling.The relationship between MIF expression level and apoptosis exhibits a bell-shaped dose-response curve,where high concentrations of hormones can reduce MIF expression and promote apoptosis.The anti-apoptotic effect of MIF is achieved through the regulation of Akt and Bcl-2 expression,and differences in genes such as ICBP90 and MIF can lead to cell apoptosis or promote MIF's protective effect."
"Apoptosis","MIR132","microRNA 132","ENSG00000267200.1","miRNA",34795586,"MIR132 is related to apoptosis through modulating the apoptotic process in cardiomyocytes.MIR132 can play an anti-apoptotic role by activating the phosphatidylinositol-3 kinase/protein kinase B pathway in cardiomyocytes."
"Apoptosis","MIR15A","microRNA 15a","ENSG00000283785.1","miRNA",27458095,"MIR15A is related to apoptosis by inducing or inhibiting cell apoptosis.MIR15A overexpression can induce cell apoptosis,while MIR15A inhibition can increase cell proliferation and decrease cell apoptosis.MIR15A induces or inhibits cell apoptosis by regulating the expression of proteins such as GSK-3B,Bax,and caspase 3."
"Apoptosis","MIR16-1","microRNA 16-1","ENSG00000208006.1","miRNA",28599250,"Low expression of MIR15A and MIR16-1 may lead to an increase in the expression level of the anti-apoptotic protein Bcl-2,thus inhibiting the process of apoptosis.This is because MIR15A and MIR16-1 can suppress the expression of Bcl-2,leading to an increase in the survival rate of tumor cells which eventually develop into CLL."
"Apoptosis","MIR17","microRNA 17","ENSG00000284536.1","miRNA",25077541,"MIR17 plays an important role in regulating apoptosis,and can also regulate cellular lifespan and senescence through its pleiotropic effects.Overexpression of miR-17 can inhibit cellular senescence and increase the lifespan of mice.In addition,miR-17 further inhibits cellular senescence and apoptosis by regulating the expression of the MKP7 gene."
"Apoptosis","MIR198","microRNA 198","ENSG00000284121.1","miRNA",30927924,"The relationship between MIR198 and apoptosis is related to promoting or inhibiting cell apoptosis and increasing cell resistance to chemotherapy drugs in gastric cancer cells.CircAKT3 enhances PIK3R1 expression by sponging miR-198,which inhibits cell apoptosis and increases the resistance of gastric cancer cells to cisplatin.In addition,significant downregulation of miR-198 is associated with a decrease in apoptosis of gastric cancer cells."
"Apoptosis","MIR21","microRNA 21","ENSG00000284190.1","miRNA",25145934,"MIR21 inhibits podocyte death by suppressing pro-apoptotic signals.TGFB1 can regulate the expression of MIR21 and suppress cell apoptosis by inhibiting the expression of BH3-only genes and promoting AKT activation. Under the stimulation of signals.TGFB1, transfection of MIR21 mimic in mouse podocytes can alleviate podocyte apoptosis."
"Apoptosis","MIR210","microRNA 210","ENSG00000199038.1","miRNA",28536634,"MIR210 is closely related to the development of atherosclerosis through its role in promoting endothelial cell apoptosis.The high-fat diet upregulates MIR210 by directly targeting PDK1,inducing cell apoptosis in endothelial cells and promoting the development of atherosclerosis."
"Apoptosis","MIR221","microRNA 221","ENSG00000207870.1","miRNA",20813046,"MIR221 inhibits cell apoptosis by targeting pro-apoptotic gene PUMA,thereby reducing apoptosis.Studies have shown that in human glioma cells,miR-221/222 reduce PUMA protein levels by targeting PUMA-3¡¯UTR,leading to cell survival. Introducing PUMA cDNA without 3¡äUTR abrogated miR-221/222-induced cell survival.On the other hand,knockdown of miR-221/222 induces PUMA expression and significantly reduces cell apoptosis,which can significantly decrease tumor growth in xenograft model."
"Apoptosis","MIR222","microRNA 222","ENSG00000207725.3","miRNA",20813046,"MIR222 regulates apoptosis in glioblastoma and may be potential therapeutic targets for cancer treatment.MIR-222 reduces PUMA protein levels by targeting PUMA-3'UTR, thereby inhibiting apoptosis and promoting cell survival in human glioblastoma cells. Injection of As-miR-221/222 can reduce tumor growth and induce cell apoptosis."
"Apoptosis","MIR26B","microRNA 26b","ENSG00000199121.4","miRNA",24565101,"MIR26B inhibits the expression of the NF-¦ÊB pathway in hepatocellular carcinoma and is involved in the process of apoptosis.MIR26B can increase the sensitivity of HCC to doxorubicin by inhibiting the TNF¦Á- and doxorubicin-activated NF-¦ÊB signaling pathway via targeting TAK1 and TAB3.In HCC cell lines,the introduction of MIR26B can inhibit the phosphorylation of I¦ÊB¦Á and p65,block the nuclear translocation of NF-¦ÊB,reduce NF-¦ÊB reporter activity,and abrogate the expression of NF-¦ÊB target genes.Conversely, the antagonism of MIR26B transfection in HCC cells reduced apoptosis rate."
"Apoptosis","MIR27B","microRNA 27b","ENSG00000207864.3","miRNA",37003179,"MIR27B can prevent apoptosis by reducing the expression of caspase-3 and Bax/Bcl-2 ratio.Experiments have shown that MIR27B can alleviate mitochondrial oxidative stress and inflammation caused by TNF-¦Á in endothelial cells,thus preventing apoptosis."
"Apoptosis","MIR449A","microRNA 449a","ENSG00000198983.1","miRNA",28088579,"It has been shown that miR-449a can inhibit HCC cell proliferation and induce apoptosis.Additionally,miR-449a can attenuate TGF-¦Â signaling in cancer cells,thereby further inhibiting their migration ability."
"Apoptosis","MKNK2","MAPK interacting serine/threonine kinase 2","ENSG00000099875.16","protein_coding",36209049,"Overexpression of MKNK2 can lead to ROS accumulation,an increase in MDA levels,and an increase in apoptosis in cardiomyocytes after high glucose stimulation.In the MAPK pathway,MKNK2 is one of its substrates and is expressed at high levels in various cancers.There are two isoforms of MKNK2 in humans,MKNK2A and MKNK2B.In vitro studies have shown that MKNK2A can activate the p38-MAPK pathway to induce apoptosis,while MKNK2B does not have this effect."
"Apoptosis","MLH1","mutL homolog 1","ENSG00000076242.16","protein_coding",12939400,"In addition to its role in DNA mismatch repair (MMR),MMR proteins can bind to certain DNA lesions and signal p53 and apoptosis by an unknown mechanism.It was found that alkylating agents induced both apoptosis and phosphorylation of the Ser-15 site of p53 in a MLH1-dependent manner,while induction of apoptosis,but not p53 phosphorylation,was MLH1 dependent following treatment with H2O2.Both alkylating agents and H2O2 caused significant inhibition of mRNA synthesis in MLH1-expressing but not in MLH1-deficient cells,suggesting a novel mechanism of MLH1 in inducing p53 and apoptosis by inhibiting RNA polymerase II-dependent transcription on damaged DNA templates."
"Apoptosis","MLLT11","MLLT11 transcription factor 7 cofactor","ENSG00000213190.4","protein_coding",22761939,"MLLT11 is suggested as one of the mediators of apoptosis in ovarian cancer cells.4-HPR treatment enhances MLLT11 expression in cancer cells sensitive to the retinoid and that such upregulation is an important event of the 4-HPR signaling cascade that leads to apoptosis.Finally,by MLLT11 overexpression,the article demonstrates a role of MLLT11 in the onset of basal apoptosis in ovarian cancer cells."
"Apoptosis","MMP9","matrix metallopeptidase 9","ENSG00000100985.7","protein_coding",32170070,"MMP9 mediates apoptosis in high-glucose-induced cardiac stem cell death.Studies have shown that MMP9 is one of the mediators of oxidative stress induced by hyperglycemia,leading to the death of cardiac stem cells.The authors' experiments using CRISPR-Cas9 technology verified the absence of MMP9 in MMP9-/- cardiac stem cells.The results show that MMP9 promotes cell death in hyperglycemic cardiac stem cells via both apoptosis and pyroptosis,and that the absence of MMP9 improves cell viability."
"Apoptosis","MNT","MAX network transcriptional repressor","ENSG00000070444.15","protein_coding",36755068,"Deletion of MNT using Rag1Cre in lymphoid progenitor cells increases the expression of pro-apoptotic BH3-only protein BIM,leading to enhanced apoptosis during normal T cell development.Additionally,loss of MNT reduces the pool of pre-malignant MYC-driven T lymphoid cells and inhibits thymic T lymphomagenesis in T lymphoma-prone VavP-MYC transgenic mice.MNT deletion also prevents T lymphoma development in ¦Ã-irradiated mice by increasing apoptosis of T lymphoid cells."
"Apoptosis","MOAP1","modulator of apoptosis 1","ENSG00000165943.5","protein_coding",35269511,"MOAP1 interacts with the significant apoptosis regulator BAX and regulates genes involved in cellular apoptosis.MOAP1 plays a critical role in mitochondrial-dependent apoptosis and is associated with various diseases such as cancers and neurological diseases."
"Apoptosis","MPV17L","MPV17 mitochondrial inner membrane protein like","ENSG00000156968.9","protein_coding",18772386,"MPV17L protects mitochondria against ROS-induced mitochondrial dysfunction and cell apoptosis.When the expression of MPV17L is reduced,the mitochondrial membrane potential decreases,and cell apoptosis increases.Induction of mitochondrial ROS generation downregulates MPV17L via a ROS-dependent mechanism.Also,it has been found that MPV17L can directly interact with HtrA2 protein and activate its protease activity,which can inhibit mitochondrial superoxide generation,stabilize mitochondrial membrane potential,and prevent apoptosis."
"Apoptosis","MSH2","mutS homolog 2","ENSG00000095002.15","protein_coding",36112059,"MSH2 is a key element involved in the DNA mismatch repair system responsible for recognizing and repairing mispaired bases.Additionally,MSH2 is involved in the recognition of DNA adducts induced by temozolomide (TMZ),which triggers apoptosis and autophagy in tumor cells."
"Apoptosis","MSH6","mutS homolog 6","ENSG00000116062.19","protein_coding",23213348,"After UV-B induced DNA damage, the level of MSH6 protein increases,promoting apoptosis.Cells with MSH6 deficiency are less sensitive to UV-B radiation cytotoxicity and undergo less apoptosis after irradiation.This suggests that UV-B induced apoptosis is partially dependent on MSH6 protein levels."
"Apoptosis","MSX1","msh homeobox 1","ENSG00000163132.8","protein_coding",30127625,"MSX1 can induce G0/G1 arrest and apoptosis in cervical cancer cells by inhibiting Notch signaling.In HeLa cells expressing MSX1,G0/G1 arrest in the cell cycle is significantly increased,and the expression of cleaved PARP and cleaved caspase-3 is strongly upregulated,suggesting that MSX1 can also induce cell death by increasing the expression of molecular markers of apoptosis."
"Apoptosis","MUC1","mucin 1, cell surface associated","ENSG00000185499.17","protein_coding",34207342,"In some cases,MUC1 promotes cancer cell growth and survival,while in other cases,MUC1 can inhibit cell apoptosis.For example,MUC1-C can inhibit stress-induced apoptosis and promote the growth and survival of pancreatic cancer cells.On the other hand,knockdown of MUC1 can inhibit cell proliferation,enhance cell-cell aggregation,and induce cell apoptosis."
"Apoptosis","MUL1","mitochondrial E3 ubiquitin protein ligase 1","ENSG00000090432.7","protein_coding",35638168,"MUL1 can have different functions of promoting or inhibiting apoptosis,depending on the interaction of its specific substrate.Under the mediation of MUL1,DRP1 is the central substrate for MUL1-mediated SUMOylation,which plays a major role in programmed cell death.However,when interacting with other proteins,such as the tumor suppressor p53,MUL1 promotes ubiquitination and downregulates mitochondrial p53,inhibiting apoptosis."
"Apoptosis","MYBBP1A","MYB binding protein 1a","ENSG00000132382.15","protein_coding",35034103,"MYBBP1A promotes the degradation of the p53 protein in the nucleolus,but it also enhances p53 activity by promoting p300-mediated p53 acetylation,thereby promoting apoptosis."
"Apoptosis","NACC2","NACC family member 2","ENSG00000148411.8","protein_coding",33643817,"NACC2 is a subtype of TRKs overexpressed in gastric and lung cancers.The article also suggests that NACC family members play an essential role in regulating neuronal apoptosis."
"Apoptosis","NANOS3","nanos C2HC-type zinc finger 3","ENSG00000187556.8","protein_coding",33199444,"NANOS3 is related to apoptosis by protecting embryonic germ cells from cell death,which remains even after the germ cells enter the gonad.There is a checkpoint for germ cell viability at an early stage of embryonic development (E13.5),and NANOS3 mRNA expression stops after E13.5 in female germ cells,thus their successful meiotic entry may protect them from continued apoptosis.However,in male germ cells,NANOS2 expression is associated with cell death at this stage and NANOS3 can only function in male germ cells in the presence of NANOS2."
"Apoptosis","NBN","nibrin","ENSG00000104320.15","protein_coding",15821748,"NBN gene defects can lead to apoptosis of brain nerve cells.The NBN gene is associated with the ATM and p53 pathways,and the ATM and p53 response to DNA double-strand breaks is crucial.When the NBN gene is inactivated in mouse neural tissues, similar to typical neurological abnormalities of AT, ATLD, and NBS, including growth retardation,microcephaly,cerebellar defects,and ataxia would be caused.Meanwhile,there is a significant increase in cell apoptosis in NBN-CNS-del cerebella,and the phosphorylation level of p53 is significantly increased,and the expression level of p21 is significantly increased."
"Apoptosis","NCK1","NCK adaptor protein 1","ENSG00000158092.7","protein_coding",24086708,"Studies have shown that NCK1 can accumulate in the nucleus after DNA damage and inhibit the phosphorylation of p53,thereby preventing apoptosis from occurring.However,both NCK1 and NCK2 can accumulate in the nucleus after DNA damage,and their depletion leads to increased phosphorylation of p53 and apoptosis.Therefore,NCK1 and NCK2 may have overlapping functions after DNA damage,and can regulate the occurrence of apoptosis."
"Apoptosis","NCK2","NCK adaptor protein 2","ENSG00000071051.14","protein_coding",24086708,"NCK2 is related to apoptosis,as its depletion leads to premature cell death following DNA damage.Although NCK1 and NCK2 have redundant functions in this aspect,the research found that the loss of NCK2 more significantly activated caspases and promoted apoptosis."
"Apoptosis","NDUFA13","NADH:ubiquinone oxidoreductase subunit A13","ENSG00000186010.19","protein_coding",29078279,"NDUFA13 has a regulatory effect on apoptosis.It has been found that a moderate down-regulation of NDUFA13 can provide cell protection against apoptosis through the use of reactive oxygen species (ROS) as a second messenger,ultimately reducing superoxide burst and decreasing infarct size during ischemia-reperfusion (I/R) injury.In addition,down-regulated NDUFA13 resulted in the activation of STAT3 signaling,which has been shown to increase survival in tumor cells."
"Apoptosis","NDUFS3","NADH:ubiquinone oxidoreductase core subunit S3","ENSG00000213619.11","protein_coding",16826196,"NDUFS3 plays a role in apoptosis by regulating the production of reactive oxygen species (ROS) in MRC complex I.IFN-b and RA have synergistic apoptotic effects in cancer treatment,but the mechanism of action is unclear.The study found that IFN-b/RA upregulates the expression of MRC complex subunits,including NDUFS3,which modulate ROS production and late gene expression,leading to cell death.Knockdown of NDUFS3 leads to a decrease in ROS production and apoptosis in cancer cell lines.The MRC is essential for apoptosis,regulating ROS production and cytochrome c release."
"Apoptosis","NFATC4","nuclear factor of activated T cells 4","ENSG00000100968.14","protein_coding",31379853,"When cochlear hair cells were challenged by ototoxic drugs or noise exposure,NFATC4 was activated,translocated into the nucleus,enhanced the expression of TNF and its downstream targets, leading to hair cell apoptosis.Meanwhile, NFATC4-deficient hair cells were less sensitive to ototoxic drugs and noise exposure compared to wild type controls.The TNF-mediated apoptosis pathway was attenuated in NFATC4-deficient cochlear epithelium."
"Apoptosis","NFE2L2","NFE2 like bZIP transcription factor 2","ENSG00000116044.17","protein_coding",31452195,"NFE2L2 is a transcription factor associated with regulation of genes involved with antioxidant response to cellular stress,such as exposure to radiation,oxidative stress and cytotoxic chemicals.Meanwhile,NFE2L2 is a key regulatory gene of proteasome function,which in turn affects the development of T-cell leukemia/lymphoma.In addition,inhibiting the proteasome can increase the expression of an inhibitor of NF-KB and protein accumulation, thereby activating the NF-KB pathway and inducing apoptosis."
"Apoptosis","NGF","nerve growth factor","ENSG00000134259.6","protein_coding",23696568,"In prostate and colon cancer cells, NGF receptors and androgens can regulate apoptosis.Testosterone can exert pro-apoptotic effects in prostate and colon cancer cells through a membrane-initiated mechanism,while DHEA can activate NGF receptors,thus regulating cell fate.DHEA activates both TrkA and p75NTR receptors,while ineffective testosterone enhances cell apoptosis,inhibiting the prosurvival effects of NGF and DHEA,and antagonizing their ability to activate TrkA and p75NTR."
"Apoptosis","NGFR","nerve growth factor receptor","ENSG00000064300.9","protein_coding",35745143,"NGFR can regulate the death of many tumor cells,including autophagy and apoptosis.In various tumors,NGFR plays a role in regulating cell growth,invasion,metastasis,autophagy,and apoptosis.However, the response of different types of cells to NGFR varies depending on the cell type and differentiation status."
"Apoptosis","NKX3-1","NK3 homeobox 1","ENSG00000167034.10","protein_coding",20599703,"NKX3-1 can promote the apoptosis process of prostate cancer cells induced by TNF-a and CHX.In addition,the study also found that NKX3-1 can increase the expression and activity of Caspase-3,thereby enhancing the sensitivity of prostate cancer cells to apoptosis inducers."
"Apoptosis","NLE1","notchless homolog 1","ENSG00000073536.18","protein_coding",36219392,"The loss of NLE1 leads to an increase in apoptosis in tumor cells.By generating NLE1-deficient human colonic epithelial cell lines and IGF2BP1-overexpressing HCT116 cell lines using CRISPR/Cas9 editing technology,NLE1 deficiency resulted in cell cycle arrest and failure to progress towards G1 or G2 phases of the cell cycle and increased proportion of cells undergoing apoptosis.Under some conditions,such as TP53-deficient cell lines,this increase in apoptosis is further enhanced."
"Apoptosis","NME5","NME/NM23 family member 5","ENSG00000112981.5","protein_coding",22325559,"NME5 can attenuate gemcitabine-induced apoptosis.In samples and cell lines with high expression of NME5 in human pancreatic cancer,NME5 can inhibit gemcitabine-induced cell cycle arrest and apoptosis,leading to a lower sensitivity of the cells to gemcitabine."
"Apoptosis","NMT1","N-myristoyltransferase 1","ENSG00000136448.13","protein_coding",19796608,"NMT1 plays an important role in neutrophil apoptosis.The study found that NMT1 expression increased in activated neutrophils and knockdown of NMT1 promoted spontaneous death of neutrophils.This finding indicates that NMT1 has a significant role in regulating neutrophil lifespan."
"Apoptosis","NOC2L","NOC2 like nucleolar associated transcriptional repressor","ENSG00000188976.11","protein_coding",29490983,"NOC2L plays a key role in skin development,and its loss in epidermal cells prevents proliferation and promotes programmed cell death.It has been found in a previous study that NOC2L can interact with the tumor suppressor gene p53 and that the level of p53 acetylation increases after NOC2L is removed."
"Apoptosis","NOG","noggin","ENSG00000183691.6","protein_coding",22628200,"NOG plays a crucial role in regulating apoptosis in BMP2-induced osteoblasts,and reduced expression of NOG led to increased apoptosis in osteoblasts,indicating a relationship between NOG and osteoblast survival."
"Apoptosis","NOL3","nucleolar protein 3","ENSG00000140939.15","protein_coding",28232469,"Apoptosis repressor with caspase recruitment domain (ARC),encoded by NOL3,is an anti-apoptotic protein that can inhibit cell apoptosis in various tissues.In this study, the researchers found that loss of the Nol3 gene led to the development of MPN in mice, characterized by enhanced cell proliferation and activation of tumor-related genes.In addition,this study found that NOL3 expression levels were decreased in a subset of patients with myeloid malignancies."
"Apoptosis","NONO","non-POU domain containing octamer binding","ENSG00000147140.17","protein_coding",32168434,"Knockdown/deficiency of NONO significantly increases cell apoptosis,including early apoptosis and late apoptosis,and the apoptosis is mediated by the activation of caspase-3 and then led to PARP binding to target DNA.Meanwhile,Polypyrimidine tract-binding protein (PTB) is critical in apoptosis.HNRNPA1 decreases in association with PTB and NONO interferes with the association between HNRNPA1 and PTB.This results in the stabilization of HNRNPA1,which accelerates apoptosis rates by changing gene expression at the post-transcriptional level."
"Apoptosis","NOS3","nitric oxide synthase 3","ENSG00000164867.11","protein_coding",12594242,"Overexpression of NOS3 can lead to neuronal apoptosis.Overexpression of NOS3 can cause an increase in the levels of several proteins,including p53, p21/Waf1,Bax,and CD95,which leads to mitochondrial dysfunction and an increase in cellular oxidative stress levels.These adverse effects are related to the instability of the endoplasmic reticulum and even the cell membrane,rather than directly related to the synthesis of NO."
"Apoptosis","NOX1","NADPH oxidase 1","ENSG00000007952.18","protein_coding",20171273,"NOX1 can suppress the acetylation modification of p53 by interacting with SIRT1,thus inhibiting the apoptotic function of p53.NOX1 is an enzyme that generates superoxide and H2O2,and overexpression is involved in the control of NOX1 activity by regulatory components in fibroblasts.The upregulation of NOX1 expression is associated with the suppression of p53's apoptotic function.The downregulation of NOX1 can activate the apoptotic function of p53."
"Apoptosis","NR4A2","nuclear receptor subfamily 4 group A member 2","ENSG00000153234.16","protein_coding",15548686,"NR4A2 exhibits apoptosis suppression effects in both non-transformed HeLaHF revertant cells and experimental cancer cell lines. The downregulation of NR4A2 results in cells losing their ability to grow without adhesion and causes an increase in anoikis. Meanwhile, the downregulation of NR4A2 and NR4A1 also promotes intrinsic apoptosis."
"Apoptosis","NUPR1","nuclear protein 1, transcriptional regulator","ENSG00000176046.9","protein_coding",36258210,"NUPR1 is involved in apoptosis pathway by regulating the generation of ROS after radiation injury.The apoptosis level was significantly reduced in HCC cells with NUPR1 overexpression or HGPRT stable mutant,compared with control group.More PARP and cleaved caspase-3 were detected by Western blot."
"Apoptosis","OPA1","OPA1 mitochondrial dynamin like GTPase","ENSG00000198836.11","protein_coding",16839872,"OPA1 is related to apoptosis, mainly by maintaining the mitochondrial cristae structure.When the mitochondrial cristae undergo remodeling,OPA1 is cleaved by the rhomboid protease PARL into short forms,which dissolve in the mitochondrial cristae and maintain the bottleneck configuration,thereby controlling the release of cytochrome c during apoptosis."
"Apoptosis","P2RX4","purinergic receptor P2X 4","ENSG00000135124.16","protein_coding",30362154,"The expression of P2RX4 increases in glioblastoma cells,and blocking P2RX4 expression can inhibit the growth and proliferation of glioblastoma cells while promoting apoptosis.When the expression of P2RX4 is silenced,it inhibits the BDNF/TrkB signaling pathway,thereby inhibiting the expression of activated transcription factor 4 (ATF4).This indicates that P2RX4 plays a crucial role in cell apoptosis in the BDNF/TrkB/ATF4 signaling pathway."
"Apoptosis","P2RX7","purinergic receptor P2X 7","ENSG00000089041.17","protein_coding",34339014,"P2RX7 can induce cell apoptosis and play an anticancer role by regulating the expression of apoptosis-related proteins CASP8,CASP9,and CASP3.In UBUC patients,P2RX7 protein levels are positively correlated with EMP2 protein levels,and low P2RX7 protein levels are associated with poor disease-specific and metastasis-free survival."
"Apoptosis","P4HB","prolyl 4-hydroxylase subunit beta","ENSG00000185624.16","protein_coding",33732415,"P4HB is involved in promoting stress-induced apoptosis and muscle atrophy. EVs derived from esophageal squamous cell carcinoma (ESCC) contain P4HB, which is a critical mediator of muscle wasting, and P4HB's overexpression can promote hepatocellular carcinoma cell growth and epithelial-to-mesenchymal transition (EMT). Treatment with a P4HB inhibitor prevents cell apoptosis, improves body weight loss, and ameliorates muscle wasting in mice."
"Apoptosis","PAK2","p21 (RAC1) activated kinase 2","ENSG00000180370.10","protein_coding",30940647,"PAK2 has a dual role in cell apoptosis.The full-length PAK2 can inhibit negative apoptotic signals by phosphorylating BAD,thus preventing cell apoptosis.However,the C-terminal cleavage product of PAK2 is a constitutively active PAK2-p34 that can stimulate programmed cell death.The activation of PAK2 and cell survival are limited by the amplitude of the applied force,with low-amplitude physiological forces protecting PAK2 from proteolytic degradation to ensure cell survival,while high-amplitude forces expose PAK2 and stimulate apoptosis."
"Apoptosis","PAK5","p21 (RAC1) activated kinase 5","ENSG00000101349.17","protein_coding",33867848,"PAK5 is related to apoptosis by inhibiting AIF from entering the nucleus, thus reducing AIF nuclear translocation and alleviating apoptosis."
"Apoptosis","PARK7","Parkinsonism associated deglycase","ENSG00000116288.13","protein_coding",34645791,"PARK7 is an antioxidant protein that can enhance cell resistance to oxidative stress and stress-induced apoptosis, clear excessive reactive oxygen species, maintain mitochondrial function, and inhibit stress-induced apoptosis."
"Apoptosis","PARP1","poly(ADP-ribose) polymerase 1","ENSG00000143799.14","protein_coding",35028975,"PARP1 plays an important role in regulating cell apoptosis, and overactivation can deplete cellular energy and induce apoptosis."
"Apoptosis","PARP2","poly(ADP-ribose) polymerase 2","ENSG00000129484.14","protein_coding",25501596,"PARP2 controls the lifespan of red blood cells and affects whether immature red blood cells enter the apoptotic pathway after DNA damage. The researchers found that PARP2 deficiency leads to a shortened lifespan of erythrocytes, impaired differentiation of erythroid progenitors, and replicative stress, limiting the expansion of red blood cells."
"Apoptosis","PAWR","pro-apoptotic WT1 regulator","ENSG00000177425.11","protein_coding",17185378,"PAWR is a protein that regulates cell apoptosis by importing Bax and Bad to mitochondria.PAWR induces cancer cell apoptosis through p53- and PTEN-independent pathways and is a potential target for cancer therapy."
"Apoptosis","PCGF2","polycomb group ring finger 2","ENSG00000277258.5","protein_coding",35427425,"PCGF2 mediates proliferation, migration, and invasion of melanoma cells and inhibits apoptosis by downregulating the expression of miR-1306-5p. Upregulation of miR-1306-5p can suppress proliferation, migration, and invasion of melanoma cells, promote apoptosis, and its mechanism of action is to target and regulate the expression of the PCGF2 gene."
"Apoptosis","PDCD10","programmed cell death 10","ENSG00000114209.15","protein_coding",35848121,"PDCD10 plays an important role in regulating cell apoptosis, and can either inhibit or promote cell apoptosis under different conditions, subject to the regulation of the body. In the study, overexpression of PDCD10 inhibited apoptosis in osteosarcoma cells while activating the EMT pathway, thus promoting the proliferation, migration, and invasion of osteosarcoma cells, which is negatively correlated with the inhibition of cell apoptosis."
"Apoptosis","PDCD5","programmed cell death 5","ENSG00000105185.12","protein_coding",25444898,"PDCD5 is a tumor suppressor that plays a positive role in p53-mediated apoptosis. PDCD5 forms a complex with Tip60 to promote the acetylation of p53 at the Lys-120 site, thus promoting the cell's response to DNA damage. In addition, PDCD5 also interacts with BAX to mediate the release of cytochrome C."
"Apoptosis","PDCD6","programmed cell death 6","ENSG00000249915.9","protein_coding",22712728,"Studies have found that PDCD6 is a novel p53-responsive gene that can accumulate in the nucleus after DNA damage and induce cell apoptosis. Knockdown of the PDCD6 gene suppresses p53-dependent apoptosis, cytochrome c release, and the cleavage of PARP by caspase-3. In addition, the study also found that PDCD6 may be involved in calcium-dependent apoptosis. "
"Apoptosis","PDIA3","protein disulfide isomerase family A member 3","ENSG00000167004.14","protein_coding",25697356,"Studies have shown that PDIA3 has a pro-apoptotic function in apoptotic signaling by inducing mitochondrial outer membrane permeabilization (MOMP) through activating Bak. In addition, reducing PDIA3 expression can alleviate apoptotic signaling, while increasing PDIA3 expression intensifies apoptotic signaling."
"Apoptosis","PDK1","pyruvate dehydrogenase kinase 1","ENSG00000152256.14","protein_coding",29104535,"PDK1 is involved in regulating neuronal survival during cortical development.PDK1 deficiency leads to neuron loss and increased apoptosis in the cortex of mice.PDK1, together with c-Jun N-terminal kinase (JNK),regulates apoptosis."
"Apoptosis","PDK2","pyruvate dehydrogenase kinase 2","ENSG00000005882.12","protein_coding",29070699,"It was found that PDK2 was up-regulated in the arterial wall of patients with pulmonary arterial hypertension and was found to inhibit apoptosis and promote cell proliferation by inhibiting mitochondrial function in the pulmonary hypertension model."
"Apoptosis","PDPK1","3-phosphoinositide dependent protein kinase 1","ENSG00000140992.19","protein_coding",25269480,"PDPK1 is a crucial signaling mediator in multiple myeloma proliferation and survival.Inhibition of PDPK1 can activate BIM and BAD and enhance the cytotoxic effects of antimyeloma agents.PDPK1 knockdown can exert anti-multiple myeloma effects by inducing cell cycle arrest and apoptosis in KMS-18 cells."
"Apoptosis","PDX1","pancreatic and duodenal homeobox 1","ENSG00000139515.6","protein_coding",12697734,"The apoptosis rate of ¦Â cells in PDX1 heterozygous mice increases, which is related to the coordination of cell apoptosis and can be regulated by PDX1. Low PDX1 expression is related to increased islet apoptosis in the Psammomys obesus model and diabetes."
"Apoptosis","PEA15","proliferation and apoptosis adaptor protein 15","ENSG00000162734.13","protein_coding",22179576,"PEA15 is an important molecular switch that regulates apoptosis by inhibiting Fas-mediated apoptosis through binding with FADD. In its unphosphorylated state, PEA15 binds to ERK and sequesters it in the cytoplasm, thus regulating cell proliferation. However, when phosphorylated, it binds to FADD and affects apoptosis."
"Apoptosis","PELI3","pellino E3 ubiquitin protein ligase family member 3","ENSG00000174516.15","protein_coding",24113711,"PELI3 regulates cell apoptosis by inhibiting the formation of complex II and caspase 8-mediated cleavage of RIP1 induced by TNF. PELI3 deficiency makes cells more sensitive to TNF-induced apoptosis."
"Apoptosis","PERP","p53 apoptosis effector related to PMP22","ENSG00000112378.12","protein_coding",10733530,"PERP is a downstream mediator of p53-dependent apoptotic pathway and can induce cell death."
"Apoptosis","PF4","platelet factor 4","ENSG00000163737.5","protein_coding",22929979,"PF4 induces apoptosis, inhibits the proliferation of multiple myeloma cells and induces them to enter apoptosis. PF4 has been found to be an effective apoptotic agent in multiple myeloma (MM) cell lines and primary MM cells. PF4 negatively regulates STAT3 and inhibits constitutive and interleukin-6-induced phosphorylation of STAT3, which helps regulate proliferation, apoptosis, and angiogenesis in MM by regulating the expression of its target genes. PF4 can also induce apoptosis by binding to Lipoprotein receptor-related protein-1(LRP1). Knockdown LRP1 expression can completely abolish the pro-apoptotic effect of PF4."
"Apoptosis","PHLDA3","pleckstrin homology like domain family A member 3","ENSG00000174307.7","protein_coding",19203586,"PHLDA3 induces apoptosis by inhibiting Akt activity through its PH domain. Therefore, it acts as a tumor suppressor in lung endocrine tumors and is also a downstream mediator of p53-dependent apoptosis."
"Apoptosis","PIAS4","protein inhibitor of activated STAT 4","ENSG00000105229.7","protein_coding",31943317,"Experiments in the article show that PIAS4 silencing significantly promotes apoptosis of Huh-7 and HepG-2 cells. On the other hand, PIAS4 upregulation promotes the growth, migration, and invasion of hepatocellular carcinoma cells."
"Apoptosis","PIDD1","p53-induced death domain protein 1","ENSG00000177595.19","protein_coding",34256011,"PIDD1 participating in the signal transduction pathway after DNA damage to activate caspase-2,ultimately leading to apoptosis.When FANCI fails to repair Interstrand crosslinks,it interacts with PIDD1,thereby participating in cellular apoptosis."
"Apoptosis","PIH1D1","PIH1 domain containing 1","ENSG00000104872.11","protein_coding",21078300,"PIH1D1 can interact with Monad and RPAP3 to regulate apoptosis in U2OS cells. The research results also show that knockdown of PIH1D1 promotes caspase activation, which increases the possibility of apoptosis."
"Apoptosis","PIK3R1","phosphoinositide-3-kinase regulatory subunit 1","ENSG00000145675.16","protein_coding",30497511,"PIK3R1 is highly expressed in hepatocellular carcinoma (HCC), and its knockdown inhibits the proliferation and migration of HCC cell lines and promotes apoptosis. Specifically, knockdown of PIK3R1 downregulates the expression of p-PI3K, p-AKT, and p-mTOR in MHCC97H and HCCLM3 cells."
"Apoptosis","PINK1","PTEN induced kinase 1","ENSG00000158828.8","protein_coding",20049715,"PINK1 can protect cells against oxidative stress-induced apoptosis, which is related to the pathogenesis of Parkinson's disease. In the absence of PINK1, cells are more susceptible to apoptosis after exposure to mitochondrial toxins. Conversely, overexpression of wild-type PINK1 can protect cells against death mediated by chemical insults."
"Apoptosis","PLAGL2","PLAG1 like zinc finger 2","ENSG00000126003.7","protein_coding",11832486,"PLAGL2 expression causes cells to enter the G0/G1 phase of the cell cycle and causes DNA fragmentation. Transfecting PLAGL2 cDNA can be used to judge cell apoptosis through multiple experiments such as TUNEL, DNA fragmentation, propidium iodide staining, and the binding of annexin V. The study also demonstrates that the regulation of Nip3 is a direct factor of PLAGL2 inducing cell apoptosis, which comes from the transcriptional activation of PLAGL2."
"Apoptosis","PLAUR","plasminogen activator, urokinase receptor","ENSG00000011422.12","protein_coding",22573309,"The downregulation of PLAUR (urokinase-type plasminogen activator receptor) enhances radiation-induced apoptosis in glioblastoma multiforme (GBM) cells, reduces the expression of Survivin in GBM cells, and enhances DNA damage to induce apoptosis. Survivin is a member of the inhibitor of apoptosis protein family with anti-apoptotic activity."
"Apoptosis","PLEKHF1","pleckstrin homology and FYVE domain containing 1","ENSG00000166289.6","protein_coding",18056442,"PLEKHF1 is a protein that mediates apoptosis by interacting with phosphorylated p53, triggering lysosomal destruction and apoptosis. It was found that phosphorylated p53 can translocate to lysosomes via forming complexes with adaptor protein LAPF and subsequently result in LMP and apoptosis in a transcription-independent manner."
"Apoptosis","PLSCR3","phospholipid scramblase 3","ENSG00000187838.17","protein_coding",25479087,"PLSCR3 is involved in various apoptosis pathways,such as UV and tBid-induced apoptosis,TNF-related apoptosis-inducing ligand (TRAIL) and cardiolipin-induced mitochondrial apoptosis,PKC¦Ä-induced apoptosis.In addition,PLSCR3 also induces LPS-stimulated microbial exotoxin-induced DNA fibroblast growth factor (FGF2)-dependent T cell apoptosis."
"Apoptosis","PMAIP1","phorbol-12-myristate-13-acetate-induced protein 1","ENSG00000141682.12","protein_coding",34193827,"PMAIP1 is a gene that regulates cell apoptosis. It encodes the PUMA protein, an important member of the p53 family. The study found that the apoptotic response to genotoxic stress requires p53 and Puma, while ER stress-induced apoptosis requires p63 and Puma, and oxidative stress-induced apoptotic response requires p63, Noxa, and Puma.Puma is a common mediator in these stress pathways, and that a Puma inhibitor may have therapeutic application."
"Apoptosis","PML","PML nuclear body scaffold","ENSG00000140464.20","protein_coding",18931695,"PML is an essential tumor suppressor gene that can regulate various cellular functions, including apoptosis, by regulating PML nuclear bodies (PML-NBs). PML does not regulate apoptosis in a linear way but rather in a finely tuned regulatory network that depends on the cellular context and the apoptotic stimulus. PML is involved in multiple apoptotic pathways as a growth suppressor, exerting a tumor-suppressive role. It participates in regulating the activity of various proteins involved in different pathways. "
"Apoptosis","POLB","DNA polymerase beta","ENSG00000070501.12","protein_coding",25552414,"Deficiency of POLB inhibits autophagy, exacerbates intracellular A¦Â accumulation, and increases apoptotic response.The lack of Pol¦Â leads to neuronal death, early synaptic dysfunction, and apoptotic responses, accelerating Alzheimer's disease progression and cognitive decline. The DNA damage-induced apoptotic response can result in cell death, and sub-lethal levels of apoptosis can also act as a potent inhibitor of autophagy."
"Apoptosis","POU4F1","POU class 4 homeobox 1","ENSG00000152192.8","protein_coding",18421303,"POU4F1 is a transcription factor that interacts with p73 isoforms arising from neural crest during neuronal development or injury, affecting the cell fate of sensory neurons. Research has shown that POU4F1 physically interacts with specific p73 isoforms and cooperatively regulates cell fate. Co-expression of TAp73 and POU4F1 enhances cell cycle arrest, while cooperation between POU4F1 and DNp73 increases protection from apoptosis. "
"Apoptosis","POU4F2","POU class 4 homeobox 2","ENSG00000151615.3","protein_coding",17145718,"POU4F2 can affect cell death decisions by modulating the action of p53, and its effects with p53 depend on the cell type. For example, in neuronal cells, co-expression of POU4F2 with p53 promotes cell cycle arrest and survival, while in other types of cells such as cancer cells, POU4F2 expression may promote cell proliferation by regulating downstream p53 target gene expression, or enhance the transcription of the apoptotic gene Bax by co-expression with p53, leading to cell death."
"Apoptosis","PPARD","peroxisome proliferator activated receptor delta","ENSG00000112033.14","protein_coding",19838202,"PPARD promotes macrophage engulfment of apoptotic cells and exerts transcriptional activity during apoptosis. PPARD acts as a ""transcriptional sensor"" that is activated when macrophages engulf apoptotic cells. Genetic deletion of PPARD leads to impaired macrophage uptake of apoptotic cells and reduced production of anti-inflammatory cytokines. PPARD plays a critical role in coordinating the timely processing of apoptotic cells for maintaining self-tolerance. PPARD encourages macrophage engulfment of apoptotic cells by regulating the expression of opsonins, which help macrophages recognize the unique chemical composition of surface molecules on apoptotic cells."
"Apoptosis","PPIA","peptidylprolyl isomerase A","ENSG00000196262.15","protein_coding",31494257,"PPIA encodes Cyclophilin A (CyPA),which plays a critical role in inflammation and cell death.CyPA promotes apoptosis,vascular smooth muscle cell migration and proliferation,endothelial cell adhesion molecule expression,inflammatory cell chemotaxis,and apoptosis by activating the cell apoptotic and inflammatory signaling pathways."
"Apoptosis","PPIF","peptidylprolyl isomerase F","ENSG00000108179.14","protein_coding",22719850,"PPIF encodes Cyclophilin D,a key protein that regulates the permeability transition pore of mitochondria.The opening of PTP can lead to mitochondrial damage and cell apoptosis."
"Apoptosis","PPM1F","protein phosphatase, Mg2+/Mn2+ dependent 1F","ENSG00000100034.14","protein_coding",28906490,"PPM1F can affect apoptosis by negatively regulating the TAK1 signaling pathway. When cells are stimulated by DNA damage and other factors, TAK1 is activated and plays an important role in the IKK-NF-¦ÊB pathway, leading to an increase in the transcription of anti-apoptotic proteins and higher cell survival. However, when the level of PPM1F is high, the cells are more susceptible to apoptosis induced by apoptotic agents, including etoposide."
"Apoptosis","PPP1CA","protein phosphatase 1 catalytic subunit alpha","ENSG00000172531.16","protein_coding",35080339,"PPP1CA can inhibit cell apoptosis by suppressing the ROS/mitogen-activated protein kinase/caspase-3 signaling pathway and promoting M2 macrophage polarization to inhibit pyroptosis in adipocytes."
"Apoptosis","PPP1R13B","protein phosphatase 1 regulatory subunit 13B","ENSG00000088808.18","protein_coding",28594407,"PPP1R13B directly interacts with p53 and selectively regulates its transcriptional activity to promote apoptosis, and is associated with carcinogenesis and cytotoxic resistance. This study identifies an inter-regulatory loop between PPP1R13B and Early Growth Response 1 (EGR-1), which promotes apoptosis by inhibiting cytoprotective autophagy, providing new insights into EGR-1/PPP1R13B regulatory loop in improving cancer's response to pro-apoptosis treatments."
"Apoptosis","PPP1R15A","protein phosphatase 1 regulatory subunit 15A","ENSG00000087074.9","protein_coding",12813455,"PPP1R15A protein is closely related to apoptosis by modulating the activity of PP1 and interacting with proteins that regulate phosphatase activity. PPP1R15A can substitute the carboxyl region similarity with HSV1 ICP34.5 and African swine fever virus NL for the similar ICP34.5 region to prevent apoptosis of HSV1-infected cells. Overexpression of PPP1R15A can lead to apoptosis."
"Apoptosis","PPP2R1B","protein phosphatase 2 scaffold subunit Abeta","ENSG00000137713.16","protein_coding",32654205,"Studies have shown that inhibiting PPP2R1B expression in AML12 cells results in cell apoptosis, indicating a possible negative correlation between PPP2R1B and apoptosis."
"Apoptosis","PPP3CC","protein phosphatase 3 catalytic subunit gamma","ENSG00000120910.15","protein_coding",34573382,"The protein encoded by PPP3CC is a phosphatase that can inhibit the activity of apoptosis-related molecules such as AKT in the signal transduction process, thereby inhibiting apoptosis and promoting malignant cell growth. MiR-200c-3p is the main regulatory gene of EOC, and its high expression level can inhibit cell apoptosis by downregulating PPP3CC expression and promoting AKT pathway activation. PPP3CC has a regulatory relationship with Bcl-2, which is an apoptosis-related protein. When PPP3CC expression levels are upregulated, Bcl-2 expression is inhibited, which accelerates cell apoptosis."
"Apoptosis","PPP3R1","protein phosphatase 3 regulatory subunit B, alpha","ENSG00000221823.11","protein_coding",20037164,"PPP3R1 encodes one of the regulatory subunits of calcineurin, which acts as a protein phosphatase and responds to increases in intracellular calcium levels. Calcineurin has been shown to play a regulatory role in cell apoptosis. Studies suggest that PPP3R1 mutations lead to abnormal intranuclear localization of calcineurin, which can trigger cell apoptosis and tumors."
"Apoptosis","PRDX2","peroxiredoxin 2","ENSG00000167815.12","protein_coding",28661480,"Inhibition of PRDX2 leads to an increase in apoptotic rate and the expression of p21 and p-p53/p53 ratios, thus being involved in regulating mitochondrial ROS signaling, ATM-mediated DNA damage response, and so on. In addition, the loss of PRDX2 can also increase the activity of NF-¦ÊB and caspases, leading to increased apoptosis."
"Apoptosis","PRELID1","PRELI domain containing 1","ENSG00000169230.10","protein_coding",23931759,"PRELID1 binds with the p53-regulated protein TRIAP1 to form a complex located in the mitochondrial intermembrane space (IMS), and ensures the accumulation of cardiolipin (CL) in mitochondrial membranes. TRIAP1/PRELID1 complexes have lipid transfer activity in vitro and supply phosphatidic acid (PA) for CL synthesis in the inner membrane. Loss of TRIAP1 or PRELID1 impairs the accumulation of CL, facilitating cytochrome c release and resulting in apoptosis upon intrinsic and extrinsic stimulation."
"Apoptosis","PRKCA","protein kinase C alpha","ENSG00000154229.12","protein_coding",31543517,"PRKCA is associated with the survival and apoptosis of M-HCC cells. The single-cloned antibody inhibition of PRKCA expression can lead to a decrease in survival rate and induce apoptosis of M-HCC cells. Meanwhile, the main effect of UCN-01 inducing M-HCC cell apoptosis is through suppressing the PKC activity."
"Apoptosis","PRKCD","protein kinase C delta","ENSG00000163932.16","protein_coding",28790182,"When the EcRB1/USP1 transcription complex is activated, 20-hydroxyecdysone upregulates PRKCD expression in several areas of the insect's body. PRKCD is involved in apoptosis by directly phosphorylating EcRB1 in the nucleus, and its phosphorylation at threonine residue 1343 is necessary for its activation of caspase-3."
"Apoptosis","PRKN","parkin RBR E3 ubiquitin protein ligase","ENSG00000185345.24","protein_coding",32047033,"PRKN participates in apoptosis by inducing monoubiquitination of VDAC1. Monoubiquitinated VDAC1 forms the mitochondrial calcium uniporter (MCU) channel, which increases calcium uptake and hampers mitophagy while promoting apoptosis. The PRKN T415N mutation cannot induce monoubiquitination of VDAC1, leading to the execution of the apoptotic process."
"Apoptosis","PRKRA","protein activator of interferon induced protein kinase EIF2AK2","ENSG00000180228.14","protein_coding",26231208,"PRKRA acts as an activator of PKR in response to interferon-induced double-stranded RNA and participates in apoptosis and regulates its rate and duration. The P222L mutant has enhanced homodimer formation ability, leading to delayed but persistent activation of PKR, which changes the dynamic and duration of eIF2¦Á phosphorylation induced by ER stress. These changes promote apoptosis in Dystonia patient cells by enhancing ER stress response."
"Apoptosis","PRODH","proline dehydrogenase 1","ENSG00000100033.17","protein_coding",16619034,"PRODH induces apoptosis through the generation of ROS, especially superoxide radicals, via the mitochondrial pathway. It also activates the extrinsic or death receptor pathway to induce cell death. In colorectal cancer cells, PRODH induces the expression of TRAIL and DR5 as well as cleavage of caspase-8. NFAT signaling pathway has a regulatory role in PRODH-mediated TRAIL activation while MEK/ERK signaling pathway is involved."
"Apoptosis","PSEN1","presenilin 1","ENSG00000080815.20","protein_coding",11895366,"PSEN1 participates in apoptosis by protecting against neurodegeneration caused by PAG-induced apoptosis. The study found that wild-type PSEN1 can protect neurons from PAG-induced apoptosis, while PSEN1 mutants cannot. The researchers also discovered that overexpression of PAG can accelerate neuronal death induced by nerve growth factor deprivation, and this effect is blocked by wild-type PSEN1. Therefore, PSEN1 plays an important role in protecting neurons from apoptosis."
"Apoptosis","PSMD10","proteasome 26S subunit, non-ATPase 10","ENSG00000101843.19","protein_coding",35378311,"The authors found that PSMD10 protects colon cancer cells from TNF-induced cell death, acting as an anti-apoptotic factor that overcomes TNF-induced apoptosis. They further found that PSMD10 influences key players such as ¦Â-catenin and RB1, but also has a surprising role in NF¦ÊB activation, which is required to protect cells from TNF-induced cell death."
"Apoptosis","PSME3","proteasome activator subunit 3","ENSG00000131467.12","protein_coding",35892577,"PSME3 downregulates the regulation of the tumor suppressor p53 while promoting oncogenic pathways such as activating YAP and mTORC1 signaling pathways, leading to its upregulation in multiple cancers and promoting tumor development. In addition, PSME3 can also control and inhibit apoptosis by regulating caspase activity and maintaining cellular energy levels."
"Apoptosis","PTEN","phosphatase and tensin homolog","ENSG00000171862.14","protein_coding",25394489,"PTEN is involved in regulating the expression of Bnip3 and HIF-2¦Á, which induces cell apoptosis and cavity formation. The results of the study suggest a new molecular mechanism for PTEN in promoting apoptosis and lumen formation during epithelial morphogenesis independently of its phosphatase activity. "
"Apoptosis","PTGIS","prostaglandin I2 synthase","ENSG00000124212.6","protein_coding",22015457,"In the diabetic retina, nitration and inactivation of PTGIS are important mechanisms leading to cell apoptosis and vascular pathology changes."
"Apoptosis","PTH","parathyroid hormone","ENSG00000152266.7","protein_coding",28758904,"PTH participates in apoptosis by suppressing apoptosis in early osteoblast precursor cells."
"Apoptosis","PTPMT1","protein tyrosine phosphatase mitochondrial 1","ENSG00000110536.14","protein_coding",33992102,"PTPMT1 promotes cancer cell proliferation by inhibiting apoptosis.PTPMT1 is a dual specificity phosphatase that predominantly localizes to mitochondria and the nucleus.Previous studies found that PTPMT1 inhibited apoptosis and promoted proliferation in cancer cells,indicating the oncogenic role of PTPMT1."
"Apoptosis","PTPMT1","protein tyrosine phosphatase mitochondrial 1","ENSG00000110536.14","protein_coding",33992102,"PTPMT1 promotes cancer cell proliferation by inhibiting apoptosis.PTPMT1 is a dual specificity phosphatase that predominantly localizes to mitochondria and the nucleus.Previous studies found that PTPMT1 inhibited apoptosis and promoted proliferation in cancer cells,indicating the oncogenic role of PTPMT1."
"Apoptosis","PTPN1","protein tyrosine phosphatase non-receptor type 1","ENSG00000196396.10","protein_coding",32417688,"PTPN1 participates in apoptosis by regulating the phosphorylation of mitochondrial and cysteine protease activating protein 2 (caspase-3) induced by endoplasmic reticulum stress (ERS). Genetic deletion or pharmacological inhibition of PTPN1 mitigates ERS-induced apoptosis in endothelial cells and protects endothelial integrity by reducing the activation of caspase-3 in the p38/JNK-caspase pathway."
"Apoptosis","PTPN2","protein tyrosine phosphatase non-receptor type 2","ENSG00000175354.20","protein_coding",35154122,"The reduction of PTPN2 could induce apoptosis and cell cycle changes in pancreatic adenocarcinoma (PAAD) cells.The authors further investigated the critical factors regulating PTPN2's effect on PAAD progression and identified STAT1 and EGFR as key factors."
"Apoptosis","PTPRC","protein tyrosine phosphatase receptor type C","ENSG00000081237.21","protein_coding",19856105,"PTPRC affects the phosphorylation state of signaling molecules and thereby affects the activation and apoptosis of T and B cells by regulating the activity of intracellular tyrosine phosphatases. Moreover, PTPRC is directly involved in cell death response, such as by catalyzing the phosphorylation of DFF45 to release DFF40 and activate endonuclease that cleaves DNA into oligonucleotides fragments and activating cytochrome C during apoptosis."
"Apoptosis","PTTG1IP","PTTG1 interacting protein","ENSG00000183255.12","protein_coding",24506068,"PTTG1IP participates in apoptosis by regulating p53 activity. When the expression of PTTG1IP protein decreases, the expression of p53 target genes such as p21, caspase-3/7, and the level of apoptosis all increase significantly. In addition, when the PTTG1IP expression of TPC1 cells decreases, their sensitivity to irradiation increases, and cell survival significantly decreases."
"Apoptosis","PYCARD","PYD and CARD domain containing","ENSG00000103490.14","protein_coding",31086376,"PYCARD controls apoptosis by regulating the expression of PYCARD, which is a key point in the PYCARD pathway. PYCARD encodes a signaling factor that operates in the intrinsic and extrinsic cell death pathways. In addition, PYCARD is epigenetically silenced in a wide range of human tumors through DNMT1-mediated regulation. PYCARD regulates PYCARD's DNA methylation and histone H3K9 dimethylation, thereby affecting the process of apoptosis."
"Apoptosis","QARS1","glutaminyl-tRNA synthetase 1","ENSG00000172053.18","protein_coding",27240979,"During HCMV infection, hcmv-miR-US4-1 down-regulates QARS1 expression, promotes apoptosis of host cells, and facilitates the release of infectious virus particles."
"Apoptosis","RACK1","receptor for activated C kinase 1","ENSG00000204628.12","protein_coding",32064783,"RACK1 participates in apoptosis by inhibiting the anti-apoptotic protein Bcl-2 and activating the pro-apoptotic protein Bax, thus mediating TGF-¦Â1-induced apoptosis."
"Apoptosis","RAF1","Raf-1 proto-oncogene, serine/threonine kinase","ENSG00000132155.14","protein_coding",9699002,"RAF1 participates in apoptosis by binding with Bcl-2 on the mitochondria. As a docking site, Bcl-2 allows RAF1 to interact with BAG-1 and activate this kinase. By being localized to the mitochondria and mediating phosphorylation of BAD protein in its vicinity, RAF1 contributes to cellular survival."
"Apoptosis","RB1","RB transcriptional corepressor 1","ENSG00000139687.16","protein_coding",21511813,"Overexpression of miR-192 led to decreased RB1 mRNA and protein levels, as well as repressed RB1-30-UTR reporter activity. Knockdown of RB1 using siRNA resulted in a similar cell morphology as observed with overexpression of miR-192. RB1 has been shown to inhibit apoptosis in previous studies."
"Apoptosis","RB1CC1","RB1 inducible coiled-coil 1","ENSG00000023287.13","protein_coding",23542691,"RB1CC1 participates in apoptosis of neural stem cells through a p53-dependent pathway. In postnatal brains, the loss of the RB1CC1 gene leads to p53-dependent apoptotic responses and cell cycle arrest."
"Apoptosis","RBCK1","RANBP2-type and C3HC4-type zinc finger containing 1","ENSG00000125826.22","protein_coding",30874541,"With the inhibition of RBCK1, the apoptosis rate of RCC cells increased significantly, especially in early apoptosis. This is because RBCK1 depletion causes G1 cell cycle arrest of renal cancer cells and leads to apoptosis."
"Apoptosis","RELA","RELA proto-oncogene, NF-kB subunit","ENSG00000173039.20","protein_coding",27830706,"Results from the study showed that RELA protects chondrocytes from apoptosis through induction of anti-apoptotic genes. "
"Apoptosis","RET","ret proto-oncogene","ENSG00000165731.21","protein_coding",17380130,"RET forms a complex with caspase 3 and PKCd and is cleaved. This process leads to the generation of IC-Ret and overexpression of Pit-1. Pit-1 increases the expression of p53 and apoptosis, resulting in the death of somatotrophs. RET can also induce Pit-1 expression and trigger apoptosis by activating PKCd and JNK."
"Apoptosis","RFFL","ring finger and FYVE like domain containing E3 ubiquitin protein ligase","ENSG00000092871.17","protein_coding",27073989,"RFFL is an endosome-associated ubiquitin ligase protein, also known as caspases-8- and -10-associated RING protein 2 (CARP-2), which contributes to tumorigenesis by negatively regulating the levels of caspases and tumor suppressor genes through its direct ubiquitination and targeting for proteasomal degradation."
"Apoptosis","RHOT1","ras homolog family member T1","ENSG00000126858.19","protein_coding",12482879,"RHOT1 participates in apoptosis through overexpression of the RHOT1/Val-13 mutant which leads to the collapse and aggregation of the mitochondrial network, resulting in an increased rate of apoptosis. RHOT1/Val-13 is stable within the mitochondrial structure but is dispersed throughout the cytoplasm and leads to an increase in cytochrome C."
"Apoptosis","RHOT2","ras homolog family member T2","ENSG00000140983.15","protein_coding",12482879,"The involvement of RHOT2 in apoptosis is through the initiation of mitochondrial network aggregation by MRHOT1/Val-13, leading to mitochondrial instability and cell apoptosis."
"Apoptosis","RIPK1","receptor interacting serine/threonine kinase 1","ENSG00000137275.16","protein_coding",28842570,"RIPK1 is involved in three different types of cell death: necroptosis, RIPK1-independent and RIPK1-dependent apoptosis. Among them, TAK1-mediated phosphorylation of RIPK1 determines which of the three types of death takes place. "
"Apoptosis","RIPK3","receptor interacting serine/threonine kinase 3","ENSG00000129465.16","protein_coding",25662614,"RIPK3 participates in apoptosis by eliminating its negative regulator Caspase-8, leading to a unique programed cell death called necroptosis. The kinase activity of RIPK3 is a critical factor mediating necroptosis. "
"Apoptosis","RNF183","ring finger protein 183","ENSG00000165188.14","protein_coding",29507230,"RNF183 is a transmembrane protein and an E3 ligase that targets the endoplasmic reticulum and mediates ER stress-induced apoptosis. When misfolded protein leads to ER stress, RNF183 reduces the level of miR-7 and increases the stability of RNF183 transcripts, initiating apoptotic cell death after a prolonged period of ER stress. It is proposed that RNF183 interacts with Bcl-xL and polyubiquitinates Bcl-xL for degradation."
"Apoptosis","RNF186","ring finger protein 186","ENSG00000178828.7","protein_coding",32486221,"RNF186 participates in stress-induced apoptosis by regulating BNIP1 through ubiquitination. RNF186 can co-localize and bind with BNIP1 in the endoplasmic reticulum, conjugating polyubiquitin through K29 and K63 linkage to BNIP1 and promoting the ubiquitylated BNIP1 transfer from the endoplasmic reticulum to the mitochondria. Since BNIP1 can induce a moderate level of cell apoptosis, RNF186 may regulate stress-induced apoptosis by ubiquitination-mediated regulation of BNIP1."
"Apoptosis","BNIP1","BCL2 interacting protein 1","ENSG00000113734.18","protein_coding",32486221,"BNIP1 participates in apoptosis by collaborating with FATE1 and RNF183 to suppress the level of BIK protein, therefore escaping from BIK-related apoptotic signaling. Additionally, BNIP1 has been found to have functional overlap with the BH3 domain, promoting cellular apoptosis."
"Apoptosis","RNF34","ring finger protein 34","ENSG00000170633.17","protein_coding",15069192,"RNF34 is a negative regulator of the activation of DED caspases involved in apoptotic signal transduction. Silencing of RNF34 expression enhances the sensitivity of cells to death ligand-induced apoptosis by promoting the activation of DED caspases. Conversely, overexpression of RNF34 helps cells resist death ligand-induced apoptosis."
"Apoptosis","RNF41","ring finger protein 41","ENSG00000181852.18","protein_coding",14765125,"RNF41 participates in Apoptosis by degrading the BRUCE protein. RNF41 catalyzes ubiquitination of BRUCE in conjunction with the UbcH5c enzyme, leading to its degradation. Decreasing BRUCE levels by RNA interference or Apoptosis stimulation promotes cell death. Additionally, RNF41-mediated ubiquitination and proteasomal degradation of BRUCE are considered a key event in inducing Apoptosis in various cell types."
"Apoptosis","RPL11","ribosomal protein L11","ENSG00000142676.14","protein_coding",35073964,"RPL11 participates in apoptosis by promoting p53 activation through its binding with RPS27a, which is achieved by its binding with the MDM2 protein. When RPS27a is knocked down, its binding with RPL11 is weakened, which enhances RPL11's binding ability and therefore strengthens the interaction between RPL11 and MDM2, preventing MDM2 from ubiquitinating and degrading p53. These effects ultimately promote cell apoptosis."
"Apoptosis","RPL26","ribosomal protein L26","ENSG00000161970.15","protein_coding",35509151,"RPL26 is involved in apoptosis by regulating the mTOR pathway. Researchers found that RPL26 interacts with CDK5RAP3 to regulate the mTOR pathway and maintain cell proliferation. Deficiency of both CDK5RAP3 and RPL26 leads to inhibition of mTOR/p-mTOR protein and triggers autophagy, promoting cell apoptosis and slowing down cell growth. Specifically, RPL26 induces increased autophagy by inhibiting the mTOR pathway, leading to the occurrence of cell apoptosis."
"Apoptosis","RPS27L","ribosomal protein S27 like","ENSG00000185088.14","protein_coding",18056458,"RPS27L participates in regulating apoptosis after DNA damage. The protein level of RPS27L changes in response to different types of damage, being upregulated in response to DNA-damaging agents that induce cell cycle arrest and downregulated in response to antimetabolite agents that induce apoptosis. RPS27L positively regulates p21 protein expression to facilitate p21-mediated cell cycle arrest and protects against DNA damage-induced apoptosis. Thus, RPS27L modulates DNA damage response and functions as a part of the control switch to determine cell fate in DNA damage-p53 response. Depletion of RPS27L sensitizes cells to DNA-damaging chemotherapeutic agents by converting p53 response from growth arrest to apoptosis, demonstrating its anti-apoptotic function in DNA damage response."
"Apoptosis","RPS3","ribosomal protein S3","ENSG00000149273.15","protein_coding",20605787,"RPS3 is involved in regulating neuronal apoptosis. Under the activation of NGF signal and Akt, the pro-apoptotic function of RPS3 is inhibited, causing the accumulation of RPS3 protein in the nucleus and performing endonuclease function, which maintains neuronal survival. In neurons, RPS3 is involved in the induction of apoptosis at multiple levels (including the activation of upstream apoptotic machinery such as caspase-3 and cytochrome c release). Additionally, RPS3 can induce neuronal apoptosis by up-regulating BH3-only protein levels through binding to E2F1."
"Apoptosis","RPS6KB1","ribosomal protein S6 kinase B1","ENSG00000108443.14","protein_coding",19223503,"RPS6KB1 is involved in apoptosis by suppressing the expression of phosphorylated p70S6K/p85S6K and cdc2/cdk1 proteins in multiple DLBCL cell lines. The authors found that rapamycin and UCN-01, drugs targeting these two proteins, could synergize to inhibit DLBCL proliferation in these cell lines. Additionally, they induced apoptosis by suppressing CDC2 and survivin expression."
"Apoptosis","RPS7","ribosomal protein S7","ENSG00000171863.15","protein_coding",19683495,"RPS7 plays a role in promoting apoptosis. The study found that RPS7 itself and RPS7-Ubiquitin Fusion Protein have different abilities to promote apoptosis, and RPS7-Ubiquitin Fusion Protein has higher polyubiquitination levels and stronger ability to promote apoptosis."
"Apoptosis","RRP8","ribosomal RNA processing 8","ENSG00000132275.11","protein_coding",18485871,"RRP8 participates in apoptosis by inhibiting rRNA synthesis, thereby protecting cells from energy deprivation-induced apoptosis. When cellular energy status decreases, SIRT1 is activated and recruits SUV39H1 to the rDNA locus, establishing silent chromatin by deacetylating histone H3 and dimethylating at Lys9. Lack of RRP8 increases pre-rRNA levels, making cells more susceptible to apoptosis under energy deprivation."
"Apoptosis","RTKN2","rhotekin 2","ENSG00000182010.11","protein_coding",33311442,"RTKN2's expression is regulated by hsa_circRNA_104348 and through experiments, it was found that hsa_circRNA_104348 upregulated the expression of RTKN2 and suppressed apoptosis of cells."
"Apoptosis","RTL10","retrotransposon Gag like 10","ENSG00000215012.9","protein_coding",23055042,"RTL10 is involved in the regulatory network of apoptosis to process intrinsic apoptotic signaling.RTL10 participates in apoptosis by relying on its BH3 domain and mainly localizes to mitochondria. RTL10 can contact the loop region of voltage-dependent anion channel 1 (VDAC1) in the outer mitochondrial membrane through its BH3 domain, inducing changes in mitochondrial transmembrane potential and the release of cytochrome c. In addition, RTL10 can contact some pro-survival Bcl-2 family members and be inhibited by them."
"Apoptosis","S100A8","S100 calcium binding protein A8","ENSG00000143546.10","protein_coding",19935772,"S100A8 participates in apoptosis through ROS-mediated cross-talk between mitochondria and lysosomes that involves BNIP3."
"Apoptosis","S100A9","S100 calcium binding protein A9","ENSG00000163220.11","protein_coding",19935772,"The protein complex formed by S100A8 and S100A9 can induce apoptosis and autophagy-like cell death through ROS-mediated cross-talk between mitochondria and lysosomes, and the process involves the action of BNIP3."
"Apoptosis","SCG2","secretogranin II","ENSG00000171951.5","protein_coding",18239671,"SCG2 participates in apoptosis resistance and neuroblastoma cell differentiation. The study showed that SCG2 is an AP-1-regulated protein that counteracts nitric oxide-induced apoptosis and mediates neuronal differentiation of neuroblastoma cells."
"Apoptosis","SCN2A","sodium voltage-gated channel alpha subunit 2","ENSG00000136531.19","protein_coding",36378391,"FOXD3 is a transcription factor that has been shown to be an essential factor for maintaining the self-renewal and pluripotency of early neural crest-derived progenitor cells. In epilepsy, FOXD3 enhances the survival of neuronal cells by suppressing the expression of SCN2A and inhibiting cell apoptosis.PVT1 exacerbates neuronal cell apoptosis and neuroinflammation through the miR-488-3p/FOXD3/SCN2A pathway. In summary, SCN2A can affect cell survival and neuronal apoptosis and is an important target for epilepsy."
"Apoptosis","SCRT2","scratch family transcriptional repressor 2","ENSG00000215397.4","protein_coding",21252910,"As a neural-specific transcription factor, SCRT2 maintains low levels of the p53 upregulated modulator of apoptosis (Puma) during embryonic development to help newly differentiated neurons survive. When DNA is damaged and p53 is activated, SCRT2 represses Puma expression, thus antagonizing p53-mediated apoptosis."
"Apoptosis","SELENOK","selenoprotein K","ENSG00000113811.12","protein_coding",34601426,"SELENOK participates in apoptosis by regulating the endoplasmic reticulum stress (ERS) pathway and intracellular Ca2+ concentration, affecting programmed cell death. SELENOK knockout induces ER stress, activates the m-calpain/caspase-12 cascade, leading to caspase-3 activation and cell apoptosis. Additionally, SELENOK gene knockout in mice and neuroblastoma cells can induce cell apoptosis, increase intracellular Ca2+ concentration, reduce antioxidant capacity, and impair cognitive ability while increasing anxiety."
"Apoptosis","SELENOS","selenoprotein S","ENSG00000131871.15","protein_coding",25433273,"SELENOS participates in apoptosis by affecting the PI3K/Akt signaling pathway. When cells are exposed to oxidative stress, the PI3K/Akt signaling pathway is upregulated and increases the production of oxidative stress by downregulating Glutathione peroxidase-1, which ultimately leads to cell apoptosis. The addition of Se can downregulate the PI3K/Akt signaling pathway and Glutathione peroxidase-1, thereby reducing the production of oxidative stress in cells and resisting apoptosis."
"Apoptosis","SENP1","SUMO specific peptidase 1","ENSG00000079387.14","protein_coding",36414671,"The mechanism by which SENP1 participates in apoptosis is by inhibiting the activation of RIPK1 to prevent NASH, thereby limiting cell death and inflammation. SENP1 deficiency increases cell sensitivity to RIPK1 kinase-dependent cell death, leading to the degradation of anti-apoptotic factors and increased cell death."
"Apoptosis","SEPTIN4","septin 4","ENSG00000108387.16","protein_coding",34230460,"SEPTIN4 participates in apoptosis in cardiomyocytes by enhancing the VHL-mediated degradation of HIF-1¦Á. By reducing cardio-protective factor HIF-1¦Á levels, SEPTIN4 aggravates hypoxia-induced cardiomyocyte apoptosis."
"Apoptosis","SERINC3","serine incorporator 3","ENSG00000132824.14","protein_coding",16547497,"SERINC3 participates in apoptosis by partially inhibiting apoptosis and improving cell survival through overexpression. Specifically, overexpression of SERINC3 can partially protect cells from serum starvation and Etoposide-induced apoptosis."
"Apoptosis","SERPINE1","serpin family E member 1","ENSG00000106366.9","protein_coding",18835034,"SERPINE1 plays a role in protecting endothelial cells from Fas/FasL-mediated apoptosis and has the ability to inhibit Apoptosis. When SERPINE1 is downregulated in ECs, the occurrence of cell apoptosis increases by more than 5 times. In addition, in the absence of SERPINE1, plasmin will facilitate the release of soluble FasL from the cell membrane surface, which activates Fas and induces ECs apoptosis."
"Apoptosis","SFN","stratifin","ENSG00000175793.12","protein_coding",36195613,"SFN affects Apoptosis by participating in apoptosis. In this paper, SFN is elevated in patients with acute lung injury caused by pulmonary epithelial cell damage via apoptosis. The experiment showed that the p53 transcription factor and its transcription targets (such as p21 and K18) are involved in apoptosis induced by JNJ26854165 and Nutlin-3, and can induce the release of SFN by alveolar epithelial cells. During cell damage, SFN can be released into the extracellular environment through apoptosis, resulting in an increase in blood SFN levels."
"Apoptosis","SFPQ","splicing factor proline and glutamine rich","ENSG00000116560.12","protein_coding",17537995,"SFPQ participates in Apoptosis to affect cell growth. This paper mentions that overexpression of SFPQ can inhibit the proliferation and induce apoptosis of NPM/ALK-expressing cells."
"Apoptosis","SFRP1","secreted frizzled related protein 1","ENSG00000104332.12","protein_coding",9391078,"SFRP1 is involved in apoptosis by increasing the sensitivity of MCF7 cells to cytotoxic agents."
"Apoptosis","SFRP2","secreted frizzled related protein 2","ENSG00000145423.5","protein_coding",9391078,"SFRP2 participates in Apoptosis by regulating cell response to pro-apoptotic stimuli and exerting anti-apoptotic activity.SFRP2 is expressed in quiescent 10T1/2 cells but not in exponentially growing cells, suggesting its correlation with cell resistance to apoptosis.Conditioned medium from quiescent 10T1/2 cells possesses anti-apoptotic activity, which contains SFRP2.Transfection of SFRP2 in MCF7 cells results in decreased sensitivity to TNF and ceramide."
"Apoptosis","SGMS1","sphingomyelin synthase 1","ENSG00000198964.14","protein_coding",15766530,"Mats, a protein in the SGMS1 protein family, acts as a tumor suppressor in Drosophila, controlling cell proliferation and apoptosis. Mats works in conjunction with Large tumor suppressor/Warts protein kinase to regulate cell proliferation and apoptosis. Mats physically associates with Warts to stimulate the catalytic activity of the Warts kinase. Loss of Mats function resulted in increased cell proliferation, defective apoptosis, and induction of tissue overgrowth."
"Apoptosis","SGPL1","sphingosine-1-phosphate lyase 1","ENSG00000166224.18","protein_coding",14570870,"The mechanism of SGPL1 involved in Apoptosis is that SGPL1 increases stress-induced ceramide generation and apoptosis by reducing intracellular S1P. At the same time, enzymatic activity is also a necessary factor in promoting Apoptosis. Overexpression of SGPL1 can increase stress-induced ceramide generation and apoptosis."
"Apoptosis","SGPP1","sphingosine-1-phosphate phosphatase 1","ENSG00000126821.8","protein_coding",12815058,"SGPP1 participates in Apoptosis by regulating intra- and extracellular S1P levels, thereby affecting cell growth resistance. Knockdown of endogenous SGPP1 causes S1P accumulation, leading to significant resistance to cytotoxic agents and reduced apoptosis."
"Apoptosis","SH3RF1","SH3 domain containing ring finger 1","ENSG00000154447.15","protein_coding",17535800,"SH3RF1 participates in apoptosis by serving as a protein assembly platform, which can assemble the Rac to JNK signaling pathway, resulting in cell apoptosis. Apoptosis can be prevented by co-expressing Akt. The study finds that SH3RF1 is a direct substrate for phosphorylation by Akt in vivo and in vitro, with serine 304 of SH3RF1 identified as the major site of Akt phosphorylation within the Rac-binding domain. Phosphorylation of SH3RF1 leads to decreased ability to bind activated Rac and reduced ability to induce apoptosis. This finding identifies Akt as a key regulator of apoptotic pathways at the level of the SH3RF1-JIP apoptotic complex (PJAC), affecting phosphorylation-dependent SH3RF1 function and inhibiting PJAC assembly to prevent apoptotic signaling by JNK."
"Apoptosis","SHH","sonic hedgehog signaling molecule","ENSG00000164690.8","protein_coding",24076665,"The PI3K and SHH pathways synergize to promote tumor growth and viability in human PTEN-deficient glioblastomas. Simultaneously inhibiting these pathways leads to mitotic catastrophe and apoptosis and significantly reduces the growth of PTEN-deficient glioblastomas both in vitro and in vivo. Combination therapy targeting both PI3K and SHH pathways dramatically reduces the survival of PTEN-deficient glioblastomas."
"Apoptosis","SHISA5","shisa family member 5","ENSG00000164054.17","protein_coding",12135983,"SHISA5 is a new p53 transcriptional target gene that is activated in response to DNA damage, particularly after radiation therapy. SHISA5 is mainly located in the endoplasmic reticulum (ER) and nuclear membrane, inducing cell apoptosis through cysteine protease-dependent mechanisms. Gene silencing experiments have shown that SHISA5 inhibition increases resistance to p53-mediated cell apoptosis induced by DNA damage, indicating that SHISA5 plays a role in this process. The apoptotic activity of SHISA5 is intrinsic, not due to overexpression of ER membrane proteins leading to ER dysfunction."
"Apoptosis","SIAH1","siah E3 ubiquitin protein ligase 1","ENSG00000196470.12","protein_coding",16230351,"SIAH1 participates in apoptosis by activating the JNK pathway through interaction with POSH proteins. The study shows that after receiving apoptotic induction, cells increase their protein levels of SIAH1 through increased stability, which requires activation of the JNK pathway and interaction with POSH proteins. Phosphorylation of SIAH1 at tyrosines 100 and 126 further enhances its stability. Depletion of intracellular Siah proteins via small interference RNA partially protects cells from death evoked by apoptotic stimuli."
"Apoptosis","SIAH2","siah E3 ubiquitin protein ligase 2","ENSG00000181788.4","protein_coding",21586138,"Studies suggest that SIAH2 may protect cancer cells from apoptosis induction by degrading pro-apoptotic factors such as HIPK2. In addition, the E3 ubiquitin ligase activity of SIAH2 is crucial for its anti-apoptotic function."
"Apoptosis","SIRT1","sirtuin 1","ENSG00000096717.12","protein_coding",34987698,"SIRT1 participates in apoptosis of nucleus pulposus cells. Apoptosis of intervertebral disc cells caused by mechanical overload is a core cause of intervertebral disc degeneration. The results showed that high-magnitude compression triggers cellular apoptosis and reduces the expression levels of SIRT1 and microtubule-associated protein-1 light chain-3B (LC3B) in rat NPCs. However, SIRT1 overexpression in NPCs partly reduced these indicators. The upregulation of SIRT1 increases the formation of the LC3B/Fas complex, which suppresses NPC apoptosis by inhibiting the NF-¦ÊB pathway under high compressive stress, and reduces activation of the NF-¦ÊB pathway. The study suggests that SIRT1 plays a major role in the regulation of various cellular processes related to oxidative stress, metabolism, cell senescence, apoptosis, and autophagy. "
"Apoptosis","SIVA1","SIVA1 apoptosis inducing factor","ENSG00000184990.13","protein_coding",19584092,"SIVA1 promotes apoptosis by interacting with XIAP, which diminishes NF¦ÊB activity and increases JNK activity. This process is closely related to the regulation of intracellular ROS levels and crosstalk between NF¦ÊB and JNK signaling pathways."
"Apoptosis","SKIL","SKI like proto-oncogene","ENSG00000136603.15","protein_coding",20822955,"SKIL is involved in apoptosis as a tumor suppressor. It has been found that high levels of SKIL induce apoptosis, accelerating post-lactational involution. Additionally, in PML nuclear bodies, SKIL stabilizes p53, promoting senescence and apoptosis."
"Apoptosis","SLC25A5","solute carrier family 25 member 5","ENSG00000005022.6","protein_coding",25220407,"SLC25A5 participates in apoptosis in this paper through its protective role in cells. The suppression of SLC25A5 promotes oxidative stress and DNA damage response, which may lead to the initiation and maintenance of apoptosis. During etoposide-induced apoptosis, further suppression of SLC25A5 promotes more oxidative stress and DNA damage response, leading to apoptosis."
"Apoptosis","SLC35F6","solute carrier family 35 member F6","ENSG00000213699.9","protein_coding",19154410,"The participation of SLC35F6 in apoptosis is achieved by interacting with the adenine nucleotide translocase 2 (ANT2) in the mitochondrial inner membrane and regulating mitochondrial membrane potential. The study showed that by reducing the expression level of SLC35F6 through siRNA, apoptosis could be induced in PDAC cells and the growth could be suppressed."
"Apoptosis","NHERF1","NHERF family PDZ scaffold protein 1","ENSG00000109062.12","protein_coding",21166663,"It was found that SLC9A3R1 is related to apoptosis of CD34+ cells, and the expression of SLC9A3R1 in CD34+ cells is significantly higher in patients with psoriasis and is positively correlated with the Psoriasis Area and Severity Index score."
"Apoptosis","SMAD3","SMAD family member 3","ENSG00000166949.17","protein_coding",16766264,"SMAD3 participates in apoptosis in this paper is by promoting programmed cell death through the suppression of Bcl-2 transcription. This pro-apoptotic activity requires input from TGF-b signaling and the selective activation of p38 MAPK in liver tumor cells."
"Apoptosis","SNAI1","snail family transcriptional repressor 1","ENSG00000124216.4","protein_coding",25759216,"SNAI1 in this paper participates in apoptosis of intestinal stem cells. In CBC intestinal stem cells with conditional knockout of SNAI1, there is an increase in cell apoptosis. In colorectal cancer cells and embryonic stem cells, SNAI1 expression is associated with increased cell survival. Additionally, studies suggest that SNAI1 may directly regulate the cell survival-related gene SERINC3."
"Apoptosis","SNAI2","snail family transcriptional repressor 2","ENSG00000019549.13","protein_coding",18628477,"SNAI2 participates in Apoptosis by affecting the expression of anti-apoptotic gene Bcl-2. The document indicates that when SNAI2 is silenced, neuroblastoma cells are more susceptible to apoptosis induced by proapoptotic drugs. Reduced SNAI2 levels in neuroblastoma cells can lead to an increased rate of cell death and a decrease in their invasion capability in vitro and in vivo."
"Apoptosis","SNW1","SNW domain containing 1","ENSG00000100603.14","protein_coding",21460037,"SNW1 participates in apoptosis by regulating the expression of p21Cip1 gene, which counteracts DNA damage-induced cell apoptosis. When SNW1 expression is insufficient, the expression of p21Cip1 will be rapidly downregulated, resulting in cells being sensitive to P53-mediated apoptosis. Therefore, SNW1 is crucial for regulating cancer cell survival when exposed to DNA damage."
"Apoptosis","SOD1","superoxide dismutase 1","ENSG00000142168.15","protein_coding",23708100,"SOD1 deficiency leads to the accumulation of intracellular superoxide and mitochondrial dysfunction, promoting apoptosis. The loss of SOD1 decreases the mitochondrial membrane potential, resulting in DNA damage-mediated p53 activation."
"Apoptosis","SOD2","superoxide dismutase 2","ENSG00000291237.1","protein_coding",11313974,"P53 and SOD2 genes are mutually regulated, modulating various cellular processes including apoptosis.p53 gene can induce cell self-destruction in some cells and this process involves transcriptional activation of a series of promoter genes. MnSOD, encoded by the SOD2 gene, is one of the major mechanisms to resist oxidative stress. The study found that the p53 gene can inhibit the expression of the SOD2 gene at the promoter level. This inhibition is an important factor for the p53 gene to function. Overexpression of MnSOD decreases p53 gene-mediated apoptosis, and conversely, overexpression of MnSOD decreases p53 gene expression."
"Apoptosis","SORT1","sortilin 1","ENSG00000134243.12","protein_coding",17934455,"SORT1 and p75NTR play a crucial role in the death-signaling receptor complex,inducing neuronal death.SORT1 and p75NTR together bind to the precursor forms of pro-neurotrophins,forming a ternary receptor-ligand complex,which is crucial for apoptosis.SORT1 and p75NTR together transmit apoptotic signals,including JNK phosphorylation,g-secretase cleavage,and nuclear translocation of DNA-binding protein NRIF.Disruption of SORT1 prevents the formation of p75NTR/sortilin receptor complex and reduces neuronal apoptosis in different pathological conditions.Disruption of SORT1 also inhibits NGF-mediated apoptosis of retinal ganglion cells."
"Apoptosis","SP100","SP100 nuclear antigen","ENSG00000067066.17","protein_coding",21274506,"The SP100 protein may be associated with programmed cell death, especially as it is considered a signal factor co-regulating p53-dependent gene expression with the co-enzyme HIPK2. Additionally, recent studies suggest that SP100 protein itself contains a potential caspase recruitment domain in its N-terminal region."
"Apoptosis","SRC","SRC proto-oncogene, non-receptor tyrosine kinase","ENSG00000197122.13","protein_coding",35394839,"When high levels of cell death were induced by DNA damage, the activity of SRC was diminished, leading to increased levels of p53 and PUMA and promoting apoptosis."
"Apoptosis","SRPX","sushi repeat containing protein X-linked","ENSG00000101955.15","protein_coding",28478503,"SRPX co-accumulated with A¦Â deposits in cerebral blood vessels in all cases, where it enhanced cytotoxic effects of A¦Â when A¦Â deposition became severe. In primary cultured cerebrovascular smooth muscle cells of mice, SRPX bound to A¦Â40 and enhanced A¦Â40-induced caspase-3/7 activity. Furthermore, knockdown of SRPX significantly reduced caspase-3/7 activity induced by A¦Â40."
"Apoptosis","SSTR3","somatostatin receptor 3","ENSG00000278195.2","protein_coding",35890290,"The addition of octreotide can stimulate the expression of SSTR3, inhibit the proliferation of gastric cancer cells, and promote the occurrence of apoptosis."
"Apoptosis","ST20","suppressor of tumorigenicity 20","ENSG00000180953.11","lncRNA",11857354,"ST20 participates in apoptosis via the mitochondrial pathway. ST20-transfected HeLa cells exhibited growth inhibition and apoptosis formation. This apoptosis included DNA fragmentation and release of cytochrome c from mitochondria, leading to activation of caspase-9 and -3 and cleavage of poly(ADP-ribose) polymerase."
"Apoptosis","STK11","serine/threonine kinase 11","ENSG00000118046.17","protein_coding",14985505,"STK11 is involved in regulating apoptosis by directly activating AMP-activated protein kinase (AMPK) in response to energy stress. STK11-deficient murine embryonic fibroblasts show nearly complete loss of AMPK signaling in response to various stimuli that activate AMPK. Reintroduction of WT STK11 into these cells restores AMPK activity."
"Apoptosis","STK24","serine/threonine kinase 24","ENSG00000102572.15","protein_coding",12107159,"STK24 is involved in apoptosis by being cleaved and activated by caspases, and translocated to the nuclei."
"Apoptosis","STK25","serine/threonine kinase 25","ENSG00000115694.15","protein_coding",34986838,"STK25 knockdown promoted apoptosis in HCC cells."
"Apoptosis","STK3","serine/threonine kinase 3","ENSG00000104375.17","protein_coding",36871796,"Overexpression of STK3 can significantly promote apoptosis of pancreatic cancer cells. The regulation of STK3 on the growth and apoptosis of pancreatic cancer cells is closely related to the PI3K/AKT/mTOR pathway."
"Apoptosis","STK4","serine/threonine kinase 4","ENSG00000101109.13","protein_coding",27510910,"STK4 participates in Apoptosis by inducing cardiomyocyte apoptosis under high glucose conditions and regulating Apoptosis by modulating the interaction between Bax and Bcl-2."
"Apoptosis","STRADB","STE20 related adaptor beta","ENSG00000082146.13","protein_coding",12048196,"STRADB moderately protects against interleukin-1 converting enzyme- or Fas-induced apoptosis and significantly potentiates XIAP's anti-apoptotic activity. The study also implicates TAK1 in this signaling pathway. The authors suggest that XIAP protection against apoptosis is achieved by two separate mechanisms: one requiring JNK1 activation and the other involving caspase inhibition."
"Apoptosis","STX4","syntaxin 4","ENSG00000103496.15","protein_coding",20956541,"STX4 plays a fundamental role in the activation of Acid Sphingomyelinase (A-SMase) required for apoptosis. It is required for the exocytic pathway, which includes the transportation of intracellular substances to the cell membrane, and involves the t-SNARE protein STX4. The down-regulation of STX4 inhibits A-SMase translocation and activation induced by CD95 stimulation, thereby affecting apoptosis. In addition, the down-regulation of STX4 leads to less cell apoptosis."
"Apoptosis","STYXL1","serine/threonine/tyrosine interacting like 1","ENSG00000127952.17","protein_coding",21262771,"STYXL1 is a mitochondrion-based protein phosphatase with similarity to mitogen-activated protein kinase (MAPK) phosphatases. Knockdown of STYXL1 can inhibit cells from undergoing apoptosis induced by cellular stressors activating mitochondrion-dependent apoptosis, similar to the loss of Bax and Bak."
"Apoptosis","SYVN1","synoviolin 1","ENSG00000162298.19","protein_coding",29233968,"SYVN1 prevents renal tubular epithelial cell apoptosis caused by lipotoxicity induced by high glucose and palmitic acid by mediating eIF2¦Á ubiquitylation and degradation."
"Apoptosis","TAF9","TATA-box binding protein associated factor 9","ENSG00000273841.6","protein_coding",15899866,"The change in TAF9 protein levels is related to the induction of apoptosis in HeLa cells induced by VP16-etoposide or camptothecin. In wild-type HeLa cells, the expression level of TAF9 protein can increase 6 to 8 times, while the level of TAF9b expression only increases slightly by 1.5 times."
"Apoptosis","TAF9B","TATA-box binding protein associated factor 9b","ENSG00000187325.5","protein_coding",15899866,"The experimental results show that the protein expression level of TAF9B is increased by 1.5 times when induced by apoptosis, while the expression level of TAF9 is increased by 6-8 times, indicating their different functional requirements during apoptosis."
"Apoptosis","TCF7L2","transcription factor 7 like 2","ENSG00000148737.18","protein_coding",19105201,"TCF7L2 is associated with apoptosis mainly in regards to postprandial hepatocyte apoptosis in NAFLD patients. The study found that the TCF7L2 CT/TT genotype was more frequent in NAFLD.Additionally, TCF7L2 modulated lipoprotein and adipokine profiles in both groups. In terms of fat-induced hepatocyte apoptosis, TCF7L2 gene polymorphism may be involved by affecting lipid metabolism, regulating fat accumulation in the liver, and promoting postprandial LDL production. Furthermore, TCF7L2 gene polymorphism may influence transcription factor ¦Â-mediated hepatocyte growth and apoptosis."
"Apoptosis","TERT","telomerase reverse transcriptase","ENSG00000164362.21","protein_coding",34482792,"TERT participates in apoptosis through regulation by miR-195-5p. Overexpression of miR-195-5p can promote cell apoptosis and decrease the levels of TERT, Ki67 and PCNA. Additionally, overexpression of TERT can partially counteract the inhibitory effect of miR-195-5p, decrease expression of Caspase-3 and Caspase-9, and resist cell apoptosis."
"Apoptosis","TFDP1","transcription factor Dp-1","ENSG00000198176.13","protein_coding",12975577,"TFDP1 serves as a binding partner for E2F transcription factors, and their association enhances DNA binding and transcriptional activity of the heterodimer. TFDP1 plays a central role in many vital cellular functions, including controlling RB function, the cell cycle, DNA replication, and apoptosis. The researchers found that active E2F1/TFDP1 promotes apoptosis in both a p53-dependent and independent manner by inducing the expression of p73 in addition to upregulating central components of the apoptotic pathway, so the E2F/DP heterodimer plays a critical role in governing crucial cellular functions such as apoptosis."
"Apoptosis","TFDP2","transcription factor Dp-2","ENSG00000114126.18","protein_coding",12975577,"TFDP2 is mentioned in the article as a binding partner for E2F transcription factors, enhancing DNA binding and transcriptional activity of the heterodimer. TFDP2 plays a central role in many vital cellular functions, including controlling RB function, the cell cycle, DNA replication, and apoptosis."
"Apoptosis","TFPT","TCF3 fusion partner","ENSG00000105619.14","protein_coding",17041757,"Overexpression of TFPT promotes caspase 9-dependent apoptosis. However, the apoptotic cascade is only engaged in culture conditions sustaining cell proliferation, and different cell lines display differential responsiveness to TFPT-induced apoptosis."
"Apoptosis","TGFB1","transforming growth factor beta 1","ENSG00000105329.11","protein_coding",32548608,"TGFB1 plays an important role in maintaining the production of red blood cells.In mice lacking TGF¦Â1, the proportion of AnnexinV-positive Ter119+ erythroid progenitor cells in the bone marrow is increased.Lack of TGF¦Â1 leads to excessive differentiation of HSPCs into erythroid progenitor cells, which cannot mature in the absence of Epo, resulting in a reduction in red blood cells."
"Apoptosis","TGFB2","transforming growth factor beta 2","ENSG00000092969.12","protein_coding",34237642,"TGFB2 participates in apoptosis through the circ08409/miR-133a/TGFB2 signaling pathway. The experimental results show that cadmium promotes apoptosis and inflammation in bovine mammary epithelial cells (BMECs) and mouse mammary gland, and miR-133a is the most downregulated miRNA during cadmium exposure in BMECs. miR-133a and circ08409 have binding sites and can target TGFB2."
"Apoptosis","TGFBR1","transforming growth factor beta receptor 1","ENSG00000106799.14","protein_coding",31353638,"TGFBR1 is involved in preadipocyte apoptosis. ssc-miR-204 can downregulate TGFBR1 and TGFBR2, thereby inhibiting preadipocyte differentiation and promoting preadipocyte apoptosis."
"Apoptosis","THBS1","thrombospondin 1","ENSG00000137801.11","protein_coding",34273068,"MiR-222-3p can directly bind to the 3¡¯-UTR of THBS1, thereby inhibiting the expression of THBS1, which is an anti-angiogenic factor that inhibits tumor cell growth and induces apoptosis. During cell division, the signal mediated by THBS1 induces cell apoptosis. Experiments also showed that both miR-222-3p downregulation and THBS1 upregulation can induce apoptosis of liver cancer cells."
"Apoptosis","TICAM2","TIR domain containing adaptor molecule 2","ENSG00000243414.6","protein_coding",30770800,"The STING-TICAM2 heterodimer activates downstream phospho-IRF3 mediated IDO1 transcription, connecting tryptophan catabolism and apoptosis to impede parasite replication."
"Apoptosis","TIMM50","translocase of inner mitochondrial membrane 50","ENSG00000105197.11","protein_coding",30190335,"Patient fibroblasts showed increased apoptosis when grown in galactose culture conditions. In addition, fibroblasts with mutations in RNAseH1 and ISCU genes, which are related to TIMM50, also showed increased apoptosis when grown in galactose."
"Apoptosis","TIMP3","TIMP metallopeptidase inhibitor 3","ENSG00000100234.12","protein_coding",31360238,"Overexpression of TIMP3 can suppress cell proliferation and induce apoptosis in different cancer cell lines. TIMP3 induces cell apoptosis by activating mitochondrion-mediated caspase-3 in highly metastatic prostate cancer cell lines PC-3 and DU-145. In addition, TIMP3 can induce cell apoptosis by stabilizing FAS-associated death domain (FADD)."
"Apoptosis","TLR3","toll like receptor 3","ENSG00000164342.14","protein_coding",35970851,"Long double-stranded RNA (dsRNA) was sensed by PKR and TLR3, triggering different signaling pathways and synergistically inducing cell apoptosis. PKR mainly causes translational arrest, and in cooperation with TLR3, activates the TRIF-dependent activation of Caspase 8, inducing rapid apoptosis response in cells."
"Apoptosis","TLR4","toll like receptor 4","ENSG00000136869.16","protein_coding",33495514,"Inhibition of inflammation and apoptosis through the TLR4/MyD88/NF-¦ÊB signaling pathway can protect the liver from LPS-induced injury, while TLR4 deletion may repress macrophage inflammation and apoptosis, conferring hepatoprotection against LPS-induced acute liver injury.After LPS stimulation in mice, hepatocyte apoptosis and caspase 3 activity increased, and Bcl-2 expression decreased, indicating that apoptosis occurred. Meanwhile, these changes were significantly reduced in TLR4-knockout mice."
"Apoptosis","TMBIM1","transmembrane BAX inhibitor motif containing 1","ENSG00000135926.15","protein_coding",35279540,"TMBIM1 participates in apoptosis by promoting cell proliferation and attenuating cell apoptosis through inhibiting p38/MAPK signaling pathway. The researchers conducted TUNEL staining, flow cytometry, and immunofluorescence staining assays, and found that knocking out TMBIM1 could induce apoptosis in GBM cells."
"Apoptosis","TMBIM6","transmembrane BAX inhibitor motif containing 6","ENSG00000139644.13","protein_coding",31636086,"TMBIM6 participates in apoptosis by encoding BI-1 to inhibit ER-stress-induced cell death."
"Apoptosis","TMC8","transmembrane channel like 8","ENSG00000167895.16","protein_coding",24800179,"TMC8 plays a role in apoptosis by mediating TNF¦Á-induced cell death through interaction with TRADD. It also overcomes the persistence of HPV-EV lesions and prevents their progression to tumors by inducing apoptosis."
"Apoptosis","TMEM102","transmembrane protein 102","ENSG00000181284.3","protein_coding",36225641,"TMEM102 inhibits cell apoptosis by mediating the mitochondrial pathway through regulating apoptosis-related molecules. The study found that TMEM102 overexpression increases the levels of anti-apoptotic proteins, including Bad, HSP27, HSP 60, HSP70, and survivin, while reducing the level of cytochrome c."
"Apoptosis","TMEM109","transmembrane protein 109","ENSG00000110108.10","protein_coding",20060811,"The researchers created TMEM109-knockout mice and performed individual level analysis revealing that TMEM109 contributes to the DNA damage response, at least in part, through the induction of the tumor-suppressor p53 gene. Overexpression of TMEM109 significantly enhanced apoptosis induced with DNA-damaging anti-cancer drug Etop."
"Apoptosis","TMEM117","transmembrane protein 117","ENSG00000139173.10","protein_coding",28285135,"TMEM117 is related to the mitochondrial-mediated cell death pathway. The study shows that a short hairpin RNA (shRNA) with an artificial sequence, named Psi1 shRNA, targets the TMEM117 gene and causes the depolarisation of the mitochondrial membrane potential in HCT116 cells. Knockdown of TMEM117 leads to depolarisation of the mitochondrial membrane potential, increased levels of reactive oxygen species, upregulation of C/EBP homologous protein and active caspase-3 expression, and cell growth impairment, all of which shift cells towards apoptosis."
"Apoptosis","TMEM14A","transmembrane protein 14A","ENSG00000096092.6","protein_coding",21723035,"TMEM14A inhibits apoptosis induced by N-(4-hydroxyphenyl)retinamide (4-HPR) by stabilizing mitochondrial membrane potential. Through yeast-based functional screening, TMEM14A was identified as a suppressor of Bax-mediated apoptosis. In the U87MG cell line, overexpression of TMEM14A inhibited 4-HPR-induced cell death and mitochondrial outer membrane permeabilization (MOMP)."
"Apoptosis","TMEM161A","transmembrane protein 161A","ENSG00000064545.15","protein_coding",16551573,"TMEM161A participates in antioxidant response and anti-DNA damage. The study found that Saos-2 cells stably transfected with TMEM161A have higher resistance to DNA damage and apoptosis"
"Apoptosis","TNF","tumor necrosis factor","ENSG00000232810.5","protein_coding",34853447,"TNF is an important pro-inflammatory cytokine involved in the process of hepatocellular apoptosis. Under the mediation of TNFR1, TNF can induce cell apoptosis through three pathways: the caspase-8 mediated caspase-3 pathway, the Akt-mediated Bad pathway, and the IAP degradation by RIK and Caspase-8 and subsequent conversion to apoptotic signal pathway."
"Apoptosis","TNFAIP3","TNF alpha induced protein 3","ENSG00000118503.17","protein_coding",24901050,"TNFAIP3 participates in apoptosis by regulating the NF-kB pathway, promoting GBM cell survival and proliferation, and resisting chemotherapy. The authors' research demonstrates that TNFAIP3 induces apoptosis in GBM cells by inhibiting the activity of NF-kB, and weakens the ability of miR-125b to block chemotherapy in GBM cells."
"Apoptosis","TNFRSF10A","TNF receptor superfamily member 10a","ENSG00000104689.10","protein_coding",25770212,"It was found that TNFRSF10A mediates endoplasmic reticulum stress-induced apoptosis in human lung cancer cells."
"Apoptosis","TNFRSF10B","TNF receptor superfamily member 10b","ENSG00000120889.13","protein_coding",24387758,"PTL promotes extrinsic apoptosis by upregulating TNFRSF10B expression and downregulating CFLAR levels. When TNFRSF10B expression was inhibited by RNA interference, the cleavage of CASP8, CASP9, CASP3 and PARP1 induced by PTL treatment was reduced and cell apoptosis was inhibited."
"Apoptosis","TNFRSF12A","TNF receptor superfamily member 12A","ENSG00000006327.14","protein_coding",35853848,"The expression of TWEAK and its receptor TNFRSF12A were significantly increased during acute liver failure (ALF). Inhibition of the TWEAK/TNFRSF12A axis suppresses RIPK1-dependent apoptosis of hepatocytes, attenuating liver injury."
"Apoptosis","TNFRSF1A","TNF receptor superfamily member 1A","ENSG00000067182.9","protein_coding",27889570,"TNFRSF1A is involved in TNF-mediated intestinal epithelial cell death in this article. When TNFRSF1A is absent, the induction of IEC apoptosis by TNF is reduced."
"Apoptosis","TNFRSF1B","TNF receptor superfamily member 1B","ENSG00000028137.19","protein_coding",27889570,"It was found that cIAP1 regulates TNF-induced cell death and survival in relation to TNFRSF1B. Specifically, excessive TNF-induced cell death in the intestinal epithelium is mediated by TNF receptor 1, and the loss of cIAP1 prevents TNFRSF1B from regulating IAP, leading to excessive cell death."
"Apoptosis","TNFRSF25","TNF receptor superfamily member 25","ENSG00000215788.11","protein_coding",32139808,"TNFRSF25 participates in apoptosis by interacting with DR3 ligand TL1A/TNFSF15, thereby activating the death-inducing signaling complexes (DISC), leading to Caspase-3-mediated cell death."
"Apoptosis","TNFSF10","TNF superfamily member 10","ENSG00000121858.11","protein_coding",23051914,"TNFSF10 can induce apoptosis, and the primary or acquired resistance of cancer cells to this protein is still relatively wide-spread. The article provides an in-depth overview of the mechanisms involved in the apoptosis induction of TNFSF10/TRAIL.Inhibiting autophagy promoted TNFSF10 DISC formation, suppressed anti-apoptotic factors, and potentiated TNFSF10-induced apoptosis in cancer cells."
"Apoptosis","TNFSF12","TNF superfamily member 12","ENSG00000239697.12","protein_coding",22438963,"TNFSF12 (TWEAK) is shown to induce apoptosis in keratinocytes. It can reduce the mitochondrial membrane potential of cells, promote the release of apoptosis-inducing factor (AIF) from the mitochondria to the nucleus, and trigger non-caspase-dependent apoptosis."
"Apoptosis","TOPORS","TOP1 binding arginine/serine rich protein, E3 ubiquitin ligase","ENSG00000197579.8","protein_coding",15735665,"TOPORS acts as a coactivator of p53 in response to DNA damage and can enhance the stability and activity of p53, thereby inducing apoptosis."
"Apoptosis","TP53","tumor protein p53","ENSG00000141510.18","protein_coding",29149101,"TP53 can directly regulate the transcription of cell death-related genes (such as PUMA and NOXA) and induce apoptosis in non-transformed cells."
"Apoptosis","TP53BP2","tumor protein p53 binding protein 2","ENSG00000143514.18","protein_coding",26663100,"Overexpression of TP53BP2 can induce an increase in apoptosis, while downregulation of TP53BP2 promotes cell proliferation. miR-548d-3P can regulate the expression of TP53BP2 by directly targeting its 3¡¯UTR, which can promote cell proliferation and inhibit apoptosis."
"Apoptosis","TP63","tumor protein p63","ENSG00000073282.14","protein_coding",34193827,"TP63 can mediate the intrinsic apoptosis response induced by ER stress by regulating the expression of Puma."
"Apoptosis","TP73","tumor protein p73","ENSG00000078900.15","protein_coding",23386643,"TP73 promotes apoptosis in prostate cancer cells by being directly activated by KLLN."
"Apoptosis","TPT1","tumor protein, translationally-controlled 1","ENSG00000133112.17","protein_coding",31460785,"TPT1 participates in apoptosis by being directly targeted by miR-204. MiR-204 induces ovarian granulosa cell apoptosis by directly interacting with TPT1. Conversely, TPT1 overexpression can disrupt the apoptotic and cell cycle arrest effects of miR-204."
"Apoptosis","TRADD","TNFRSF1A associated via death domain","ENSG00000102871.16","protein_coding",32968279,"TRADD is involved in the process of apoptosis. By regulating the activation of RIPK1 in the TNFR1 signaling pathway, it inhibits cell death. TRADD deficiency can inhibit proteasomal stress-induced intrinsic apoptosis and RIPK1-dependent extrinsic apoptosis."
"Apoptosis","TRAF1","TNF receptor associated factor 1","ENSG00000056558.11","protein_coding",35538475,"TRAF1 is related to apoptosis by regulating apoptotic pathways in sunitinib-resistant cells. Further experiments showed that TRAF1 overexpression promoted sunitinib resistance by modulating apoptotic pathways in an N6-methyladenosine (m6A)-dependent manner."
"Apoptosis","TRAF2","TNF receptor associated factor 2","ENSG00000127191.18","protein_coding",28017612,"TRAF2 participates in apoptosis by regulating the activation of caspase-8. Its deficiency can cause liver injury, hepatocyte apoptosis, and promote the development of liver cancer. However, TRAF2 can also inhibit cell death induced by TRAIL and CD95L, thereby increasing cell survival."
"Apoptosis","TRAF7","TNF receptor associated factor 7","ENSG00000131653.14","protein_coding",15001576,"TRAF7 participates in apoptosis by inducing caspase-dependent processes. Overexpression of TRAF7 leads to cellular condensation, rounding up, and detachment from the dish, characteristics of apoptotic cells."
"Apoptosis","TRAP1","TNF receptor associated protein 1","ENSG00000126602.11","protein_coding",27422900,"TRAP1 can increase the apoptotic threshold of thyroid cancer cells, inducing resistance to chemotherapy. However, TRAP1 knockdown leads to a significant increase in the ability of chemotherapy drugs to induce cell apoptosis. Additionally, the small molecule compound gamitrinib, which inhibits TRAP1, can also significantly induce apoptosis in thyroid cancer cells. Interfering with TRAP1 expression can also inhibit the activation of the ERK signaling pathway, inducing apoptosis in thyroid cancer cells."
"Apoptosis","TRIAP1","TP53 regulated inhibitor of apoptosis 1","ENSG00000170855.4","protein_coding",33879126,"TRIAP1 is related to apoptosis by regulating the apoptosis pathway and downregulating the expression of its downstream genes, such as p53, p21, apaf1, and caspase9. The expression of p53, p21, apaf1, and caspase9 was increased when the expression of TRIAP1 decreased, suggesting that TRIAP1 can inhibit apoptosis through these genes."
"Apoptosis","TRIB3","tribbles pseudokinase 3","ENSG00000101255.12","protein_coding",30988628,"By upregulating TRIB3, the level of cell apoptosis was significantly increased. The study also found that TRIB3 may promote cell apoptosis by regulating the AKT signaling pathway."
"Apoptosis","TRIM32","tripartite motif containing 32","ENSG00000119401.11","protein_coding",34783942,"TRIM32 inhibition protects podocytes from HG-induced injury by potentiating Nrf2 signaling through modulation of Akt/GSK-3¦Â signaling. Specifically, TRIM32 inhibition by siRNA-mediated gene silencing effectively attenuates HG-induced podocyte apoptosis."
"Apoptosis","TRIM39","tripartite motif containing 39","ENSG00000204599.16","protein_coding",23213251,"TRIM39 is involved in apoptosis regulation through stabilizing p21 to modulate the cell cycle and DNA damage responses. The study found that TRIM39 positively regulates p21 stability and interferes with the formation of the Cdt2-p21 complex, attenuating CRL4Cdt2-mediated ubiquitylation and degradation of p21. TRIM39 is a crucial determinant of cell fate, ablation of TRIM39 leads to destabilization of p21 and increased G1/S transition in unperturbed cells. Furthermore, DNA damage-induced p21 accumulation is completely abolished in cells with depleted TRIM39, abrogating the G2 checkpoint induced by genotoxic stress, leading to increased mitotic entry and, ultimately, apoptosis. "
"Apoptosis","TXNDC12","thioredoxin domain containing 12","ENSG00000117862.13","protein_coding",36436687,"TXNDC12 exhibits cytoprotective effects against H2O2-induced apoptosis in FHM cells. The overexpression of EaTXNDC12 results in significant cell survival compared with the empty pcDNA3.1(+) with different concentrations of H2O2."
"Apoptosis","TYROBP","transmembrane immune signaling adaptor TYROBP","ENSG00000011600.12","protein_coding",37117633,"TYROBP is found to be involved in the regulation of apoptosis in clear cell renal cell carcinoma (ccRCC). The study identified TYROBP as one of the key genes in ccRCC CTCs whose high expression predicted a poor prognosis of ccRCC. Gene enrichment analysis found biological processes related to apoptosis regulation and immune cell interaction."
"Apoptosis","UACA","uveal autoantigen with coiled-coil domains and ankyrin repeats","ENSG00000137831.15","protein_coding",23204231,"UACA plays a role in apoptosis resistance in cancer cells by binding to intracellular PAR-4 and preventing the translocation of the GRP78 receptor to the cell surface, which blocks PAR-4-mediated apoptosis."
"Apoptosis","UBB","ubiquitin B","ENSG00000170315.14","protein_coding",28357285,"The accumulation of UBB was shown to be associated with apoptosis, which resulted from the dysfunction of mitochondria and the proteasome system. The accumulation of UBB phosphorylated tau leading to the production of toxic basic amino acids, triggering a signaling cascade that caused oxidative stress and reduced ATP production causing cell death."
"Apoptosis","UBE2K","ubiquitin conjugating enzyme E2 K","ENSG00000078140.14","protein_coding",33647537,"The experiments showed that Ixazomib could inhibit the expression of UBE2K, increase the expression of other genes related to apoptosis, suppress the proliferation of tumor cells, induce cell apoptosis, and regulate the expression of mitotic- and apoptosis-related genes by lowering UBE2K expression to inhibit the proliferation of myeloma cells."
"Apoptosis","UBE4B","ubiquitination factor E4B","ENSG00000130939.20","protein_coding",36865087,"Experimental evidence demonstrates that different UBE4B mutants have different regulatory effects on p53-mediated apoptosis. In HCT116, p53/ cells, the N-terminal truncations of UBE4B (500-1173, 800-1173) can inhibit p53-induced apoptosis. In addition, silencing the UCB4B gene can promote apoptosis in nasopharyngeal carcinoma cells."
"Apoptosis","UBQLN1","ubiquilin 1","ENSG00000135018.14","protein_coding",33209421,"UBQLN1 is involved in apoptosis through the mTOR/autophagy/p53 signaling pathway, which regulates cell survival, proliferation, and apoptosis. Silencing UBQLN1 can reduce the level of p53 protein and activate autophagy activity, but does not affect proteasome activity. Overexpression of p53 can reverse the effects of UBQLN1 knockdown on cell viability, proliferation, and apoptosis."
"Apoptosis","UMOD","uromodulin","ENSG00000169344.16","protein_coding",28990932,"The UMOD gene mutation p.Cys147Trp is associated with kidney disease and activates ER stress and apoptosis mechanisms in the kidneys. This mutation leads to misfolding of UMOD protein, which accumulates in the nephrons."
"Apoptosis","UNC5B","unc-5 netrin receptor B","ENSG00000107731.12","protein_coding",34381052,"UNC5B-¦¤8 is a constitutively pro-apoptotic splicing isoform, which prevents Netrin-1 prosurvival signaling and finely controls developmental and tumour angiogenesis. In the absence of Netrin-1, UNC5B induces apoptosis through its cytoplasmic death domain (DD), while Netrin-1 ligand binding leads to the inhibition of UNC5B pro-death activity."
"Apoptosis","URI1","URI1 prefoldin like chaperone","ENSG00000105176.18","protein_coding",16436622,"URI1 helps to maintain DNA stability in the germline and prevents apoptotic death resulting from DNA damage. Loss of URI1 led to an increase of apoptotic germ cells in the C. elegans germline, and this increase was suppressed in a cep-1(lf) mutant background. Decreased URI1 expression sensitizes meiotic cells to CEP-1-mediated DNA damage-induced germ cell apoptosis, even in the absence of exogenous DNA damage, indicating the protective role of URI1 against CEP-1-mediated apoptosis in meiotic cells."
"Apoptosis","USP28","ubiquitin specific peptidase 28","ENSG00000048028.12","protein_coding",34584067,"Overexpression of USP28 led to decreased apoptosis in AsPC-1 cells, as evidenced by decreased expression of cleaved forms of caspase-3 and PARP. On the other hand, USP28 knockdown in BxPC-3 cells increased apoptosis induction."
"Apoptosis","USP47","ubiquitin specific peptidase 47","ENSG00000170242.19","protein_coding",34630087,"USP47 plays a crucial role in regulating apoptosis in CRC cells through the USP47-TCEA3-Bax axis. USP47 regulates cell death of CRC cells induced by both pyroptosis and apoptosis, and interacts with transcription elongation factor a3 (TCEA3) to promote its deubiquitination and stabilization, affecting the expression of Bax."
"Apoptosis","VDAC2","voltage dependent anion channel 2","ENSG00000165637.14","protein_coding",12881569,"VDAC2 regulates cell death by specifically inhibiting BAK-dependent mitochondrial apoptosis. The study found that BAK interacts with VDAC2, a mammalian isoform of VDAC that is restricted to mammals and is different from the more abundant VDAC1."
"Apoptosis","VNN1","vanin 1","ENSG00000112299.8","protein_coding",27281478,"VNN1 attenuates Ox-LDL-induced apoptosis by upregulating p53 expression and downregulating BCL-2 expression."
"Apoptosis","WDR35","WD repeat domain 35","ENSG00000118965.16","protein_coding",24803807,"WDR35 is involved in apoptosis of hepatocytes mediated by TNF-¦Á through the activation of caspase-3. LPS significantly induced an increase in WDR35 and caspase-3 activity in rat liver, leading to an increase in the number of TUNEL-positive hepatocytes. The increase in TNF-¦Á expression induced by LPS was preceded by increases in WDR35 and caspase-3 activity. Elevated WDR35 expression and caspase-3 activity were abrogated by pretreatment with anti-TNF-¦Á antibody."
"Apoptosis","WNT4","Wnt family member 4","ENSG00000162552.15","protein_coding",19962424,"The study found that WNT4-deficient mice had a markedly enhanced rate of oocyte apoptosis compared to wild-type mice."
"Apoptosis","WWOX","WW domain containing oxidoreductase","ENSG00000186153.18","protein_coding",22736928,"WWOX is associated with apoptosis and inhibition of cell proliferation. Overexpression of WWOX delays cell cycle progression from G1 to S phase. Meanwhile, WWOX can also promote the decay of mitochondria, causing the release of cytochrome C and the activation of caspase-9 and caspase-3, leading to apoptosis of HCC cells."
"Apoptosis","XBP1","X-box binding protein 1","ENSG00000100219.17","protein_coding",31767828,"XBP1 is involved in apoptosis through promoting the transcription of ER chaperones/ERAD components and supporting efficient NDV replication. NDV infection triggers XBP1s mRNA splicing, which produces XBP1s as a nuclear transcription factor. Knocking down XBP1 reduces the cleavage of PARP and suppresses virus proliferation, indicating that IRE1¦Á-XBP1 triggers apoptosis and supports efficient NDV replication."
"Apoptosis","YAP1","Yes1 associated transcriptional regulator","ENSG00000137693.14","protein_coding",35173533,"MiR-484 regulates the mitochondrial function and apoptosis in GCs, and YAP1 is identified as a direct target of miR-484 in GCs. YAP1 positively regulates GC functions, and its knockdown induces G0/G1-phase arrest and proapoptotic effects in GCs. Overexpression of YAP1 offsets the negative effects of miR-484 overexpression in GCs by regulating mitochondrial function and apoptosis. Therefore, YAP1 is associated with apoptosis in GCs."
"Apoptosis","YBX3","Y-box binding protein 3","ENSG00000060138.13","protein_coding",33480613,"NGR1 can promote cell cycle arrest and apoptosis by downregulating the expression of CCND2 and YBX3 genes, inhibiting the progression of breast cancer."
"Apoptosis","YWHAB","tyrosine 3-monooxygenase/tryptophan 5-monooxygenase activation protein beta","ENSG00000166913.13","protein_coding",33096469,"YWHAB can inhibit the apoptosis process of cells in PCV2 infection. By observing cell apoptosis through flow cytometry, the study found that the degree of apoptosis in cells overexpressing YWHAB after PCV2 infection was relatively mild, while the degree of apoptosis in cells with silenced YWHAB expression significantly increased."
"Apoptosis","YWHAE","tyrosine 3-monooxygenase/tryptophan 5-monooxygenase activation protein epsilon","ENSG00000108953.17","protein_coding",34107979,"YWHAE can inhibits apoptosis through the AKT and MAPK signaling pathways. YWHAE can interfere with the pro-apoptotic mechanisms of mitochondria and activate transcription factors FKHRL1 and Bad."
"Apoptosis","YWHAG","tyrosine 3-monooxygenase/tryptophan 5-monooxygenase activation protein gamma","ENSG00000170027.7","protein_coding",34709972,"Downregulation of YWHAG promotes OGD-induced neuronal apoptosis, while upregulation of YWHAG enhances the viability and represses the apoptosis of OGD/R-injured SH-SY5Y cells. "
"Apoptosis","YWHAH","tyrosine 3-monooxygenase/tryptophan 5-monooxygenase activation protein eta","ENSG00000128245.15","protein_coding",27275396,"Loss of function of YWHAH in mice leads to induction of apoptosis in the cochlea, resulting in the degeneration of cochlear outer hair cells and eventual deafness. Additionally, non-synonymous mutations in YWHAH are linked to the loss of auditory function."
"Apoptosis","YWHAQ","tyrosine 3-monooxygenase/tryptophan 5-monooxygenase activation protein theta","ENSG00000134308.14","protein_coding",31188160,"Under normal cellular conditions, YWHAQ can interact with Bax and sequester it in the cytoplasm to protect the cell from apoptosis, therefore, YWHAQ is associated with apoptosis by interacting with Bax.The RFX5-YWHAQ pathway promotes the clonogenic growth and tumorigenicity of HCC by suppressing apoptosis. Overexpression of YWHAQ could fully recover the colony numbers of RFX5-treated HCC cells and significantly suppress the apoptosis induced by RFX5 knockdown in HCC cells."
"Apoptosis","YWHAZ","tyrosine 3-monooxygenase/tryptophan 5-monooxygenase activation protein zeta","ENSG00000164924.18","protein_coding",32989225,"YWHAZ is shown to interact with the apoptosis regulator Bax to negatively regulate apoptosis by sequestering Bax in the cytoplasm."
"Apoptosis","ZC3HC1","zinc finger C3HC-type containing 1","ENSG00000091732.17","protein_coding",12748172,"In Ba/F3 cells, ZC3HC1 can exhibit its anti-apoptotic function by inhibiting apoptosis induced by IL-3 deprivation. The anti-apoptotic effect of ZC3HC1 requires its correct nuclear localization signal.ZC3HC1 can interact with NPM-ALK and inhibit apoptosis by activating the PI3-kinase/AKT signaling pathway with NPM-ALK in the cytoplasm."
"Apoptosis","ZDHHC3","zinc finger DHHC-type palmitoyltransferase 3","ENSG00000163812.16","protein_coding",22240897,"ZDHHC3 was discovered as a new regulator of TRAIL/DR4-mediated apoptosis. ZDHHC3 localizes DR4 to the plasma membrane via the DHHC motif."
"Apoptosis","ZMYND11","zinc finger MYND-type containing 11","ENSG00000015171.21","protein_coding",32192854,"Overexpression of ZMYND11 can promote apoptosis and suppress glioma cell proliferation."
"Apoptosis","ZNF205","zinc finger protein 205","ENSG00000122386.11","protein_coding",30556283,"Through TUNEL staining that knocking down ZNF205-AS1 or EGR4 can promote apoptosis of tumor tissues in the lung cancer subtype, and concurrent knockdown of both can more significantly promote apoptosis."
"Apoptosis","ZNF385A","zinc finger protein 385A","ENSG00000161642.18","protein_coding",36834567,"High expression of ZNF385A was correlated with poor overall survival in HCC patients. GSEA analysis suggested that ZNF385A was significantly associated with cancer-related processes such as p53 signaling pathway, apoptosis, and cell adhesion, indicating its potential association with apoptosis."
"Apoptosis","ZNF385B","zinc finger protein 385B","ENSG00000144331.20","protein_coding",22945289,"The longest transcript variant of ZNF385B containing four zinc-finger domains induces apoptosis, whereas a deletion mutant with three zinc-finger domains inhibits apoptosis.ZNF385B has both proapoptotic and antiapoptotic activities depending on the isoform, making it a novel player in GC B-cell selection."
"Apoptosis","ZNF622","zinc finger protein 622","ENSG00000173545.5","protein_coding",21771788,"ZNF622 was found to be closely related to apoptosis mediated by ASK1 signaling pathway. Specifically, ZNF622 physically interacts with ASK1 and acts as a positive regulator by stimulating ASK1 kinase activity, enhancing JNK and p38 signaling cascades, and modulating complex formation between ASK1 and its negative regulators Trx and 14-3-3, or increasing complex formation between ASK1 and its substrate MKK3. The phosphorylation of ZNF622 by ASK1 at Ser314 and Thr318 is critical in stimulating ASK1 activity and enhancing JNK-mediated transactivation and H2O2-induced apoptosis."
"Apoptosis","ZSWIM2","zinc finger SWIM-type containing 2","ENSG00000163012.4","protein_coding",16522193,"ZSWIM2 is a testis-specific E3 ubiquitin ligase that promotes death receptor-induced apoptosis through Fas, DR3, and DR4 signaling. The enhancement of apoptosis by MEX requires a functional SWIM domain."
"Apoptosis","ANP32A","acidic nuclear phosphoprotein 32 family member A","ENSG00000140350.15","protein_coding",25866766,"During the development process of the mouse brain, ANP32A is enriched in mouse Purkinje cells. ANP32A plays an important role in neural development and differentiation by controlling neuronal apoptosis."
"Apoptosis","AVEN","apoptosis and caspase activation inhibitor","ENSG00000169857.9","protein_coding",21718987,"AVEN is expressed in mammalian testis and may be related to testicular development and maturation.AVEN is an apoptosis inhibitor that acts by enhancing anti-apoptotic protein Bcl-xL and inhibiting pro-apoptotic protein Apaf-1 self-assembly, thereby inhibiting caspase activation and apoptosis.AVEN may participate in DNA damage response as an ataxia-telangiectasia protein kinase activator, inhibiting G2/M cell cycle progression."
"Apoptosis","BIRC2","baculoviral IAP repeat containing 2","ENSG00000110330.10","protein_coding",24380498,"BIRC2 is a cell apoptosis inhibitor that can suppress Caspase activation and bioactivity by modulating the apoptotic signaling pathway.EECP can protect vascular endothelial cells from apoptosis by up-regulating the BIRC2 gene and down-regulating the Apaf-1 gene, inhibiting the activation of the Caspase cascade and exerting an anti-apoptotic effect."
"Apoptosis","BIRC3","baculoviral IAP repeat containing 3","ENSG00000023445.16","protein_coding",33413657,"BIRC3 plays a role in cancer cells to resist apoptosis or programmed cell death, and is associated with resistance to chemoimmunotherapy, poor prognosis, and shorter progression-free survival in chronic lymphocytic leukemia. BIRC3 inactivation bears consequences also on the tumor cells relying on NF-kB pathway to survive, and BIRC3 expression increases with the progression from low-grade gliomas to high-grade gliomas."
"Apoptosis","CASP6","caspase 6","ENSG00000138794.10","protein_coding",24727569,"The activation of CASP6 leads to apoptosis of retinal ganglion cells and axonal degeneration, which affects the function and survival of the retina."
"Apoptosis","CASP7","caspase 7","ENSG00000165806.21","protein_coding",36715920,"MiR-212-5p can reduce the activation of CASP7 and thus decrease the incidence of cell apoptosis in a neuronal cell model induced by hydrogen peroxide.The lncfos/miR-212-5p/CASP7 axis inhibits neuronal cell apoptosis by regulating miR-212-5p."
"Apoptosis","CSE1L","chromosome segregation 1 like","ENSG00000124207.17","protein_coding",20701792,"CSE1L can regulate chemotherapeutic drug-induced cancer cell apoptosis, possibly by associating with microtubules and p53. "
"Apoptosis","CYCS","cytochrome c, somatic","ENSG00000172115.9","protein_coding",34208159,"CYCS is an important component of the apoptosome, which initiates the caspase cascade to induce apoptosis. In addition, zinc can negatively regulate the promoter transcriptional activity of CYCS through MTF-1 and HNF-1¦Á, downregulate the mRNA and total protein expression of CYCS."
"Apoptosis","SH3GLB1","SH3 domain containing GRB2 like, endophilin B1","ENSG00000097033.15","protein_coding",23680845,"SH3GLB1 is a haploinsufficient tumor suppressor that prevents the acquisition of apoptosis resistance and malignant transformation during Myc-driven lymphomagenesis. Allelic loss of SH3GLB1 results in the accumulation of ER-associated immature autophagosomes and suppresses the maturation of autophagosomes."
"Apoptosis","TNFRSF10D","TNF receptor superfamily member 10d","ENSG00000173530.6","protein_coding",36064702,"TNFRSF10D exerts a pro-apoptotic effect by binding to its ligands TNFSF10 and MIF."
"Apoptosis","XIAP","X-linked inhibitor of apoptosis","ENSG00000101966.14","protein_coding",29343508,"XIAP expression is reduced in degenerative nucleus pulposus tissues and areas of excess inflammatory cytokines, leading to cell apoptosis and metabolic activity imbalance. In nucleus pulposus cells, miR-200c inhibits expression of XIAP. Further research revealed that the lack of XIAP induces nucleus pulposus cells apoptosis, resulting in matrix metabolism imbalance."
"Apoptosis","CHMP2A","charged multivesicular body protein 2A","ENSG00000130724.10","protein_coding",35393416,"CHMP2A is involved in apoptosis regulation by secreting EVs that express MICA/B and TRAIL, inducing apoptosis in NK cells and limiting their cytotoxic potential, thus regulating tumor sensitivity to natural killer cell-mediated cytotoxicity."
"Apoptosis","CHMP2B","charged multivesicular body protein 2B","ENSG00000083937.10","protein_coding",24789905,"CHMP2B is involved in apoptosis regulation by impairing autophagy function, resulting in intracellular protein aggregate accumulation, unfolded protein response activation, and subsequent cardiomyocyte apoptosis. CHMP2B is necessary for cell viability, and mutations in CHMP2B have been found in familial neurodegenerative diseases, in which, consistent with apoptosis markers, CHMP2B forms insoluble aggregates, disrupting proteostasis and leading to toxicity and cell death."
"Apoptosis","CHMP3","charged multivesicular body protein 3","ENSG00000115561.16","protein_coding",31541468,"The upregulation of CHMP3 gene leads to cell cycle arrest and apoptosis in triple-negative breast cancer cells."
"Apoptosis","CHMP4B","charged multivesicular body protein 4B","ENSG00000101421.4","protein_coding",16407552,"CHMP4B is linked to apoptosis because Alix protein needs to bind with ALG-2 and CHMP4B to induce apoptosis of neuroepithelial cells."
"Apoptosis","CHMP4C","charged multivesicular body protein 4C","ENSG00000164695.5","protein_coding",26712741,"CHMP4C is involved in apoptosis regulation by facilitating cellular proliferation, radiation resistance, and cell viability, as well as resisting apoptosis. Combined CHMP4C silencing and irradiation result in more evident apoptosis than single treatment."
"Apoptosis","CHMP6","charged multivesicular body protein 6","ENSG00000176108.9","protein_coding",19270365,"CHMP6 is involved in apoptosis regulation by inducing cellular death via both oncosis and apoptosis. Overexpression of CHMP6 induces cellular oncosis and apoptosis in HeLa cells by causing cellular swelling, organelle swelling, and increased membrane permeability. "
"Apoptosis","ELANE","elastase, neutrophil expressed","ENSG00000197561.7","protein_coding",34580954,"ELANE is involved in apoptosis regulation by causing reduced NE and SLPI expression in dental pulp cells, affecting the behavior, survival, and inflammatory responses of cells, and increasing the rates of cell apoptosis and ROS formation."
"Apoptosis","GPX4","glutathione peroxidase 4","ENSG00000167468.20","protein_coding",33472669,"GPX4 is involved in apoptosis regulation by modulating the mitochondrial pathway. Knockdown of GPX4 downregulates the anti-apoptotic proteins Bcl-2 and Bcl-xl while upregulating the apoptotic proteins Bax and Bim. Moreover, GPX4 induces apoptosis through up-regulation of EGR1 in TNBC cells."
"Apoptosis","GSDMB","gasdermin B","ENSG00000073605.19","protein_coding",36607980,"The study on the involvement of GSDMB in apoptosis was conducted through cell culture experiments to investigate its effect on human keratinocytes proliferation and apoptosis. The results showed that down-regulation of GSDMB expression can promote apoptosis and inhibit cell proliferation."
"Apoptosis","GSDMC","gasdermin C","ENSG00000147697.9","protein_coding",32929201,"GSDMC is involved in apoptosis regulation by shifting cancer cell death from apoptosis to pyroptosis, leading to tumor necrosis when activated by TNF¦Á. Specifically, GSDMC is cleaved by caspase-8, generating an N-terminal pore-forming fragment causing pyroptotic cell death."
"Apoptosis","GSDMD","gasdermin D","ENSG00000104518.11","protein_coding",28459430,"GSDMD is involved in apoptosis regulation by being cleaved and activated by caspases, including caspase-1, -4, -5, and -11, which release its autoinhibition and allow its pore-forming activity to execute pyroptosis, a form of programmed cell death. However, the expression or expression level of GSDME determines whether caspase-3 induces apoptosis or pyroptosis."
"Apoptosis","HMGB1","high mobility group box 1","ENSG00000189403.15","protein_coding",31136947,"HMGB1 is involved in apoptosis regulation by promoting vascular endothelial cell apoptosis through its binding with RAGE, which contributes to vascular injury during limb ischemia/reperfusion. Cell apoptosis was analyzed by Hoechst staining and flow cytometry assays, and it was found that HMGB1-RAGE interaction promotes cell apoptosis through inflammatory responses that contribute to ischemia/reperfusion-induced vascular injuries."
"Apoptosis","IL18","interleukin 18","ENSG00000150782.12","protein_coding",32182210,"IL18 is involved in apoptosis regulation by promoting cell apoptosis in chondrocytes. Western blot experiments demonstrated that IL18 stimulation increased the expression of the pro-apoptotic protein Bax, decreased the expression of the anti-apoptotic protein Bcl2, and activated Caspase3/9."
"Apoptosis","IRF1","interferon regulatory factor 1","ENSG00000125347.15","protein_coding",25501823,"IRF1 is an essential transcriptional activator that is necessary for the induction of TNF¦Á and apoptosis triggered by BV6.IRF1 is involved in apoptosis regulation by serving as a critical regulator in Smac mimetic-induced cell death. Knockdown of IRF1 rescues cells from apoptosis triggered by BV6 and attenuates the upregulation of TNF¦Á, implying that IRF1 induces cell death by inducing TNF¦Á. IRF1 also cooperates with NF-¦ÊB in BV6-induced cell death."
"Apoptosis","IRF2","interferon regulatory factor 2","ENSG00000168310.12","protein_coding",34893086,"Knocking down the expression of CENP-N in NPC cell lines could promote apoptosis.The researchers also proved that IRF2 could directly act on the promoter of CENP-N and promote its transcription."
"Apoptosis","NLRC4","NLR family CARD domain containing 4","ENSG00000091106.19","protein_coding",33494299,"Early studies have shown that the activation of NLRP3 and NLRC4 can induce the cleavage of PARP1, a DNA damage sensor, which is a shared feature of apoptotic and pyroptotic cell death pathways."
"Apoptosis","NLRP1","NLR family pyrin domain containing 1","ENSG00000091592.17","protein_coding",35707533,"NLRP1 is involved in apoptosis regulation through its role in activating caspase-1 and promoting the cleavage of proinflammatory cytokines such as interleukin-1b and interleukin-18 into their active and secreted forms."
"Apoptosis","NLRP2","NLR family pyrin domain containing 2","ENSG00000022556.16","protein_coding",31709256,"The researchers conducted a series of experiments and found that NLRP2 overexpression may affect the activity of NF-¦ÊB and inhibit apoptotic response. Similarly, silencing NLRP2 results in cystinotic PTEC releasing fewer cytokines and increased apoptosis rates."
"Apoptosis","NLRP3","NLR family pyrin domain containing 3","ENSG00000162711.18","protein_coding",34321623,"Apoptotic effectors such as caspases have been found to promote NLRP3 inflammasome activation, while certain effectors such as cytochrome c, Bcl-2, and XIAP have been shown to inhibit NLRP3 inflammasome activation."
"Apoptosis","NLRP6","NLR family pyrin domain containing 6","ENSG00000174885.13","protein_coding",33314083,"In some cases, NLRP6 can work by inducing caspases instead of inflammasomes. For example, it was found that in intestinal epithelial cells, NLRP6 could take over the repair of DNA and coordinate the function of cell apoptosis and mucus cells."
"Apoptosis","NLRP7","NLR family pyrin domain containing 7","ENSG00000167634.12","protein_coding",32814763,"Mutations in NLRP7 can lead to abnormal hyperproliferation of extraembryonic tissue causing complete hydatidiform mole, and this pathological process is indirectly achieved by activating the host cell apoptosis program through NLRP7. In addition, the document also points out that NLRP7 is one of the cell cycle regulatory genes, and its abnormal expression may have an impact on cell cycle and aging process."
"Apoptosis","NOD1","nucleotide binding oligomerization domain containing 1","ENSG00000106100.11","protein_coding",30384473,"By inhibiting the NOD1 signal pathway, Evodiamine can induce apoptosis in SMMC-7721 and HepG2 cells.Evodiamine can reduce the expression of NOD1, p-P65, p-ERK, p-p38, and p-JNK, and increase the expression of I¦ÊB¦Á thereby inhibiting the cell proliferation of HCC."
"Apoptosis","PLCG1","phospholipase C gamma 1","ENSG00000124181.15","protein_coding",25252913,"The researchers found that a recurrent activating mutation in the PLCG gene has a frequency of 30% in patients with primary cardiac angiosarcomas. Experiments on the PLCG1 gene showed that this mutation increases the apoptosis resistance and invasiveness of endothelial cells. In addition, processes such as diabetes, vaccination, oxidative stress can activate the PLCG1 gene and enhance cell survival."
"Apoptosis","PRKACA","protein kinase cAMP-activated catalytic subunit alpha","ENSG00000072062.16","protein_coding",35295332,"In the scopolamine-induced cognitive impairment mouse model, PRKACA is a protein related to dopaminergic synapse and apoptosis signaling pathways. The PPI network shows that PRKACA plays an important role in the apoptosis pathway."
"Apoptosis","SCAF11","SR-related CTD associated factor 11","ENSG00000139218.18","protein_coding",35309514,"SCAF11, as an intracellular receptor for LPS, regulates pyroptosis and promotes the progression of liver cancer.The researchers conducted loss-of-function experiments on liver cancer cell lines and found that suppression of SCAF11 expression inhibited the proliferation, migration, and invasion of cancer cells, and induced apoptosis."
"Apoptosis","AIM2","absent in melanoma 2","ENSG00000163568.16","protein_coding",25879280,"The AIM2 inflammasome can induce both pyroptosis and apoptosis. Specifically, AIM2 can activate caspase-8 to induce apoptosis in the absence of caspase-1."
"Apoptosis","GSDMA","gasdermin A","ENSG00000167914.12","protein_coding",33406603,"GSDMA is a member of the protein family that can activate cell apoptosis. It is regulated by antigen particles released from tumor cells, which can be recognized by cytotoxic lymphocytes to promote the body's immune system to attack and destroy tumor cells. GSDMA regulates the apoptotic process of tumor cells through oxidative stress and chemokine action."
"Apoptosis","IL6","interleukin 6","ENSG00000136244.12","protein_coding",30918019,"IL6 regulates cell survival and proliferation by activating STAT3 and participates in the regulation of pathways such as cell cycle, P53 signaling pathway, cancer miRNA, and other signaling pathways in cancer. Therefore, IL6 may be involved in regulating cell apoptosis in these pathways. In addition, CKLF1 inhibits apoptosis by activating the IL6/STAT3 signaling pathway, suggesting the influence of IL6 on apoptosis."
"Apoptosis","NOD2","nucleotide binding oligomerization domain containing 2","ENSG00000167207.15","protein_coding",11385576,"NOD2 normally makes cells sensitive to microbial components and suppresses the release of proinflammatory cytokines by activating NF-kB.NOD2 was found to activate NF-kB, which is an important factor regulating both inflammatory response and cell death. Moreover, the study suggests that defects in NOD2 protein affect the activation and signaling of NF-kB."
"Apoptosis","FOXO3","forkhead box O3","ENSG00000118689.15","protein_coding",29938591,"FOXO3 is found to link the cell's autophagy and apoptosis through a transcriptional mechanism. When autophagy is inhibited, FOXO3 upregulates the transcription of the pro-apoptotic gene BBC3/PUMA, making the cell more prone to undergo apoptosis."
"Apoptosis","PARL","presenilin associated rhomboid like","ENSG00000175193.14","protein_coding",16839872,"PARL cleaves OPA1 to generate a shorter form of OPA1 that is critical for maintaining the bottleneck configuration of cristae and the compartmentalization of proteins, including cytochrome c, which protects mitochondria from apoptosis."
