"deathtype","gene","description","gene_id","gene_biotype","pmid","comment"
"Autophagy_dependent_cell_death","ABHD5","abhydrolase domain containing 5, lysophosphatidic acid acyltransferase","ENSG00000011198.10","protein_coding",25315780,"increased activity of ABHD5 increases autophagy of cells,autophagy of mitochondria;increased activity of ABHD5 increases autophagy by muscle cell lines"
"Autophagy_dependent_cell_death","ABL1","ABL proto-oncogene 1, non-receptor tyrosine kinase","ENSG00000097007.20","protein_coding",20841568,"increased activity of ABL1 affects autophagy"
"Autophagy_dependent_cell_death","ABL2","ABL proto-oncogene 2, non-receptor tyrosine kinase","ENSG00000143322.22","protein_coding",20841568,"increased activity of ABL2 affects autophagy"
"Autophagy_dependent_cell_death","ACBD5","acyl-CoA binding domain containing 5","ENSG00000107897.20","protein_coding",24535825,"increased activity of ACBD5 increases autophagy of peroxisomes"
"Autophagy_dependent_cell_death","ACLY","ATP citrate lyase","ENSG00000131473.17","protein_coding",24560926,"decreased activity of ACLY increases autophagy"
"Autophagy_dependent_cell_death","ACP2","acid phosphatase 2, lysosomal","ENSG00000134575.13","protein_coding",18690537,"increased activity of ACP2 affects autophagic cell death"
"Autophagy_dependent_cell_death","ACSL1","acyl-CoA synthetase long chain family member 1","ENSG00000151726.16","protein_coding",26220174,"decreased activity of ACSL1 decreases autophagy"
"Autophagy_dependent_cell_death","ADIPOQ","adiponectin, C1Q and collagen domain containing","ENSG00000181092.10","protein_coding",23894332,"increased activity of ADIPOQ decreases autophagy of ventricular myocytes;decreased activity of ADIPOQ increases autophagy of cardiomyocytes"
"Autophagy_dependent_cell_death","AGT","angiotensinogen","ENSG00000135744.9","protein_coding",19433781,"increased activity of AGT increases autophagy of cardiomyocytes"
"Autophagy_dependent_cell_death","AGT","angiotensinogen","ENSG00000135744.9","protein_coding",23894332,"increased activity of AGT increases autophagy of cardiomyocytes"
"Autophagy_dependent_cell_death","AGT","angiotensinogen","ENSG00000135744.9","protein_coding",23326547,"increased activity of AGT increases autophagy of ventricular myocytes"
"Autophagy_dependent_cell_death","AGER","advanced glycosylation end-product specific receptor","ENSG00000204305.16","protein_coding",22509024,"decreased activity of AGER decreases autophagy of pancreatic cancer cell lines;decreased activity of AGER decreases autophagy"
"Autophagy_dependent_cell_death","AGER","advanced glycosylation end-product specific receptor","ENSG00000204305.16","protein_coding",19834494,"decreased activity of AGER decreases autophagy of pancreatic cancer cell lines"
"Autophagy_dependent_cell_death","AGER","advanced glycosylation end-product specific receptor","ENSG00000204305.16","protein_coding",22293957,"increased activity of AGER increases autophagy"
"Autophagy_dependent_cell_death","AGTR1","angiotensin II receptor type 1","ENSG00000144891.19","protein_coding",19433781,"increased activity of AGTR1 increases autophagy of cardiomyocytes"
"Autophagy_dependent_cell_death","AGTR2","angiotensin II receptor type 2","ENSG00000180772.8","protein_coding",19433781,"increased activity of AGTR2 decreases autophagy of cardiomyocytes"
"Autophagy_dependent_cell_death","AKT1","AKT serine/threonine kinase 1","ENSG00000142208.18","protein_coding",15833867,"increased activity of AKT1 decreases autophagy of brain cancer cell lines;decreased activity of AKT1 increases autophagy of brain cancer cell lines"
"Autophagy_dependent_cell_death","AKT1","AKT serine/threonine kinase 1","ENSG00000142208.18","protein_coding",11477064,"decreased activity of AKT1 increases macroautophagy of cells;increased activity of AKT1 decreases macroautophagy of cells"
"Autophagy_dependent_cell_death","AKT1","AKT serine/threonine kinase 1","ENSG00000142208.18","protein_coding",21307249,"increased activity of AKT1 decreases autophagy of dopaminergic neurons,macroautophagy of cells"
"Autophagy_dependent_cell_death","AKT1","AKT serine/threonine kinase 1","ENSG00000142208.18","protein_coding",18054315,"increased activity of AKT1 decreases autophagy of muscle"
"Autophagy_dependent_cell_death","AKT1","AKT serine/threonine kinase 1","ENSG00000142208.18","protein_coding",21307130,"decreased activity of AKT1 increases autophagy of brain cancer cell lines"
"Autophagy_dependent_cell_death","AKT1","AKT serine/threonine kinase 1","ENSG00000142208.18","protein_coding",18838554,"decreased activity of AKT1 increases autophagy of brain cancer cell lines;decreased activity of AKT1 increases autophagy of brain cancer cell lines;decreased activity of AKT1 increases autophagy of prostate cancer cell lines;decreased activity of AKT1 increases autophagy of prostate cancer cell lines"
"Autophagy_dependent_cell_death","AKT1","AKT serine/threonine kinase 1","ENSG00000142208.18","protein_coding",18387192,"increased activity of AKT1 decreases autophagy"
"Autophagy_dependent_cell_death","AKT2","AKT serine/threonine kinase 2","ENSG00000105221.18","protein_coding",21307130,"decreased activity of AKT2 increases autophagy of brain cancer cell lines"
"Autophagy_dependent_cell_death","AKT2","AKT serine/threonine kinase 2","ENSG00000105221.18","protein_coding",18838554,"decreased activity of AKT2 increases autophagy of brain cancer cell lines;decreased activity of AKT2 increases autophagy of brain cancer cell lines;decreased activity of AKT2 increases autophagy of prostate cancer cell lines;decreased activity of AKT2 increases autophagy of prostate cancer cell lines"
"Autophagy_dependent_cell_death","AKT3","AKT serine/threonine kinase 3","ENSG00000117020.19","protein_coding",21307130,"decreased activity of AKT3 increases autophagy of brain cancer cell lines"
"Autophagy_dependent_cell_death","AKT3","AKT serine/threonine kinase 3","ENSG00000117020.19","protein_coding",18838554,"decreased activity of AKT3 increases autophagy of brain cancer cell lines;decreased activity of AKT3 increases autophagy of prostate cancer cell lines;decreased activity of AKT3 increases autophagy of prostate cancer cell lines"
"Autophagy_dependent_cell_death","AKT3","AKT serine/threonine kinase 3","ENSG00000117020.19","protein_coding",24081905,"decreased activity of AKT3 increases autophagy of vascular endothelial cells"
"Autophagy_dependent_cell_death","ALB","albumin","ENSG00000163631.17","protein_coding",23698718,"increased activity of ALB decreases autophagy of pancreatic cancer cell lines"
"Autophagy_dependent_cell_death","AMBRA1","autophagy and beclin 1 regulator 1","ENSG00000110497.15","protein_coding",20145727,"increased activity of AMBRA1 increases autophagy"
"Autophagy_dependent_cell_death","AMBRA1","autophagy and beclin 1 regulator 1","ENSG00000110497.15","protein_coding",17589504,"increased activity of AMBRA1 affects autophagy"
"Autophagy_dependent_cell_death","AMBRA1","autophagy and beclin 1 regulator 1","ENSG00000110497.15","protein_coding",20125189,"increased activity of AMBRA1 increases formation of autophagosomes"
"Autophagy_dependent_cell_death","AMBRA1","autophagy and beclin 1 regulator 1","ENSG00000110497.15","protein_coding",25117440,"increased activity of AMBRA1 increases autophagy"
"Autophagy_dependent_cell_death","AMFR","autocrine motility factor receptor","ENSG00000159461.15","protein_coding",23427266,"increased activity of AMFR increases autophagy of mitochondria;decreased activity of AMFR decreases autophagy of mitochondria;increased activity of AMFR increases autophagy of mitochondria"
"Autophagy_dependent_cell_death","ANXA7","annexin A7","ENSG00000138279.16","protein_coding",24007983,"increased activity of ANXA7 affects autophagy"
"Autophagy_dependent_cell_death","APAF1","apoptotic peptidase activating factor 1","ENSG00000120868.14","protein_coding",18256270,"decreased activity of APAF1 increases autophagy of neurons"
"Autophagy_dependent_cell_death","APOL1","apolipoprotein L1","ENSG00000100342.22","protein_coding",18505729,"increased activity of APOL1 increases autophagic cell death;increased activity of APOL1 increases autophagic cell death"
"Autophagy_dependent_cell_death","APOL6","apolipoprotein L6","ENSG00000221963.6","protein_coding",21646352,"increased activity of APOL6 increases autophagy"
"Autophagy_dependent_cell_death","APP","amyloid beta precursor protein","ENSG00000142192.22","protein_coding",20660724,"increased activity of APP increases autophagy of brain cancer cell lines"
"Autophagy_dependent_cell_death","APP","amyloid beta precursor protein","ENSG00000142192.22","protein_coding",23505467,"increased activity of APP increases autophagy of hepatoma cell lines"
"Autophagy_dependent_cell_death","APP","amyloid beta precursor protein","ENSG00000142192.22","protein_coding",26663083,"unknown change in activity of APP affects autophagy"
"Autophagy_dependent_cell_death","ARF6","ADP ribosylation factor 6","ENSG00000165527.8","protein_coding",22351926,"decreased activity of ARF6 affects formation of autophagosomes;increased activity of ARF6 affects formation of autophagosomes"
"Autophagy_dependent_cell_death","ARSA","arylsulfatase A","ENSG00000100299.18","protein_coding",8037,"increased activity of ARSA affects autophagy"
"Autophagy_dependent_cell_death","ARSB","arylsulfatase B","ENSG00000113273.17","protein_coding",8037,"increased activity of ARSB affects autophagy"
"Autophagy_dependent_cell_death","ATF4","activating transcription factor 4","ENSG00000128272.18","protein_coding",20145727,"increased activity of ATF4 affects autophagy of breast cancer cell lines"
"Autophagy_dependent_cell_death","ATG10","autophagy related 10","ENSG00000152348.16","protein_coding",15657430,"increased activity of ATG10 affects autophagy"
"Autophagy_dependent_cell_death","ATG10","autophagy related 10","ENSG00000152348.16","protein_coding",23451179,"decreased activity of ATG10 decreases autophagy of colorectal cancer cell lines"
"Autophagy_dependent_cell_death","ATG12","autophagy related 12","ENSG00000145782.13","protein_coding",20077024,"increased activity of ATG12 affects formation of autophagosomes;decreased activity of ATG12 decreases autophagy of cells"
"Autophagy_dependent_cell_death","ATG12","autophagy related 12","ENSG00000145782.13","protein_coding",19029814,"increased activity of ATG12 affects formation of autophagosomes"
"Autophagy_dependent_cell_death","ATG12","autophagy related 12","ENSG00000145782.13","protein_coding",20145727,"increased activity of ATG12 increases autophagy"
"Autophagy_dependent_cell_death","ATG12","autophagy related 12","ENSG00000145782.13","protein_coding",11890701,"increased activity of ATG12 affects autophagy"
"Autophagy_dependent_cell_death","ATG12","autophagy related 12","ENSG00000145782.13","protein_coding",18059433,"increased activity of ATG12 affects autophagy"
"Autophagy_dependent_cell_death","ATG13","autophagy related 13","ENSG00000175224.17","protein_coding",20147746,"increased activity of ATG13 affects formation of autophagosomes;decreased activity of ATG13 decreases autophagy of cells;increased activity of ATG13 increases autophagy of cells"
"Autophagy_dependent_cell_death","ATG13","autophagy related 13","ENSG00000175224.17","protein_coding",22935804,"increased activity of ATG13 increases autophagy of neurons"
"Autophagy_dependent_cell_death","ATG13","autophagy related 13","ENSG00000175224.17","protein_coding",19258318,"increased activity of ATG13 increases autophagy of fibroblast cell lines"
"Autophagy_dependent_cell_death","ATG14","autophagy related 14","ENSG00000126775.9","protein_coding",23878393,"increased activity of ATG14 affects macroautophagy of cells"
"Autophagy_dependent_cell_death","ATG14","autophagy related 14","ENSG00000126775.9","protein_coding",19270693,"increased activity of ATG14 increases autophagy"
"Autophagy_dependent_cell_death","ATG14","autophagy related 14","ENSG00000126775.9","protein_coding",20145727,"increased activity of ATG14 increases autophagy;increased activity of ATG14 affects autophagy"
"Autophagy_dependent_cell_death","ATG14","autophagy related 14","ENSG00000126775.9","protein_coding",20356743,"increased activity of ATG14 increases autophagy"
"Autophagy_dependent_cell_death","ATG14","autophagy related 14","ENSG00000126775.9","protein_coding",19270696,"increased activity of ATG14 affects autophagy"
"Autophagy_dependent_cell_death","ATG14","autophagy related 14","ENSG00000126775.9","protein_coding",20713597,"decreased activity of ATG14 decreases autophagy of embryonic stem cells"
"Autophagy_dependent_cell_death","ATG16L1","autophagy related 16 like 1","ENSG00000085978.22","protein_coding",20077024,"increased activity of ATG16L1 affects formation of autophagosomes"
"Autophagy_dependent_cell_death","ATG16L1","autophagy related 16 like 1","ENSG00000085978.22","protein_coding",18849965,"decreased activity of ATG16L1 affects autophagy"
"Autophagy_dependent_cell_death","ATG16L1","autophagy related 16 like 1","ENSG00000085978.22","protein_coding",19966812,"increased activity of ATG16L1 increases autophagy of dendritic cells"
"Autophagy_dependent_cell_death","ATG2A","autophagy related 2A","ENSG00000110046.13","protein_coding",22219374,"decreased activity of ATG2A increases accumulation of autophagosomes"
"Autophagy_dependent_cell_death","ATG2B","autophagy related 2B","ENSG00000066739.12","protein_coding",22219374,"decreased activity of ATG2B increases accumulation of autophagosomes"
"Autophagy_dependent_cell_death","ATG3","autophagy related 3","ENSG00000144848.11","protein_coding",24035364,"increased activity of ATG3 affects macroautophagy of cells"
"Autophagy_dependent_cell_death","ATG3","autophagy related 3","ENSG00000144848.11","protein_coding",20077024,"increased activity of ATG3 affects formation of autophagosomes"
"Autophagy_dependent_cell_death","ATG3","autophagy related 3","ENSG00000144848.11","protein_coding",18768753,"decreased activity of ATG3 affects autophagy;decreased activity of ATG3 affects autophagy"
"Autophagy_dependent_cell_death","ATG3","autophagy related 3","ENSG00000144848.11","protein_coding",20723759,"unknown change in activity of ATG3 increases autophagy of fibroblast cell lines"
"Autophagy_dependent_cell_death","ATG4A","autophagy related 4A cysteine peptidase","ENSG00000101844.18","protein_coding",12446702,"increased activity of ATG4A affects autophagy"
"Autophagy_dependent_cell_death","ATG4B","autophagy related 4B cysteine peptidase","ENSG00000168397.17","protein_coding",18387192,"increased activity of ATG4B affects autophagy"
"Autophagy_dependent_cell_death","ATG4B","autophagy related 4B cysteine peptidase","ENSG00000168397.17","protein_coding",12446702,"increased activity of ATG4B affects autophagy;increased activity of ATG4B affects autophagy;increased activity of ATG4B increases accumulation of autophagic vacuoles"
"Autophagy_dependent_cell_death","ATG4B","autophagy related 4B cysteine peptidase","ENSG00000168397.17","protein_coding",20077024,"increased activity of ATG4B affects formation of autophagosomes"
"Autophagy_dependent_cell_death","ATG4C","autophagy related 4C cysteine peptidase","ENSG00000125703.15","protein_coding",12446702,"increased activity of ATG4C affects autophagy;increased activity of ATG4C affects autophagy;increased activity of ATG4C increases accumulation of autophagic vacuoles"
"Autophagy_dependent_cell_death","ATG4C","autophagy related 4C cysteine peptidase","ENSG00000125703.15","protein_coding",17442669,"decreased activity of ATG4C affects autophagy"
"Autophagy_dependent_cell_death","ATG4D","autophagy related 4D cysteine peptidase","ENSG00000130734.10","protein_coding",12446702,"increased activity of ATG4D affects autophagy"
"Autophagy_dependent_cell_death","ATG5","autophagy related 5","ENSG00000057663.16","protein_coding",20077024,"increased activity of ATG5 affects formation of autophagosomes"
"Autophagy_dependent_cell_death","ATG5","autophagy related 5","ENSG00000057663.16","protein_coding",19029814,"increased activity of ATG5 affects formation of autophagosomes"
"Autophagy_dependent_cell_death","ATG5","autophagy related 5","ENSG00000057663.16","protein_coding",20096553,"increased activity of ATG5 affects formation of autophagosomes"
"Autophagy_dependent_cell_death","ATG5","autophagy related 5","ENSG00000057663.16","protein_coding",11266458,"increased activity of ATG5 affects autophagy;decreased activity of ATG5 affects formation of autophagosomes"
"Autophagy_dependent_cell_death","ATG5","autophagy related 5","ENSG00000057663.16","protein_coding",23878245,"increased activity of ATG5 affects autophagy"
"Autophagy_dependent_cell_death","ATG5","autophagy related 5","ENSG00000057663.16","protein_coding",20592027,"decreased activity of ATG5 decreases autophagy of fibroblast cell lines"
"Autophagy_dependent_cell_death","ATG5","autophagy related 5","ENSG00000057663.16","protein_coding",21690395,"decreased activity of ATG5 decreases autophagy of fibroblast cell lines"
"Autophagy_dependent_cell_death","ATG5","autophagy related 5","ENSG00000057663.16","protein_coding",20876807,"decreased activity of ATG5 decreases autophagy of fibroblast cell lines"
"Autophagy_dependent_cell_death","ATG7","autophagy related 7","ENSG00000197548.13","protein_coding",23704209,"increased activity of ATG7 affects macroautophagy of cells"
"Autophagy_dependent_cell_death","ATG7","autophagy related 7","ENSG00000197548.13","protein_coding",22496425,"increased activity of ATG7 affects macroautophagy of cells"
"Autophagy_dependent_cell_death","ATG7","autophagy related 7","ENSG00000197548.13","protein_coding",24035364,"increased activity of ATG7 affects macroautophagy of cells"
"Autophagy_dependent_cell_death","ATG7","autophagy related 7","ENSG00000197548.13","protein_coding",21119005,"decreased activity of ATG7 decreases autophagy of breast cell lines;decreased activity of ATG7 decreases autophagy of breast cancer cell lines"
"Autophagy_dependent_cell_death","ATG7","autophagy related 7","ENSG00000197548.13","protein_coding",25639566,"increased activity of ATG7 increases autophagy"
"Autophagy_dependent_cell_death","ATG7","autophagy related 7","ENSG00000197548.13","protein_coding",24674959,"increased activity of ATG7 increases autophagy"
"Autophagy_dependent_cell_death","ATG7","autophagy related 7","ENSG00000197548.13","protein_coding",23071110,"decreased activity of ATG7 affects formation of autophagosomes"
"Autophagy_dependent_cell_death","ATG9A","autophagy related 9A","ENSG00000198925.12","protein_coding",19926846,"increased activity of ATG9A affects autophagy;decreased activity of ATG9A affects autophagy"
"Autophagy_dependent_cell_death","ATG9A","autophagy related 9A","ENSG00000198925.12","protein_coding",15755735,"decreased activity of ATG9A decreases formation of autophagosomes"
"Autophagy_dependent_cell_death","ATG9B","autophagy related 9B","ENSG00000181652.20","protein_coding",15755735,"increased activity of ATG9B increases formation of autophagosomes"
"Autophagy_dependent_cell_death","ATM","ATM serine/threonine kinase","ENSG00000149311.20","protein_coding",23878245,"increased activity of ATM affects autophagy;increased activity of ATM affects autophagy"
"Autophagy_dependent_cell_death","ATM","ATM serine/threonine kinase","ENSG00000149311.20","protein_coding",20096553,"decreased activity of ATM affects autophagy"
"Autophagy_dependent_cell_death","ATP13A2","ATPase cation transporting 13A2","ENSG00000159363.19","protein_coding",25855184,"decreased activity of ATP13A2 affects autophagy"
"Autophagy_dependent_cell_death","AURKA","aurora kinase A","ENSG00000087586.18","protein_coding",22899799,"decreased activity of AURKA increases autophagic cell death"
"Autophagy_dependent_cell_death","BAD","BCL2 associated agonist of cell death","ENSG00000002330.14","protein_coding",18309324,"increased activity of BAD increases autophagy"
"Autophagy_dependent_cell_death","BAG3","BAG cochaperone 3","ENSG00000151929.10","protein_coding",20145727,"increased activity of BAG3 increases autophagy"
"Autophagy_dependent_cell_death","BAG3","BAG cochaperone 3","ENSG00000151929.10","protein_coding",23434281,"increased activity of BAG3 increases formation of autophagosomes"
"Autophagy_dependent_cell_death","BAG3","BAG cochaperone 3","ENSG00000151929.10","protein_coding",20811356,"increased activity of BAG3 affects chaperone-assisted selective autophagy"
"Autophagy_dependent_cell_death","BAG6","BAG cochaperone 6","ENSG00000204463.14","protein_coding",24591579,"decreased activity of BAG6 decreases autophagy;decreased activity of BAG6 decreases autophagy of fibroblast cell lines"
"Autophagy_dependent_cell_death","BAIAP2","BAR/IMD domain containing adaptor protein 2","ENSG00000175866.16","protein_coding",20660724,"decreased activity of BAIAP2 increases autophagy of brain cancer cell lines"
"Autophagy_dependent_cell_death","BAX","BCL2 associated X, apoptosis regulator","ENSG00000087088.21","protein_coding",19713971,"increased activity of BAX decreases autophagy of cervical cancer cell lines"
"Autophagy_dependent_cell_death","BAX","BCL2 associated X, apoptosis regulator","ENSG00000087088.21","protein_coding",19300452,"increased activity of BAX increases autophagy of cervical cancer cell lines;increased activity of BAX increases autophagy of bone cancer cell lines,autophagy of sarcoma cell lines"
"Autophagy_dependent_cell_death","BAX","BCL2 associated X, apoptosis regulator","ENSG00000087088.21","protein_coding",20303758,"increased activity of BAX increases autophagy of mitochondria"
"Autophagy_dependent_cell_death","BBC3","BCL2 binding component 3","ENSG00000105327.18","protein_coding",19300452,"increased activity of BBC3 increases autophagy of cervical cancer cell lines;increased activity of BBC3 increases autophagy of bone cancer cell lines,autophagy of sarcoma cell lines"
"Autophagy_dependent_cell_death","BBC3","BCL2 binding component 3","ENSG00000105327.18","protein_coding",20303758,"increased activity of BBC3 increases autophagy of mitochondria"
"Autophagy_dependent_cell_death","BCKDHA","branched chain keto acid dehydrogenase E1 subunit alpha","ENSG00000248098.12","protein_coding",19049976,"increased activity of BCKDHA increases autophagy of Cytoplasm,autophagy of fibroblast cell lines"
"Autophagy_dependent_cell_death","BCL2","BCL2 apoptosis regulator","ENSG00000171791.14","protein_coding",20125189,"increased activity of BCL2 decreases autophagy"
"Autophagy_dependent_cell_death","BCL2","BCL2 apoptosis regulator","ENSG00000171791.14","protein_coding",20145727,"increased activity of BCL2 decreases autophagy"
"Autophagy_dependent_cell_death","BCL2","BCL2 apoptosis regulator","ENSG00000171791.14","protein_coding",20356743,"increased activity of BCL2 decreases autophagy"
"Autophagy_dependent_cell_death","BCL2","BCL2 apoptosis regulator","ENSG00000171791.14","protein_coding",20096553,"increased activity of BCL2 affects autophagy of cells"
"Autophagy_dependent_cell_death","BCL2","BCL2 apoptosis regulator","ENSG00000171791.14","protein_coding",22258505,"increased activity of BCL2 affects autophagy"
"Autophagy_dependent_cell_death","BCL2","BCL2 apoptosis regulator","ENSG00000171791.14","protein_coding",20885445,"unknown change in activity of BCL2 decreases autophagy of breast cancer cell lines"
"Autophagy_dependent_cell_death","BCL2L1","BCL2 like 1","ENSG00000171552.14","protein_coding",20090905,"increased activity of BCL2L1 increases autophagy of colorectal cancer cell lines"
"Autophagy_dependent_cell_death","BCL2L1","BCL2 like 1","ENSG00000171552.14","protein_coding",25126723,"increased activity of BCL2L1 decreases autophagy of cervical cancer cell lines,autophagy of mitochondria"
"Autophagy_dependent_cell_death","BCL2L1","BCL2 like 1","ENSG00000171552.14","protein_coding",20125189,"increased activity of BCL2L1 decreases autophagy"
"Autophagy_dependent_cell_death","BCL2L1","BCL2 like 1","ENSG00000171552.14","protein_coding",20145727,"increased activity of BCL2L1 decreases autophagy"
"Autophagy_dependent_cell_death","BCL2L1","BCL2 like 1","ENSG00000171552.14","protein_coding",25895534,"decreased activity of BCL2L1 decreases autophagy of leukemia cell lines"
"Autophagy_dependent_cell_death","BCL2L1","BCL2 like 1","ENSG00000171552.14","protein_coding",20096553,"increased activity of BCL2L1 affects autophagy of cells"
"Autophagy_dependent_cell_death","BCL2L11","BCL2 like 11","ENSG00000153094.24","protein_coding",25208888,"decreased activity of BCL2L11 increases autophagy of myeloma cell lines;decreased activity of BCL2L11 increases autophagy of fibroblast cell lines"
"Autophagy_dependent_cell_death","BCL2L11","BCL2 like 11","ENSG00000153094.24","protein_coding",22742832,"increased activity of BCL2L11 decreases autophagy of cervical cancer cell lines;unknown change in activity of BCL2L11 decreases autophagy of cervical cancer cell lines;unknown change in activity of BCL2L11 affects autophagy of cervical cancer cell lines"
"Autophagy_dependent_cell_death","BECN1","beclin 1","ENSG00000126581.13","protein_coding",18059169,"decreased activity of BECN1 decreases autophagy of embryonic cell lines,autophagy of epithelial cell lines,autophagy of kidney cell lines"
"Autophagy_dependent_cell_death","BECN1","beclin 1","ENSG00000126581.13","protein_coding",17468177,"increased activity of BECN1 affects macroautophagy of cells"
"Autophagy_dependent_cell_death","BECN1","beclin 1","ENSG00000126581.13","protein_coding",23332761,"increased activity of BECN1 affects macroautophagy of cells"
"Autophagy_dependent_cell_death","BECN1","beclin 1","ENSG00000126581.13","protein_coding",14657337,"increased activity of BECN1 affects macroautophagy of cells;decreased activity of BECN1 affects autophagy;decreased activity of BECN1 affects autophagy of embryonic stem cells"
"Autophagy_dependent_cell_death","BECN1","beclin 1","ENSG00000126581.13","protein_coding",23364696,"increased activity of BECN1 increases autophagy"
"Autophagy_dependent_cell_death","BECN1","beclin 1","ENSG00000126581.13","protein_coding",18628207,"decreased activity of BECN1 decreases autophagy of leukemia cell lines"
"Autophagy_dependent_cell_death","BECN2","beclin 2","ENSG00000196289","protein_coding",23954414,"increased activity of Becn2 affects autophagy;decreased activity of Becn2 affects autophagy;decreased activity of Becn2 decreases autophagy of fibroblast cell lines;decreased activity of Becn2 affects autophagy"
"Autophagy_dependent_cell_death","BIRC2","baculoviral IAP repeat containing 2","ENSG00000110330.10","protein_coding",20458734,"decreased activity of BIRC2 decreases autophagy of endothelial cells"
"Autophagy_dependent_cell_death","BIRC5","baculoviral IAP repeat containing 5","ENSG00000089685.15","protein_coding",24556686,"decreased activity of BIRC5 decreases autophagy of leukemia cell lines;increased activity of BIRC5 decreases autophagy of leukemia cell lines"
"Autophagy_dependent_cell_death","BIRC6","baculoviral IAP repeat containing 6","ENSG00000115760.16","protein_coding",23409057,"decreased activity of BIRC6 decreases formation of autophagosomes"
"Autophagy_dependent_cell_death","BMF","Bcl2 modifying factor","ENSG00000104081.14","protein_coding",23629966,"decreased activity of BMF increases autophagy of fibroblasts;decreased activity of BMF increases autophagy of epithelial cells"
"Autophagy_dependent_cell_death","BNIP3","BCL2 interacting protein 3","ENSG00000176171.12","protein_coding",19273585,"increased activity of BNIP3 increases autophagy of prostate cancer cell lines;increased activity of BNIP3 increases autophagy of lung cell lines;increased activity of BNIP3 increases macroautophagy of cells;increased activity of BNIP3 increases autophagy of colorectal cancer cell lines;increased activity of BNIP3 increases autophagy of colorectal cancer cell lines;decreased activity of BNIP3 decreases autophagy of prostate cancer cell lines"
"Autophagy_dependent_cell_death","BNIP3","BCL2 interacting protein 3","ENSG00000176171.12","protein_coding",19539716,"increased activity of BNIP3 affects autophagic cell death"
"Autophagy_dependent_cell_death","BNIP3","BCL2 interacting protein 3","ENSG00000176171.12","protein_coding",15592527,"increased activity of BNIP3 increases autophagy of brain cancer cell lines;increased activity of BNIP3 increases autophagy of brain cancer cell lines;"
"Autophagy_dependent_cell_death","BNIP3","BCL2 interacting protein 3","ENSG00000176171.12","protein_coding",20668412,"increased activity of BNIP3 increases autophagy of fibroblast cell lines;increased activity of BNIP3 increases autophagy of cardiomyocytes"
"Autophagy_dependent_cell_death","BNIP3","BCL2 interacting protein 3","ENSG00000176171.12","protein_coding",18059169,"decreased activity of BNIP3 decreases autophagy of embryonic cell lines,autophagy of epithelial cell lines,autophagy of kidney cell lines;increased activity of BNIP3 increases autophagy of brain cancer cell lines;increased activity of BNIP3 increases autophagy of embryonic cell lines,autophagy of epithelial cell lines,autophagy of kidney cell lines;decreased activity of BNIP3 decreases autophagy of brain cancer cell lines"
"Autophagy_dependent_cell_death","BNIP3L","BCL2 interacting protein 3 like","ENSG00000104765.16","protein_coding",19273585,"increased activity of BNIP3L increases autophagy of prostate cancer cell lines;decreased activity of BNIP3L decreases autophagy of prostate cancer cell lines;increased activity of BNIP3L increases autophagy of lung cell lines;increased activity of BNIP3L increases macroautophagy of cells;increased activity of BNIP3L increases autophagy of colorectal cancer cell lines"
"Autophagy_dependent_cell_death","BOK","BCL2 family apoptosis regulator BOK","ENSG00000176720.6","protein_coding",24113155,"increased activity of BOK affects autophagy"
"Autophagy_dependent_cell_death","BRCA1","BRCA1 DNA repair associated","ENSG00000012048.24","protein_coding",20599945,"increased activity of BRCA1 affects formation of autophagosomes"
"Autophagy_dependent_cell_death","BRCA1","BRCA1 DNA repair associated","ENSG00000012048.24","protein_coding",19622773,"increased activity of BRCA1 decreases autophagy of breast cancer cell lines"
"Autophagy_dependent_cell_death","BST2","bone marrow stromal cell antigen 2","ENSG00000130303.14","protein_coding",25631043,"increased activity of BST2 increases autophagy of cervical cancer cell lines;decreased activity of BST2 decreases autophagy of cervical cancer cell lines"
"Autophagy_dependent_cell_death","C19orf12","chromosome 19 open reading frame 12","ENSG00000131943.20","protein_coding",26136767,"increased activity of C19orf12 affects autophagy"
"Autophagy_dependent_cell_death","C9orf72","C9orf72-SMCR8 complex subunit","ENSG00000147894.17","protein_coding",24549040,"increased activity of C9orf72 affects autophagy"
"Autophagy_dependent_cell_death","CALCOCO2","calcium binding and coiled-coil domain 2","ENSG00000136436.15","protein_coding",19820708,"decreased activity of CALCOCO2 decreases autophagy of Salmonella enterica subsp. enterica serovar Typhimurium str. 14028S"
"Autophagy_dependent_cell_death","CAMK1","calcium/calmodulin dependent protein kinase I","ENSG00000134072.11","protein_coding",23447692,"decreased activity of CAMK1 decreases autophagy of peritoneal macrophages;decreased activity of CAMK1 decreases autophagy of cells;decreased activity of CAMK1 decreases autophagy of macrophage cancer cell lines;unknown change in activity of CAMK1 increases autophagy of macrophage cancer cell lines"
"Autophagy_dependent_cell_death","CAMK4","calcium/calmodulin dependent protein kinase IV","ENSG00000152495.11","protein_coding",25070845,"unknown change in activity of CAMK4 increases autophagy of peritoneal macrophages;decreased activity of CAMK4 decreases autophagy of peritoneal macrophages;decreased activity of CAMK4 decreases autophagy of kidney cells"
"Autophagy_dependent_cell_death","CAMP","cathelicidin antimicrobial peptide","ENSG00000164047.6","protein_coding",19748465,"increased activity of CAMP affects autophagy of monocytes"
"Autophagy_dependent_cell_death","CAPN1","calpain 1","ENSG00000014216.16","protein_coding",19901552,"decreased activity of CAPN1 increases autophagy of brain cancer cell lines"
"Autophagy_dependent_cell_death","CAPN1","calpain 1","ENSG00000014216.16","protein_coding",20660724,"decreased activity of CAPN1 increases autophagy of brain cancer cell lines"
"Autophagy_dependent_cell_death","CAPN10","calpain 10","ENSG00000142330.20","protein_coding",22568896,"increased activity of CAPN10 affects autophagy of mitochondria"
"Autophagy_dependent_cell_death","CAPNS1","calpain small subunit 1","ENSG00000126247.11","protein_coding",17101693,"decreased activity of CAPNS1 decreases autophagy of bone cancer cell lines,autophagy of sarcoma cell lines;decreased activity of CAPNS1 decreases autophagy of fibroblast cell lines"
"Autophagy_dependent_cell_death","CASP1","caspase 1","ENSG00000137752.25","protein_coding",24581500,"increased activity of CASP1 affects autophagy"
"Autophagy_dependent_cell_death","CASP1","caspase 1","ENSG00000137752.25","protein_coding",17696608,"decreased activity of CASP1 increases autophagy of bone marrow-derived macrophages"
"Autophagy_dependent_cell_death","CASP2","caspase 2","ENSG00000106144.20","protein_coding",21216964,"decreased activity of CASP2 increases autophagy of cortical neurons"
"Autophagy_dependent_cell_death","CASP8","caspase 8","ENSG00000064012.24","protein_coding",23071110,"decreased activity of CASP8 affects formation of autophagosomes"
"Autophagy_dependent_cell_death","CASP9","caspase 9","ENSG00000132906.18","protein_coding",24362031,"decreased activity of CASP9 decreases formation of autophagosomes"
"Autophagy_dependent_cell_death","CAST","calpastatin","ENSG00000153113.24","protein_coding",17332428,"increased activity of CAST affects formation of autophagosomes"
"Autophagy_dependent_cell_death","CAST","calpastatin","ENSG00000153113.24","protein_coding",20147746,"increased activity of CAST affects formation of autophagosomes;increased activity of CAST increases autophagy of cells"
"Autophagy_dependent_cell_death","CAT","catalase","ENSG00000121691.7","protein_coding",21300795,"increased activity of CAT decreases autophagy of breast cell lines"
"Autophagy_dependent_cell_death","CATSPER4","cation channel sperm associated 4","ENSG00000188782.9","protein_coding",20660724,"decreased activity of CATSPER4 decreases autophagy of brain cancer cell lines"
"Autophagy_dependent_cell_death","CCL2","C-C motif chemokine ligand 2","ENSG00000108691.10","protein_coding",18611860,"increased activity of CCL2 decreases autophagic cell death"
"Autophagy_dependent_cell_death","CCND1","cyclin D1","ENSG00000110092.4","protein_coding",23041550,"decreased activity of CCND1 increases autophagy of endothelial cell lines"
"Autophagy_dependent_cell_death","CD38","CD38 molecule","ENSG00000004468.13","protein_coding",24445604,"decreased activity of CD38 increases accumulation of autophagosomes"
"Autophagy_dependent_cell_death","CD4","CD4 molecule","ENSG00000010610.10","protein_coding",20077024,"increased activity of CD4 increases autophagy of cells"
"Autophagy_dependent_cell_death","CDKN1A","cyclin dependent kinase inhibitor 1A","ENSG00000124762.14","protein_coding",17959603,"decreased activity of CDKN1A increases autophagy of fibroblast cell lines;decreased activity of CDKN1A increases autophagy of fibroblast cell lines"
"Autophagy_dependent_cell_death","CDKN1B","cyclin dependent kinase inhibitor 1B","ENSG00000111276.12","protein_coding",12698196,"increased activity of CDKN1B affects autophagic cell death"
"Autophagy_dependent_cell_death","CDKN1B","cyclin dependent kinase inhibitor 1B","ENSG00000111276.12","protein_coding",24794871,"decreased activity of CDKN1B decreases autophagy of ventricular myocytes;increased activity of CDKN1B increases autophagy of cardiomyocytes;increased activity of CDKN1B increases autophagy of ventricular myocytes"
"Autophagy_dependent_cell_death","CDKN2A","cyclin dependent kinase inhibitor 2A","ENSG00000147889.18","protein_coding",25217637,"increased activity of CDKN2A increases autophagy of cervical cancer cell lines,autophagy of mitochondria;increased activity of CDKN2A increases autophagy of cortical neurons,autophagy of mitochondria"
"Autophagy_dependent_cell_death","CDKN2A","cyclin dependent kinase inhibitor 2A","ENSG00000147889.18","protein_coding",20807803,"increased activity of CDKN2A increases autophagy of brain cancer cell lines"
"Autophagy_dependent_cell_death","CDKN2A","cyclin dependent kinase inhibitor 2A","ENSG00000147889.18","protein_coding",20303758,"increased activity of CDKN2A increases autophagy;increased activity of CDKN2A affects autophagy;decreased activity of CDKN2A decreases autophagy of B cell lymphoma cells;decreased activity of CDKN2A decreases autophagy of sarcoma cell lines"
"Autophagy_dependent_cell_death","CDKN2D","cyclin dependent kinase inhibitor 2D","ENSG00000129355.7","protein_coding",16322758,"increased activity of CDKN2D affects autophagic cell death"
"Autophagy_dependent_cell_death","CDKN2D","cyclin dependent kinase inhibitor 2D","ENSG00000129355.7","protein_coding",20660724,"decreased activity of CDKN2D increases autophagy of brain cancer cell lines"
"Autophagy_dependent_cell_death","CEBPB","CCAAT enhancer binding protein beta","ENSG00000172216.6","protein_coding",20699097,"increased activity of CEBPB increases autophagy of breast cancer cell lines"
"Autophagy_dependent_cell_death","CFLAR","CASP8 and FADD like apoptosis regulator","ENSG00000003402.21","protein_coding",18787411,"increased activity of CFLAR increases autophagy of hepatoma cell lines"
"Autophagy_dependent_cell_death","CHEK1","checkpoint kinase 1","ENSG00000149554.14","protein_coding",20368736,"decreased activity of CHEK1 increases autophagy of colorectal cancer cell lines"
"Autophagy_dependent_cell_death","CHMP2A","charged multivesicular body protein 2A","ENSG00000130724.10","protein_coding",20588296,"increased activity of CHMP2A affects macroautophagy of cells"
"Autophagy_dependent_cell_death","CHMP2B","charged multivesicular body protein 2B","ENSG00000083937.10","protein_coding",24095276,"increased activity of CHMP2B affects autophagy"
"Autophagy_dependent_cell_death","CHMP2B","charged multivesicular body protein 2B","ENSG00000083937.10","protein_coding",17683935,"increased activity of CHMP2B affects autophagy"
"Autophagy_dependent_cell_death","CHMP2B","charged multivesicular body protein 2B","ENSG00000083937.10","protein_coding",21118109,"increased activity of CHMP2B affects autophagy"
"Autophagy_dependent_cell_death","CHMP2B","charged multivesicular body protein 2B","ENSG00000083937.10","protein_coding",20588296,"increased activity of CHMP2B affects macroautophagy of cells"
"Autophagy_dependent_cell_death","CHMP3","charged multivesicular body protein 3","ENSG00000115561.16","protein_coding",20588296,"increased activity of CHMP3 affects macroautophagy of cells"
"Autophagy_dependent_cell_death","CHMP4A","charged multivesicular body protein 4A","ENSG00000254505.11","protein_coding",20588296,"increased activity of CHMP4A affects macroautophagy of cells"
"Autophagy_dependent_cell_death","CHMP4B","charged multivesicular body protein 4B","ENSG00000101421.4","protein_coding",24095276,"increased activity of CHMP4B affects autophagy"
"Autophagy_dependent_cell_death","CHMP4B","charged multivesicular body protein 4B","ENSG00000101421.4","protein_coding",21118109,"increased activity of CHMP4B affects autophagy"
"Autophagy_dependent_cell_death","CHMP4B","charged multivesicular body protein 4B","ENSG00000101421.4","protein_coding",20588296,"increased activity of CHMP4B affects macroautophagy of cells"
"Autophagy_dependent_cell_death","CHMP4B","charged multivesicular body protein 4B","ENSG00000101421.4","protein_coding",17683935,"increased activity of CHMP4B affects autophagy"
"Autophagy_dependent_cell_death","CHMP4C","charged multivesicular body protein 4C","ENSG00000164695.5","protein_coding",20588296,"increased activity of CHMP4C affects macroautophagy of cells"
"Autophagy_dependent_cell_death","CHMP6","charged multivesicular body protein 6","ENSG00000176108.9","protein_coding",20588296,"increased activity of CHMP6 affects macroautophagy of cells"
"Autophagy_dependent_cell_death","CHRND","cholinergic receptor nicotinic delta subunit","ENSG00000135902.10","protein_coding",20660724,"decreased activity of CHRND increases autophagy of brain cancer cell lines"
"Autophagy_dependent_cell_death","CHUK","component of inhibitor of nuclear factor kappa B kinase complex","ENSG00000213341.11","protein_coding",21460857,"decreased activity of CHUK decreases autophagy of colorectal cancer cell lines"
"Autophagy_dependent_cell_death","CHUK","component of inhibitor of nuclear factor kappa B kinase complex","ENSG00000213341.11","protein_coding",19959994,"decreased activity of CHUK decreases autophagy of fibroblasts;decreased activity of CHUK decreases autophagy of cervical cancer cell lines"
"Autophagy_dependent_cell_death","CISD1","CDGSH iron sulfur domain 1","ENSG00000122873.12","protein_coding",23959881,"decreased activity of CISD1 increases autophagy of breast cancer cell lines"
"Autophagy_dependent_cell_death","CISD2","CDGSH iron sulfur domain 2","ENSG00000145354.12","protein_coding",20010695,"increased activity of CISD2 affects autophagy"
"Autophagy_dependent_cell_death","CISD2","CDGSH iron sulfur domain 2","ENSG00000145354.12","protein_coding",20125189,"increased activity of CISD2 increases autophagy;decreased activity of CISD2 increases autophagy;decreased activity of CISD2 increases autophagy"
"Autophagy_dependent_cell_death","CISD2","CDGSH iron sulfur domain 2","ENSG00000145354.12","protein_coding",19451219,"increased activity of CISD2 affects autophagy of mitochondria"
"Autophagy_dependent_cell_death","CISD2","CDGSH iron sulfur domain 2","ENSG00000145354.12","protein_coding",23959881,"decreased activity of CISD2 increases autophagy of breast cancer cell lines"
"Autophagy_dependent_cell_death","CLEC11A","C-type lectin domain containing 11A","ENSG00000105472.14","protein_coding",23389440,"decreased activity of CLEC11A increases autophagy of cells"
"Autophagy_dependent_cell_death","CLEC12A","C-type lectin domain family 12 member A","ENSG00000172322.14","protein_coding",26095365,"decreased activity of CLEC12A affects autophagy"
"Autophagy_dependent_cell_death","CLN3","CLN3 lysosomal/endosomal transmembrane protein, battenin","ENSG00000188603.22","protein_coding",16714284,"increased activity of CLN3 affects macroautophagy of cells"
"Autophagy_dependent_cell_death","CLTC","clathrin heavy chain","ENSG00000141367.13","protein_coding",20639872,"decreased activity of CLTC affects formation of autophagosomes"
"Autophagy_dependent_cell_death","COPZ1","COPI coat complex subunit zeta 1","ENSG00000111481.10","protein_coding",21746916,"decreased activity of COPZ1 decreases autophagy of prostate cancer cell lines"
"Autophagy_dependent_cell_death","COX5A","cytochrome c oxidase subunit 5A","ENSG00000178741.12","protein_coding",20660724,"decreased activity of COX5A increases autophagy of brain cancer cell lines"
"Autophagy_dependent_cell_death","CSF2","colony stimulating factor 2","ENSG00000164400.6","protein_coding",23389440,"decreased activity of CSF2 increases autophagy of cells"
"Autophagy_dependent_cell_death","CSHL1","chorionic somatomammotropin hormone like 1","ENSG00000204414.14","protein_coding",25583513,"increased activity of CSHL1 increases autophagy"
"Autophagy_dependent_cell_death","CTNNB1","catenin beta 1","ENSG00000168036.18","protein_coding",23736261,"unknown change in activity of CTNNB1 decreases formation of autophagosomes"
"Autophagy_dependent_cell_death","CTSD","cathepsin D","ENSG00000117984.15","protein_coding",10995834,"decreased activity of CTSD increases accumulation of autophagic vacuoles"
"Autophagy_dependent_cell_death","CTSL","cathepsin L","ENSG00000135047.16","protein_coding",21700710,"increased activity of CTSL decreases autophagy of monocyte-derived macrophages"
"Autophagy_dependent_cell_death","CXCL12","C-X-C motif chemokine ligand 12","ENSG00000107562.17","protein_coding",20660724,"decreased activity of CXCL12 increases autophagy of brain cancer cell lines"
"Autophagy_dependent_cell_death","CXCR3","C-X-C motif chemokine receptor 3","ENSG00000186810.8","protein_coding",24366869,"increased activity of CXCR3 decreases autophagy of breast cancer cell lines"
"Autophagy_dependent_cell_death","CXCR4","C-X-C motif chemokine receptor 4","ENSG00000121966.8","protein_coding",20077024,"increased activity of CXCR4 increases autophagy of cells"
"Autophagy_dependent_cell_death","CYB5A","cytochrome b5 type A","ENSG00000166347.19","protein_coding",22505714,"increased activity of CYB5A increases autophagy of endoplasmic reticulum"
"Autophagy_dependent_cell_death","CYBB","cytochrome b-245 beta chain","ENSG00000165168.9","protein_coding",25529920,"decreased activity of CYBB decreases accumulation of autophagosomes"
"Autophagy_dependent_cell_death","DACT1","dishevelled binding antagonist of beta catenin 1","ENSG00000165617.16","protein_coding",25825496,"increased activity of DACT1 increases autophagy of fibroblast cell lines"
"Autophagy_dependent_cell_death","DAP","death associated protein","ENSG00000112977.16","protein_coding",20537536,"increased activity of DAP decreases autophagy"
"Autophagy_dependent_cell_death","DAP3","death associated protein 3","ENSG00000132676.16","protein_coding",26306039,"decreased activity of DAP3 decreases autophagy of cervical cancer cell lines"
"Autophagy_dependent_cell_death","DAPK1","death associated protein kinase 1","ENSG00000196730.13","protein_coding",16756490,"increased activity of DAPK1 affects autophagy"
"Autophagy_dependent_cell_death","DAPK1","death associated protein kinase 1","ENSG00000196730.13","protein_coding",11980920,"decreased activity of DAPK1 decreases autophagy of cells;unknown change in activity of DAPK1 increases autophagy of cells"
"Autophagy_dependent_cell_death","DAPK1","death associated protein kinase 1","ENSG00000196730.13","protein_coding",22095288,"increased activity of DAPK1 increases autophagy"
"Autophagy_dependent_cell_death","DAPK1","death associated protein kinase 1","ENSG00000196730.13","protein_coding",19903843,"decreased activity of DAPK1 decreases autophagy of hepatoma cell lines"
"Autophagy_dependent_cell_death","DAPK2","death associated protein kinase 2","ENSG00000035664.11","protein_coding",16756490,"increased activity of DAPK2 affects autophagy"
"Autophagy_dependent_cell_death","DAPK2","death associated protein kinase 2","ENSG00000035664.11","protein_coding",11980920,"decreased activity of DAPK2 decreases autophagy of cells;unknown change in activity of DAPK2 increases autophagy of cells"
"Autophagy_dependent_cell_death","DAPK3","death associated protein kinase 3","ENSG00000167657.14","protein_coding",16756490,"increased activity of DAPK3 affects autophagy"
"Autophagy_dependent_cell_death","DCN","decorin","ENSG00000011465.18","protein_coding",24403067,"increased activity of DCN increases autophagy of breast cancer cell lines,autophagy of mitochondria"
"Autophagy_dependent_cell_death","DCN","decorin","ENSG00000011465.18","protein_coding",23798385,"increased activity of DCN increases autophagy;increased activity of DCN increases macroautophagy of cells"
"Autophagy_dependent_cell_death","DDIT3","DNA damage inducible transcript 3","ENSG00000175197.13","protein_coding",20145727,"increased activity of DDIT3 increases autophagy of cancer cells"
"Autophagy_dependent_cell_death","DDIT4","DNA damage inducible transcript 4","ENSG00000168209.6","protein_coding",21733849,"decreased activity of DDIT4 decreases autophagy of thymoma cell lines;decreased activity of DDIT4 decreases autophagy of thymocytes"
"Autophagy_dependent_cell_death","DENND3","DENN domain containing 3","ENSG00000105339.11","protein_coding",24719330,"increased activity of DENND3 increases autophagy of fibroblast cell lines"
"Autophagy_dependent_cell_death","DEPTOR","DEP domain containing MTOR interacting protein","ENSG00000155792.10","protein_coding",22017876,"increased activity of DEPTOR affects autophagy of breast cancer cell lines;increased activity of DEPTOR affects autophagy of cervical cancer cell lines"
"Autophagy_dependent_cell_death","DICER1","dicer 1, ribonuclease III","ENSG00000100697.17","protein_coding",22350415,"decreased activity of DICER1 decreases autophagy of leukemia cell lines;decreased activity of DICER1 decreases autophagy of cancer cells"
"Autophagy_dependent_cell_death","DICER1","dicer 1, ribonuclease III","ENSG00000100697.17","protein_coding",24036151,"decreased activity of DICER1 increases formation of autophagosomes"
"Autophagy_dependent_cell_death","DNAJA3","DnaJ heat shock protein family (Hsp40) member A3","ENSG00000103423.14","protein_coding",26055714,"[decreased activity, increased activity] of DNAJA3 [decreases, increases] autophagy of fibroblast cell lines;increased activity of DNAJA3 increases formation of autophagosomes;decreased activity of DNAJA3 decreases autophagy of bone cancer cell lines,autophagy of sarcoma cell lines"
"Autophagy_dependent_cell_death","DNM1L","dynamin 1 like","ENSG00000087470.21","protein_coding",19279012,"decreased activity of DNM1L decreases autophagy of mitochondria,autophagy of neuroblastoma cell lines"
"Autophagy_dependent_cell_death","DNM1L","dynamin 1 like","ENSG00000087470.21","protein_coding",26370078,"unknown change in activity of DNM1L decreases autophagy of fibroblast cell lines,autophagy of mitochondria"
"Autophagy_dependent_cell_death","DNM1L","dynamin 1 like","ENSG00000087470.21","protein_coding",22564413,"decreased activity of DNM1L increases autophagy of mitochondria"
"Autophagy_dependent_cell_death","DRAM1","DNA damage regulated autophagy modulator 1","ENSG00000136048.14","protein_coding",19895784,"increased activity of DRAM1 affects autophagy"
"Autophagy_dependent_cell_death","DRAM1","DNA damage regulated autophagy modulator 1","ENSG00000136048.14","protein_coding",17102582,"increased activity of DRAM1 increases autophagy"
"Autophagy_dependent_cell_death","DRAM1","DNA damage regulated autophagy modulator 1","ENSG00000136048.14","protein_coding",23658518,"decreased activity of DRAM1 decreases autophagy of CD4+ T-lymphocytes"
"Autophagy_dependent_cell_death","DRAM1","DNA damage regulated autophagy modulator 1","ENSG00000136048.14","protein_coding",20303758,"decreased activity of DRAM1 decreases autophagy"
"Autophagy_dependent_cell_death","DRAM2","DNA damage regulated autophagy modulator 2","ENSG00000156171.15","protein_coding",19895784,"increased activity of DRAM2 affects autophagy"
"Autophagy_dependent_cell_death","DUSP4","dual specificity phosphatase 4","ENSG00000120875.9","protein_coding",23048029,"increased activity of DUSP4 decreases autophagy by muscle cell lines;increased activity of DUSP4 decreases autophagy of heart"
"Autophagy_dependent_cell_death","DVL2","dishevelled segment polarity protein 2","ENSG00000004975.12","protein_coding",25825496,"increased activity of DVL2 increases autophagy of fibroblast cell lines"
"Autophagy_dependent_cell_death","E2F1","E2F transcription factor 1","ENSG00000101412.13","protein_coding",20454448,"decreased activity of E2F1 decreases autophagy of bone cancer cell lines,autophagy of sarcoma cell lines"
"Autophagy_dependent_cell_death","EEF2","eukaryotic translation elongation factor 2","ENSG00000167658.16","protein_coding",21307130,"decreased activity of EEF2 decreases autophagy;decreased activity of EEF2 decreases autophagy of brain cancer cell lines"
"Autophagy_dependent_cell_death","EEF2K","eukaryotic elongation factor 2 kinase","ENSG00000103319.12","protein_coding",19244119,"decreased activity of EEF2K decreases autophagy of brain cancer cell lines"
"Autophagy_dependent_cell_death","EGFR","epidermal growth factor receptor","ENSG00000146648.21","protein_coding",25594178,"decreased activity of EGFR increases autophagy of breast cancer cell lines;decreased activity of EGFR increases autophagy of breast cancer cell lines"
"Autophagy_dependent_cell_death","EI24","EI24 autophagy associated transmembrane protein","ENSG00000149547.15","protein_coding",23074225,"increased activity of EI24 affects autophagy"
"Autophagy_dependent_cell_death","EIF2AK2","eukaryotic translation initiation factor 2 alpha kinase 2","ENSG00000055332.19","protein_coding",23109342,"decreased activity of EIF2AK2 decreases autophagy of fibroblast cell lines"
"Autophagy_dependent_cell_death","EIF2AK2","eukaryotic translation initiation factor 2 alpha kinase 2","ENSG00000055332.19","protein_coding",23527187,"decreased activity of EIF2AK2 decreases accumulation of autophagosomes"
"Autophagy_dependent_cell_death","EIF2AK2","eukaryotic translation initiation factor 2 alpha kinase 2","ENSG00000055332.19","protein_coding",11756670,"increased activity of EIF2AK2 increases autophagy of fibroblast cell lines"
"Autophagy_dependent_cell_death","EIF2AK3","eukaryotic translation initiation factor 2 alpha kinase 3","ENSG00000172071.15","protein_coding",21709020,"increased activity of EIF2AK3 increases autophagy of breast cell lines"
"Autophagy_dependent_cell_death","EIF2AK3","eukaryotic translation initiation factor 2 alpha kinase 3","ENSG00000172071.15","protein_coding",20145727,"decreased activity of EIF2AK3 decreases autophagy"
"Autophagy_dependent_cell_death","EIF2AK3","eukaryotic translation initiation factor 2 alpha kinase 3","ENSG00000172071.15","protein_coding",18787411,"increased activity of EIF2AK3 increases autophagy of hepatoma cell lines"
"Autophagy_dependent_cell_death","EIF2B1","eukaryotic translation initiation factor 2B subunit alpha","ENSG00000111361.13","protein_coding",20145727,"unknown change in activity of EIF2B1 decreases autophagy;increased activity of EIF2B1 affects autophagy"
"Autophagy_dependent_cell_death","EIF2S1","eukaryotic translation initiation factor 2 subunit alpha","ENSG00000134001.15","protein_coding",20077024,"increased activity of EIF2S1 decreases autophagy of cells"
"Autophagy_dependent_cell_death","EIF2S1","eukaryotic translation initiation factor 2 subunit alpha","ENSG00000134001.15","protein_coding",11756670,"increased activity of EIF2S1 increases autophagy of fibroblast cell lines"
"Autophagy_dependent_cell_death","EIF4EBP1","eukaryotic translation initiation factor 4E binding protein 1","ENSG00000187840.5","protein_coding",19773438,"decreased activity of EIF4EBP1 increases autophagy"
"Autophagy_dependent_cell_death","EIF4G1","eukaryotic translation initiation factor 4 gamma 1","ENSG00000114867.22","protein_coding",23112151,"decreased activity of EIF4G1 increases autophagy of breast cell lines"
"Autophagy_dependent_cell_death","EIF4G1","eukaryotic translation initiation factor 4 gamma 1","ENSG00000114867.22","protein_coding",18426977,"increased activity of EIF4G1 decreases autophagy"
"Autophagy_dependent_cell_death","EIF4G2","eukaryotic translation initiation factor 4 gamma 2","ENSG00000110321.19","protein_coding",18426977,"increased activity of EIF4G2 decreases autophagy"
"Autophagy_dependent_cell_death","ENG","endoglin","ENSG00000106991.14","protein_coding",25931117,"decreased activity of ENG decreases autophagy of vascular endothelial cells;decreased activity of ENG decreases autophagy of embryonic cell lines,autophagy of endothelial cell lines"
"Autophagy_dependent_cell_death","EP300","E1A binding protein p300","ENSG00000100393.15","protein_coding",24852146,"increased activity of EP300 affects autophagy"
"Autophagy_dependent_cell_death","EP300","E1A binding protein p300","ENSG00000100393.15","protein_coding",19729597,"decreased activity of EP300 increases autophagy of muscle cells"
"Autophagy_dependent_cell_death","EP300","E1A binding protein p300","ENSG00000100393.15","protein_coding",20660724,"decreased activity of EP300 increases autophagy of brain cancer cell lines"
"Autophagy_dependent_cell_death","EP300","E1A binding protein p300","ENSG00000100393.15","protein_coding",20096553,"decreased activity of EP300 increases autophagy of cells"
"Autophagy_dependent_cell_death","EP300","E1A binding protein p300","ENSG00000100393.15","protein_coding",24560926,"increased activity of EP300 increases autophagy of bone cancer cell lines,autophagy of sarcoma cell lines"
"Autophagy_dependent_cell_death","EPG5","ectopic P-granules 5 autophagy tethering factor","ENSG00000152223.16","protein_coding",23479740,"increased activity of EPG5 affects autophagy;decreased activity of EPG5 decreases maturation of autophagosomes"
"Autophagy_dependent_cell_death","EPG5","ectopic P-granules 5 autophagy tethering factor","ENSG00000152223.16","protein_coding",23674064,"decreased activity of EPG5 decreases maturation of autophagosomes"
"Autophagy_dependent_cell_death","EPHB2","EPH receptor B2","ENSG00000133216.17","protein_coding",20046096,"increased activity of EPHB2 increases autophagy of embryonic cell lines,autophagy of epithelial cell lines,autophagy of kidney cell lines"
"Autophagy_dependent_cell_death","EPM2A","EPM2A glucan phosphatase, laforin","ENSG00000112425.16","protein_coding",20453062,"increased activity of EPM2A increases macroautophagy of cells;increased activity of EPM2A increases macroautophagy of cells"
"Autophagy_dependent_cell_death","EPO","erythropoietin","ENSG00000130427.3","protein_coding",23389440,"decreased activity of EPO increases autophagy of cells"
"Autophagy_dependent_cell_death","ERBIN","erbb2 interacting protein","ENSG00000112851.16","protein_coding",26056141,"decreased activity of ERBIN increases autophagy of keratinocytes"
"Autophagy_dependent_cell_death","ERFE","erythroferrone","ENSG00000178752.16","protein_coding",24187137,"increased activity of ERFE decreases formation of autophagosomes;increased activity of ERFE decreases autophagy of hepatoma cell lines;increased activity of ERFE decreases autophagy of liver cells;increased activity of ERFE decreases autophagy of hepatoma cell lines;increased activity of ERFE decreases formation of autophagosomes"
"Autophagy_dependent_cell_death","ERN1","endoplasmic reticulum to nucleus signaling 1","ENSG00000178607.17","protein_coding",20145727,"increased activity of ERN1 increases autophagy"
"Autophagy_dependent_cell_death","ERN1","endoplasmic reticulum to nucleus signaling 1","ENSG00000178607.17","protein_coding",20303758,"decreased activity of ERN1 increases autophagy"
"Autophagy_dependent_cell_death","ERN1","endoplasmic reticulum to nucleus signaling 1","ENSG00000178607.17","protein_coding",17620365,"decreased activity of ERN1 decreases autophagy of colorectal cancer cell lines"
"Autophagy_dependent_cell_death","ERN2","endoplasmic reticulum to nucleus signaling 2","ENSG00000134398.15","protein_coding",20145727,"increased activity of ERN2 increases autophagy"
"Autophagy_dependent_cell_death","EXOC2","exocyst complex component 2","ENSG00000112685.14","protein_coding",25594178,"increased activity of EXOC2 increases autophagy of breast cancer cell lines"
"Autophagy_dependent_cell_death","FADD","Fas associated via death domain","ENSG00000168040.5","protein_coding",16226446,"increased activity of FADD affects autophagic cell death"
"Autophagy_dependent_cell_death","FADD","Fas associated via death domain","ENSG00000168040.5","protein_coding",18787411,"increased activity of FADD increases autophagy of hepatoma cell lines"
"Autophagy_dependent_cell_death","FADD","Fas associated via death domain","ENSG00000168040.5","protein_coding",15635090,"increased activity of FADD increases autophagy of epithelial cells"
"Autophagy_dependent_cell_death","FAS","Fas cell surface death receptor","ENSG00000026103.25","protein_coding",18787411,"increased activity of FAS increases autophagy of hepatoma cell lines"
"Autophagy_dependent_cell_death","FAS","Fas cell surface death receptor","ENSG00000026103.25","protein_coding",18073215,"decreased activity of FAS affects macroautophagy of fibroblasts"
"Autophagy_dependent_cell_death","FBXL2","F-box and leucine rich repeat protein 2","ENSG00000153558.16","protein_coding",23604317,"increased activity of FBXL2 affects autophagy"
"Autophagy_dependent_cell_death","FBXL20","F-box and leucine rich repeat protein 20","ENSG00000108306.13","protein_coding",20660724,"decreased activity of FBXL20 increases autophagy of brain cancer cell lines"
"Autophagy_dependent_cell_death","FBXO7","F-box protein 7","ENSG00000100225.18","protein_coding",23933751,"increased activity of FBXO7 affects autophagy of mitochondria"
"Autophagy_dependent_cell_death","FIS1","fission, mitochondrial 1","ENSG00000214253.9","protein_coding",18515060,"increased activity of FIS1 affects autophagy of mitochondria"
"Autophagy_dependent_cell_death","FKBP1A","FKBP prolyl isomerase 1A","ENSG00000088832.18","protein_coding",16973207,"increased activity of FKBP1A increases autophagy"
"Autophagy_dependent_cell_death","FLCN","folliculin","ENSG00000154803.13","protein_coding",25126726,"increased activity of FLCN increases autophagy"
"Autophagy_dependent_cell_death","FLT3LG","fms related receptor tyrosine kinase 3 ligand","ENSG00000090554.13","protein_coding",23389440,"decreased activity of FLT3LG increases autophagy of cells"
"Autophagy_dependent_cell_death","FN1","fibronectin 1","ENSG00000115414.21","protein_coding",22918248,"increased activity of FN1 increases autophagy of fibroblast cell lines"
"Autophagy_dependent_cell_death","FOXO1","forkhead box O1","ENSG00000150907.10","protein_coding",20543840,"increased activity of FOXO1 increases autophagic cell death;increased activity of FOXO1 increases autophagy of colorectal cancer cell lines;increased activity of FOXO1 increases autophagy"
"Autophagy_dependent_cell_death","FOXO1","forkhead box O1","ENSG00000150907.10","protein_coding",23308102,"increased activity of FOXO1 increases autophagy of heart"
"Autophagy_dependent_cell_death","FOXO3","forkhead box O3","ENSG00000118689.15","protein_coding",18054315,"increased activity of FOXO3 increases autophagy of fibroblasts;increased activity of FOXO3 increases autophagy of muscle"
"Autophagy_dependent_cell_death","FUNDC1","FUN14 domain containing 1","ENSG00000069509.6","protein_coding",22267086,"[decreased activity, increased activity] of FUNDC1 [decreases, increases] autophagy of cervical cancer cell lines,autophagy of mitochondria;decreased activity of FUNDC1 decreases autophagy of cervical cancer cell lines,autophagy of mitochondria;increased activity of FUNDC1 affects autophagy of mitochondria;unknown change in activity of FUNDC1 decreases autophagy of cervical cancer cell lines,autophagy of mitochondria"
"Autophagy_dependent_cell_death","FUNDC1","FUN14 domain containing 1","ENSG00000069509.6","protein_coding",25126723,"increased activity of FUNDC1 increases autophagy of cervical cancer cell lines,autophagy of mitochondria"
"Autophagy_dependent_cell_death","GAA","alpha glucosidase","ENSG00000171298.13","protein_coding",21982629,"unknown change in activity of GAA increases macroautophagy of fibroblasts"
"Autophagy_dependent_cell_death","GAB1","GRB2 associated binding protein 1","ENSG00000109458.10","protein_coding",20660724,"decreased activity of GAB1 decreases autophagy of brain cancer cell lines"
"Autophagy_dependent_cell_death","GABARAPL1","GABA type A receptor associated protein like 1","ENSG00000139112.11","protein_coding",17620365,"decreased activity of GABARAPL1 decreases autophagy of prostate cancer cell lines;decreased activity of GABARAPL1 decreases autophagy of colorectal cancer cell lines"
"Autophagy_dependent_cell_death","GABARAPL1","GABA type A receptor associated protein like 1","ENSG00000139112.11","protein_coding",20077024,"increased activity of GABARAPL1 affects formation of autophagosomes;decreased activity of GABARAPL1 decreases autophagy of cells"
"Autophagy_dependent_cell_death","GABARAPL1","GABA type A receptor associated protein like 1","ENSG00000139112.11","protein_coding",19029814,"increased activity of GABARAPL1 affects formation of autophagosomes"
"Autophagy_dependent_cell_death","GABARAPL1","GABA type A receptor associated protein like 1","ENSG00000139112.11","protein_coding",20129784,"increased activity of GABARAPL1 affects autophagy"
"Autophagy_dependent_cell_death","GABARAPL2","GABA type A receptor associated protein like 2","ENSG00000034713.8","protein_coding",20418806,"increased activity of GABARAPL2 increases maturation of autophagosomes;increased activity of GABARAPL2 increases autophagy of cervical cancer cell lines"
"Autophagy_dependent_cell_death","GABBR2","gamma-aminobutyric acid type B receptor subunit 2","ENSG00000136928.7","protein_coding",20660724,"decreased activity of GABBR2 increases autophagy of brain cancer cell lines"
"Autophagy_dependent_cell_death","GATA4","GATA binding protein 4","ENSG00000136574.19","protein_coding",19901028,"increased activity of GATA4 decreases autophagy;decreased activity of GATA4 increases autophagy of cardiomyocytes;increased activity of GATA4 decreases autophagy of cardiomyocytes"
"Autophagy_dependent_cell_death","GFER","growth factor, augmenter of liver regeneration","ENSG00000127554.13","protein_coding",20147447,"decreased activity of GFER increases autophagy of mitochondria"
"Autophagy_dependent_cell_death","GHRL","ghrelin and obestatin prepropeptide","ENSG00000157017.16","protein_coding",20660724,"increased activity of GHRL decreases autophagy of brain cancer cell lines"
"Autophagy_dependent_cell_death","GJA4","gap junction protein alpha 4","ENSG00000187513.9","protein_coding",20660724,"decreased activity of GJA4 increases autophagy of brain cancer cell lines"
"Autophagy_dependent_cell_death","GNAI3","G protein subunit alpha i3","ENSG00000065135.12","protein_coding",10836135,"increased activity of GNAI3 decreases autophagy of colorectal cancer cell lines"
"Autophagy_dependent_cell_death","GNRH2","gonadotropin releasing hormone 2","ENSG00000125787.11","protein_coding",20660724,"decreased activity of GNRH2 increases autophagy of brain cancer cell lines"
"Autophagy_dependent_cell_death","GOLGA2","golgin A2","ENSG00000167110.19","protein_coding",22735382,"increased activity of GOLGA2 decreases autophagy"
"Autophagy_dependent_cell_death","GOPC","golgi associated PDZ and coiled-coil motif containing","ENSG00000047932.14","protein_coding",12372286,"increased activity of GOPC increases autophagy of embryonic cell lines,autophagy of epithelial cell lines,autophagy of kidney cell lines"
"Autophagy_dependent_cell_death","GOPC","golgi associated PDZ and coiled-coil motif containing","ENSG00000047932.14","protein_coding",12885772,"increased activity of GOPC affects autophagy"
"Autophagy_dependent_cell_death","GOPC","golgi associated PDZ and coiled-coil motif containing","ENSG00000047932.14","protein_coding",14556717,"increased activity of GOPC increases autophagy of cells"
"Autophagy_dependent_cell_death","GPR18","G protein-coupled receptor 18","ENSG00000125245.14","protein_coding",20660724,"decreased activity of GPR18 decreases autophagy of brain cancer cell lines"
"Autophagy_dependent_cell_death","GPR182","G protein-coupled receptor 182","ENSG00000166856.3","protein_coding",20660724,"decreased activity of GPR182 increases autophagy of brain cancer cell lines"
"Autophagy_dependent_cell_death","GPR37","G protein-coupled receptor 37","ENSG00000170775.3","protein_coding",19218498,"increased activity of GPR37 increases autophagy of embryonic cell lines,autophagy of epithelial cell lines,autophagy of kidney cell lines"
"Autophagy_dependent_cell_death","GRID2","glutamate ionotropic receptor delta type subunit 2","ENSG00000152208.13","protein_coding",12372286,"unknown change in activity of GRID2 increases autophagy of embryonic cell lines,autophagy of epithelial cell lines,autophagy of kidney cell lines"
"Autophagy_dependent_cell_death","GRID2","glutamate ionotropic receptor delta type subunit 2","ENSG00000152208.13","protein_coding",14556717,"unknown change in activity of GRID2 increases autophagy of cells"
"Autophagy_dependent_cell_death","GRP","gastrin releasing peptide","ENSG00000134443.10","protein_coding",23608754,"increased activity of GRP decreases formation of autophagosomes"
"Autophagy_dependent_cell_death","GSK3B","glycogen synthase kinase 3 beta","ENSG00000082701.17","protein_coding",17921520,"decreased activity of GSK3B decreases autophagy of fibroblast cell lines,autophagy of kidney cell lines;decreased activity of GSK3B decreases autophagy of fibroblasts"
"Autophagy_dependent_cell_death","GSK3B","glycogen synthase kinase 3 beta","ENSG00000082701.17","protein_coding",25561726,"decreased activity of GSK3B increases autophagy of pancreatic cancer cell lines"
"Autophagy_dependent_cell_death","GSK3B","glycogen synthase kinase 3 beta","ENSG00000082701.17","protein_coding",20159967,"decreased activity of GSK3B increases autophagy of prostate cancer cell lines"
"Autophagy_dependent_cell_death","GTF2IRD2","GTF2I repeat domain containing 2","ENSG00000196275.16","protein_coding",20159967,"decreased activity of GTF2IRD2/GTF2IRD2B increases autophagy of brain cancer cell lines"
"Autophagy_dependent_cell_death","GTF2IRD2B","GTF2I repeat domain containing 2B","ENSG00000174428.19","protein_coding",20159967,"decreased activity of GTF2IRD2/GTF2IRD2B increases autophagy of brain cancer cell lines"
"Autophagy_dependent_cell_death","HDAC1","histone deacetylase 1","ENSG00000116478.12","protein_coding",22307625,"increased activity of HDAC1 increases formation of autophagosomes"
"Autophagy_dependent_cell_death","HDAC10","histone deacetylase 10","ENSG00000100429.18","protein_coding",23801752,"decreased activity of HDAC10 increases accumulation of autophagosomes"
"Autophagy_dependent_cell_death","HDAC2","histone deacetylase 2","ENSG00000196591.12","protein_coding",22307625,"increased activity of HDAC2 increases formation of autophagosomes"
"Autophagy_dependent_cell_death","HDAC6","histone deacetylase 6","ENSG00000094631.22","protein_coding",25548531,"increased activity of HDAC6 affects autophagy"
"Autophagy_dependent_cell_death","HDAC6","histone deacetylase 6","ENSG00000094631.22","protein_coding",16192271,"increased activity of HDAC6 affects macroautophagy of cells"
"Autophagy_dependent_cell_death","HDAC6","histone deacetylase 6","ENSG00000094631.22","protein_coding",20075865,"increased activity of HDAC6 increases fusion of autophagosomes"
"Autophagy_dependent_cell_death","HERC1","HECT and RLD domain containing E3 ubiquitin protein ligase family member 1","ENSG00000103657.14","protein_coding",20041218,"increased activity of HERC1 decreases autophagy"
"Autophagy_dependent_cell_death","HGS","hepatocyte growth factor-regulated tyrosine kinase substrate","ENSG00000185359.14","protein_coding",20588296,"increased activity of HGS affects macroautophagy of cells"
"Autophagy_dependent_cell_death","HIF1A","hypoxia inducible factor 1 subunit alpha","ENSG00000100644.17","protein_coding",18281291,"increased activity of HIF1A increases autophagy"
"Autophagy_dependent_cell_death","HIF1A","hypoxia inducible factor 1 subunit alpha","ENSG00000100644.17","protein_coding",19273585,"increased activity of HIF1A increases macroautophagy of cells"
"Autophagy_dependent_cell_death","HIF1A","hypoxia inducible factor 1 subunit alpha","ENSG00000100644.17","protein_coding",20634405,"unknown change in activity of HIF1A decreases autophagy of tumor cell lines"
"Autophagy_dependent_cell_death","HIVEP2","HIVEP zinc finger 2","ENSG00000010818.11","protein_coding",20660724,"decreased activity of HIVEP2 increases autophagy of brain cancer cell lines"
"Autophagy_dependent_cell_death","HMGB1","high mobility group box 1","ENSG00000189403.15","protein_coding",20819940,"increased activity of HMGB1 affects autophagy;unknown change in activity of HMGB1 increases autophagy of fibroblast cell lines"
"Autophagy_dependent_cell_death","HMOX1","heme oxygenase 1","ENSG00000100292.18","protein_coding",20705711,"increased activity of HMOX1 decreases macroautophagy of cells;increased activity of HMOX1 increases macroautophagy of cells"
"Autophagy_dependent_cell_death","HRAS","HRas proto-oncogene, GTPase","ENSG00000174775.18","protein_coding",21119005,"unknown change in activity of HRAS increases autophagy of breast cell lines;unknown change in activity of HRAS increases autophagy of fibroblasts"
"Autophagy_dependent_cell_death","HRAS","HRas proto-oncogene, GTPase","ENSG00000174775.18","protein_coding",19778902,"unknown change in activity of HRAS decreases formation of autophagosomes"
"Autophagy_dependent_cell_death","HSF1","heat shock transcription factor 1","ENSG00000185122.11","protein_coding",23386620,"decreased activity of HSF1 decreases autophagy of breast cancer cell lines"
"Autophagy_dependent_cell_death","HSP90AA1","heat shock protein 90 alpha family class A member 1","ENSG00000080824.19","protein_coding",25719862,"increased activity of HSP90AA1 affects chaperone mediated autophagy"
"Autophagy_dependent_cell_death","HSPA5","heat shock protein family A (Hsp70) member 5","ENSG00000044574.9","protein_coding",22752300,"increased activity of HSPA5 increases autophagy of breast cancer cell lines"
"Autophagy_dependent_cell_death","HSPA8","heat shock protein family A (Hsp70) member 8","ENSG00000109971.14","protein_coding",25719862,"increased activity of HSPA8 affects chaperone mediated autophagy"
"Autophagy_dependent_cell_death","HSPA8","heat shock protein family A (Hsp70) member 8","ENSG00000109971.14","protein_coding",20176123,"increased activity of HSPA8 affects chaperone mediated autophagy"
"Autophagy_dependent_cell_death","HSPA8","heat shock protein family A (Hsp70) member 8","ENSG00000109971.14","protein_coding",18644871,"increased activity of HSPA8 affects chaperone mediated autophagy"
"Autophagy_dependent_cell_death","HSPB8","heat shock protein family B (small) member 8","ENSG00000152137.8","protein_coding",20145727,"increased activity of HSPB8 increases autophagy"
"Autophagy_dependent_cell_death","HSPG2","heparan sulfate proteoglycan 2","ENSG00000142798.20","protein_coding",24737315,"increased activity of HSPG2 increases autophagy of vascular endothelial cells;increased activity of HSPG2 increases autophagy of vascular endothelial cells;increased activity of HSPG2 increases autophagy of endothelial cell lines"
"Autophagy_dependent_cell_death","HTR2B","5-hydroxytryptamine receptor 2B","ENSG00000135914.6","protein_coding",20099302,"increased activity of HTR2B decreases autophagy"
"Autophagy_dependent_cell_death","HTT","huntingtin","ENSG00000197386.14","protein_coding",16055197,"increased activity of HTT affects autophagy of cells"
"Autophagy_dependent_cell_death","HTT","huntingtin","ENSG00000197386.14","protein_coding",15167929,"increased activity of HTT increases autophagy"
"Autophagy_dependent_cell_death","HTT","huntingtin","ENSG00000197386.14","protein_coding",20145727,"unknown change in activity of HTT increases autophagy"
"Autophagy_dependent_cell_death","HTT","huntingtin","ENSG00000197386.14","protein_coding",24324270,"unknown change in activity of HTT decreases autophagy of embryonic cell lines,autophagy of epithelial cell lines,autophagy of kidney cell lines"
"Autophagy_dependent_cell_death","HTT","huntingtin","ENSG00000197386.14","protein_coding",15759103,"unknown change in activity of HTT affects autophagy"
"Autophagy_dependent_cell_death","ICMT","isoprenylcysteine carboxyl methyltransferase","ENSG00000116237.16","protein_coding",21852230,"decreased activity of ICMT increases autophagy of cervical cancer cell lines;decreased activity of ICMT increases autophagy of prostate cancer cell lines"
"Autophagy_dependent_cell_death","IDO1","indoleamine 2,3-dioxygenase 1","ENSG00000131203.13","protein_coding",21189261,"decreased activity of IDO1 affects autophagy"
"Autophagy_dependent_cell_death","IFNG","interferon gamma","ENSG00000111537.5","protein_coding",22675202,"increased activity of IFNG increases autophagy of bone marrow-derived macrophages;increased activity of IFNG increases autophagy of macrophage cancer cell lines"
"Autophagy_dependent_cell_death","IFNG","interferon gamma","ENSG00000111537.5","protein_coding",26347139,"increased activity of IFNG increases autophagy"
"Autophagy_dependent_cell_death","IFNG","interferon gamma","ENSG00000111537.5","protein_coding",22003202,"increased activity of IFNG increases autophagy of macrophage cancer cell lines;increased activity of IFNG increases autophagy of monocytes"
"Autophagy_dependent_cell_death","IFNG","interferon gamma","ENSG00000111537.5","protein_coding",11980920,"increased activity of IFNG increases autophagy of cells"
"Autophagy_dependent_cell_death","IFNG","interferon gamma","ENSG00000111537.5","protein_coding",21512143,"increased activity of IFNG increases autophagy of gastric epithelial cells;increased activity of IFNG increases autophagy of stomach cancer cell lines"
"Autophagy_dependent_cell_death","IFNGR1","interferon gamma receptor 1","ENSG00000027697.16","protein_coding",21633090,"decreased activity of IFNGR1 decreases autophagy of cells"
"Autophagy_dependent_cell_death","IGF1","insulin like growth factor 1","ENSG00000017427.17","protein_coding",14627994,"increased activity of IGF1 increases accumulation of autophagic vacuoles"
"Autophagy_dependent_cell_death","IGF1R","insulin like growth factor 1 receptor","ENSG00000140443.15","protein_coding",26290229,"decreased activity of IGF1R decreases accumulation of autophagic vacuoles"
"Autophagy_dependent_cell_death","IKBKB","inhibitor of nuclear factor kappa B kinase subunit beta","ENSG00000104365.16","protein_coding",19959994,"decreased activity of IKBKB decreases autophagy of hepatocytes;unknown change in activity of IKBKB increases autophagy of fibroblast cell lines;unknown change in activity of IKBKB increases autophagy of cervical cancer cell lines;decreased activity of IKBKB decreases autophagy of fibroblasts;decreased activity of IKBKB decreases autophagy of cervical cancer cell lines"
"Autophagy_dependent_cell_death","IKBKB","inhibitor of nuclear factor kappa B kinase subunit beta","ENSG00000104365.16","protein_coding",21460857,"decreased activity of IKBKB decreases autophagy of colorectal cancer cell lines"
"Autophagy_dependent_cell_death","IKBKG","inhibitor of nuclear factor kappa B kinase regulatory subunit gamma","ENSG00000269335.7","protein_coding",19959994,"unknown change in activity of IKBKG increases autophagy of fibroblast cell lines;unknown change in activity of IKBKG increases autophagy of cervical cancer cell lines;decreased activity of IKBKG decreases autophagy of fibroblasts;decreased activity of IKBKG decreases autophagy of cervical cancer cell lines"
"Autophagy_dependent_cell_death","IKBKG","inhibitor of nuclear factor kappa B kinase regulatory subunit gamma","ENSG00000269335.7","protein_coding",23778976,"increased activity of IKBKG increases macroautophagy of cells"
"Autophagy_dependent_cell_death","IKBKG","inhibitor of nuclear factor kappa B kinase regulatory subunit gamma","ENSG00000269335.7","protein_coding",21460857,"decreased activity of IKBKG decreases autophagy of colorectal cancer cell lines"
"Autophagy_dependent_cell_death","IL11","interleukin 11","ENSG00000095752.7","protein_coding",23389440,"decreased activity of IL11 increases autophagy of cells"
"Autophagy_dependent_cell_death","IL17A","interleukin 17A","ENSG00000112115.7","protein_coding",21841134,"decreased activity of IL17A increases autophagy;increased activity of IL17A decreases autophagy of lung cell lines;decreased activity of IL17A increases autophagic cell death"
"Autophagy_dependent_cell_death","IL1B","interleukin 1 beta","ENSG00000125538.12","protein_coding",21512143,"increased activity of IL1B affects autophagy of gastric epithelial cells"
"Autophagy_dependent_cell_death","IL1B","interleukin 1 beta","ENSG00000125538.12","protein_coding",19305394,"increased activity of IL1B increases autophagy of macrophages"
"Autophagy_dependent_cell_death","IL2","interleukin 2","ENSG00000109471.5","protein_coding",22472122,"increased activity of IL2 increases autophagy of liver tissue"
"Autophagy_dependent_cell_death","IL24","interleukin 24","ENSG00000162892.16","protein_coding",20103619,"increased activity of IL24 increases autophagy of glioblastoma cells"
"Autophagy_dependent_cell_death","IL24","interleukin 24","ENSG00000162892.16","protein_coding",20145727,"increased activity of IL24 increases autophagy of cancer cells"
"Autophagy_dependent_cell_death","IL24","interleukin 24","ENSG00000162892.16","protein_coding",20406981,"increased activity of IL24 increases autophagy of prostate cancer cell lines"
"Autophagy_dependent_cell_death","IL3","interleukin 3","ENSG00000164399.5","protein_coding",23389440,"decreased activity of IL3 increases autophagy of cells"
"Autophagy_dependent_cell_death","IL3","interleukin 3","ENSG00000164399.5","protein_coding",11477064,"increased activity of IL3 decreases macroautophagy of cells"
"Autophagy_dependent_cell_death","IL33","interleukin 33","ENSG00000137033.12","protein_coding",25617473,"decreased activity of IL33 decreases autophagy"
"Autophagy_dependent_cell_death","IL6","interleukin 6","ENSG00000136244.12","protein_coding",24830721,"increased activity of IL6 decreases autophagy of lung cell lines;increased activity of IL6 decreases autophagy of epithelial cells;increased activity of IL6 decreases autophagy of epithelial cell lines"
"Autophagy_dependent_cell_death","IL6","interleukin 6","ENSG00000136244.12","protein_coding",23677697,"increased activity of IL6 increases maturation of autophagosomes"
"Autophagy_dependent_cell_death","IL6","interleukin 6","ENSG00000136244.12","protein_coding",22509024,"increased activity of IL6 increases autophagy of pancreatic cancer cell lines"
"Autophagy_dependent_cell_death","INS","insulin","ENSG00000254647.7","protein_coding",23744068,"increased activity of INS decreases autophagy of muscle"
"Autophagy_dependent_cell_death","IRGM","immunity related GTPase M","ENSG00000237693.5","protein_coding",21102437,"increased activity of IRGM increases autophagy;increased activity of IRGM increases autophagy of lymphoma cell lines"
"Autophagy_dependent_cell_death","ITGB4","integrin subunit beta 4","ENSG00000132470.14","protein_coding",24007983,"increased activity of ITGB4 affects autophagy"
"Autophagy_dependent_cell_death","ITGB4","integrin subunit beta 4","ENSG00000132470.14","protein_coding",18959757,"decreased activity of ITGB4 increases autophagic cell death by carcinoma cell lines"
"Autophagy_dependent_cell_death","ITPR1","inositol 1,4,5-trisphosphate receptor type 1","ENSG00000150995.21","protein_coding",22770472,"increased activity of ITPR1 affects autophagy"
"Autophagy_dependent_cell_death","KAT8","lysine acetyltransferase 8","ENSG00000103510.20","protein_coding",23863932,"increased activity of KAT8 affects autophagy"
"Autophagy_dependent_cell_death","KDM4A","lysine demethylase 4A","ENSG00000066135.13","protein_coding",25660547,"increased activity of KDM4A decreases autophagy"
"Autophagy_dependent_cell_death","KDR","kinase insert domain receptor","ENSG00000128052.10","protein_coding",23798385,"increased activity of KDR increases macroautophagy of cells"
"Autophagy_dependent_cell_death","CIP2A","cellular inhibitor of PP2A","ENSG00000163507","protein_coding",24590173,"increased activity of KIAA1524 decreases autophagy of breast cancer cell lines"
"Autophagy_dependent_cell_death","KIF25","kinesin family member 25","ENSG00000125337.21","protein_coding",22354037,"increased activity of KIF25 decreases autophagy"
"Autophagy_dependent_cell_death","KIF5C","kinesin family member 5C","ENSG00000168280.18","protein_coding",20660724,"decreased activity of KIF5C decreases autophagy of brain cancer cell lines"
"Autophagy_dependent_cell_death","KRAS","KRAS proto-oncogene, GTPase","ENSG00000133703.14","protein_coding",26056141,"unknown change in activity of KRAS affects autophagy of keratinocytes"
"Autophagy_dependent_cell_death","KRAS","KRAS proto-oncogene, GTPase","ENSG00000133703.14","protein_coding",22509024,"unknown change in activity of KRAS increases autophagy"
"Autophagy_dependent_cell_death","KRAS","KRAS proto-oncogene, GTPase","ENSG00000133703.14","protein_coding",21300795,"unknown change in activity of KRAS increases autophagy of breast cell lines"
"Autophagy_dependent_cell_death","KRT18","keratin 18","ENSG00000111057.11","protein_coding",20660724,"decreased activity of KRT18 increases autophagy of brain cancer cell lines"
"Autophagy_dependent_cell_death","LACRT","lacritin","ENSG00000135413.9","protein_coding",23640897,"increased activity of LACRT increases macroautophagy of cells"
"Autophagy_dependent_cell_death","LAMP1","lysosomal associated membrane protein 1","ENSG00000185896.11","protein_coding",18690537,"increased activity of LAMP1 affects autophagic cell death"
"Autophagy_dependent_cell_death","LAMP2","lysosomal associated membrane protein 2","ENSG00000005893.17","protein_coding",27628032,"increased activity of LAMP2 affects chaperone mediated autophagy;increased activity of LAMP2 affects chaperone mediated autophagy"
"Autophagy_dependent_cell_death","LAMP2","lysosomal associated membrane protein 2","ENSG00000005893.17","protein_coding",24880125,"increased activity of LAMP2 affects chaperone mediated autophagy"
"Autophagy_dependent_cell_death","LAMP2","lysosomal associated membrane protein 2","ENSG00000005893.17","protein_coding",12221139,"increased activity of LAMP2 affects autophagy"
"Autophagy_dependent_cell_death","LAMP2","lysosomal associated membrane protein 2","ENSG00000005893.17","protein_coding",20145727,"increased activity of LAMP2 increases fusion of autophagosomes"
"Autophagy_dependent_cell_death","LAMP2","lysosomal associated membrane protein 2","ENSG00000005893.17","protein_coding",11082038,"increased activity of LAMP2 affects chaperone mediated autophagy"
"Autophagy_dependent_cell_death","LAMP3","lysosomal associated membrane protein 3","ENSG00000078081.8","protein_coding",25681212,"increased activity of LAMP3 affects autophagy"
"Autophagy_dependent_cell_death","LAPTM4B","lysosomal protein transmembrane 4 beta","ENSG00000104341.17","protein_coding",25594178,"increased activity of LAPTM4B increases autophagy of breast cancer cell lines"
"Autophagy_dependent_cell_death","LARP1","La ribonucleoprotein 1, translational regulator","ENSG00000155506.19","protein_coding",22354037,"increased activity of LARP1 increases macroautophagy of cells"
"Autophagy_dependent_cell_death","LEP","leptin","ENSG00000174697.5","protein_coding",25060689,"increased activity of LEP decreases autophagy;increased activity of LEP decreases autophagy"
"Autophagy_dependent_cell_death","LEPR","leptin receptor","ENSG00000116678.20","protein_coding",25060689,"increased activity of LEPR decreases autophagy"
"Autophagy_dependent_cell_death","LETM1","leucine zipper and EF-hand containing transmembrane protein 1","ENSG00000168924.15","protein_coding",25077561,"decreased activity of LETM1 increases autophagy of cervical cancer cell lines"
"Autophagy_dependent_cell_death","LMX1B","LIM homeobox transcription factor 1 beta","ENSG00000136944.19","protein_coding",25915474,"increased activity of LMX1B affects autophagy"
"Autophagy_dependent_cell_death","PRODH","proline dehydrogenase 1","ENSG00000100033.17","protein_coding",26330555,"increased activity of LOC102724788/PRODH increases autophagy of neuroblastoma cell lines;decreased activity of LOC102724788/PRODH decreases autophagy of neuroblastoma cell lines"
"Autophagy_dependent_cell_death","LRRK2","leucine rich repeat kinase 2","ENSG00000188906.17","protein_coding",24211199,"increased activity of LRRK2 affects autophagy"
"Autophagy_dependent_cell_death","LRRK2","leucine rich repeat kinase 2","ENSG00000188906.17","protein_coding",20457918,"increased activity of LRRK2 increases autophagy;decreased activity of LRRK2 affects autophagy"
"Autophagy_dependent_cell_death","LRRK2","leucine rich repeat kinase 2","ENSG00000188906.17","protein_coding",19640926,"increased activity of LRRK2 decreases macroautophagy of cells"
"Autophagy_dependent_cell_death","LRRK2","leucine rich repeat kinase 2","ENSG00000188906.17","protein_coding",22012985,"increased activity of LRRK2 increases autophagy"
"Autophagy_dependent_cell_death","LZTS1","leucine zipper tumor suppressor 1","ENSG00000061337.15","protein_coding",22354037,"increased activity of LZTS1 decreases macroautophagy of cells"
"Autophagy_dependent_cell_death","MAF1","MAF1 homolog, negative regulator of RNA polymerase III","ENSG00000179632.10","protein_coding",25934505,"decreased activity of MAF1 increases autophagy"
"Autophagy_dependent_cell_death","MAP1LC3A","microtubule associated protein 1 light chain 3 alpha","ENSG00000101460.13","protein_coding",22267086,"increased activity of MAP1LC3A affects autophagy of mitochondria"
"Autophagy_dependent_cell_death","MAP1LC3A","microtubule associated protein 1 light chain 3 alpha","ENSG00000101460.13","protein_coding",17608026,"increased activity of MAP1LC3A affects autophagy"
"Autophagy_dependent_cell_death","MAP1LC3A","microtubule associated protein 1 light chain 3 alpha","ENSG00000101460.13","protein_coding",16420522,"increased activity of MAP1LC3A affects autophagy"
"Autophagy_dependent_cell_death","MAP1LC3A","microtubule associated protein 1 light chain 3 alpha","ENSG00000101460.13","protein_coding",19066474,"decreased activity of MAP1LC3A decreases autophagy of carcinoma cell lines,autophagy of lung cancer cell lines"
"Autophagy_dependent_cell_death","MAP1LC3B","microtubule associated protein 1 light chain 3 beta","ENSG00000140941.14","protein_coding",20145727,"increased activity of MAP1LC3B affects autophagy of breast cancer cell lines"
"Autophagy_dependent_cell_death","MAP1S","microtubule associated protein 1S","ENSG00000130479.11","protein_coding",21262964,"increased activity of MAP1S affects autophagy;decreased activity of MAP1S affects autophagy;decreased activity of MAP1S increases accumulation of autophagosomes"
"Autophagy_dependent_cell_death","MAP2K1","mitogen-activated protein kinase kinase 1","ENSG00000169032.11","protein_coding",20656687,"increased activity of MAP2K1 increases autophagy of leukemia cell lines"
"Autophagy_dependent_cell_death","MAP2K2","mitogen-activated protein kinase kinase 2","ENSG00000126934.15","protein_coding",20656687,"increased activity of MAP2K2 increases autophagy of leukemia cell lines"
"Autophagy_dependent_cell_death","MAP2K4","mitogen-activated protein kinase kinase 4","ENSG00000065559.15","protein_coding",20101227,"decreased activity of MAP2K4 decreases autophagic cell death of fibroblast cell lines"
"Autophagy_dependent_cell_death","MAP2K7","mitogen-activated protein kinase kinase 7","ENSG00000076984.18","protein_coding",20101227,"decreased activity of MAP2K7 decreases autophagic cell death of fibroblast cell lines;decreased activity of MAP2K7 increases autophagic cell death of fibroblast cell lines"
"Autophagy_dependent_cell_death","MAP3K7","mitogen-activated protein kinase kinase kinase 7","ENSG00000135341.19","protein_coding",23778976,"increased activity of Map3k7 increases macroautophagy of cells"
"Autophagy_dependent_cell_death","MAP3K7","mitogen-activated protein kinase kinase kinase 7","ENSG00000135341.19","protein_coding",19959994,"decreased activity of Map3k7 decreases autophagy of fibroblasts"
"Autophagy_dependent_cell_death","MAPK14","mitogen-activated protein kinase 14","ENSG00000112062.12","protein_coding",26663083,"decreased activity of MAPK14 increases autophagy"
"Autophagy_dependent_cell_death","MAPK14","mitogen-activated protein kinase 14","ENSG00000112062.12","protein_coding",21841826,"decreased activity of MAPK14 increases autophagy of colorectal cancer cell lines"
"Autophagy_dependent_cell_death","MAPK14","mitogen-activated protein kinase 14","ENSG00000112062.12","protein_coding",22354961,"decreased activity of MAPK14 increases autophagy of leukemia cell lines"
"Autophagy_dependent_cell_death","MAPK14","mitogen-activated protein kinase 14","ENSG00000112062.12","protein_coding",19893488,"increased activity of MAPK14 decreases autophagy of embryonic cell lines,autophagy of epithelial cell lines,autophagy of kidney cell lines"
"Autophagy_dependent_cell_death","MAPK8","mitogen-activated protein kinase 8","ENSG00000107643.17","protein_coding",21300795,"decreased activity of MAPK8 decreases autophagy of breast cell lines"
"Autophagy_dependent_cell_death","MAPK8","mitogen-activated protein kinase 8","ENSG00000107643.17","protein_coding",19029119,"increased activity of MAPK8 increases autophagy of cervical cancer cell lines,macroautophagy"
"Autophagy_dependent_cell_death","MAPK8","mitogen-activated protein kinase 8","ENSG00000107643.17","protein_coding",20101227,"increased activity of MAPK8 increases autophagic cell death of fibroblast cell lines;decreased activity of MAPK8 decreases autophagic cell death of fibroblast cell lines"
"Autophagy_dependent_cell_death","MAPT","microtubule associated protein tau","ENSG00000186868.18","protein_coding",19074461,"increased activity of MAPT affects autophagy"
"Autophagy_dependent_cell_death","MBOAT4","membrane bound O-acyltransferase domain containing 4","ENSG00000177669.4","protein_coding",25583513,"decreased activity of MBOAT4 decreases autophagy"
"Autophagy_dependent_cell_death","MCL1","MCL1 apoptosis regulator, BCL2 family member","ENSG00000143384.14","protein_coding",24113155,"increased activity of MCL1 decreases autophagy"
"Autophagy_dependent_cell_death","MCL1","MCL1 apoptosis regulator, BCL2 family member","ENSG00000143384.14","protein_coding",23788623,"decreased activity of MCL1 decreases autophagy of heart"
"Autophagy_dependent_cell_death","MCL1","MCL1 apoptosis regulator, BCL2 family member","ENSG00000143384.14","protein_coding",24912196,"decreased activity of MCL1 increases autophagy of fibroblast cell lines"
"Autophagy_dependent_cell_death","MCOLN1","mucolipin TRP cation channel 1","ENSG00000090674.16","protein_coding",20736310,"decreased activity of MCOLN1 decreases autophagy of cervical cancer cell lines;decreased activity of MCOLN1 decreases autophagy of cervical cancer cell lines"
"Autophagy_dependent_cell_death","MCOLN3","mucolipin TRP cation channel 3","ENSG00000055732.13","protein_coding",19497048,"increased activity of MCOLN3 decreases maturation of autophagosomes"
"Autophagy_dependent_cell_death","MDM2","MDM2 proto-oncogene","ENSG00000135679.27","protein_coding",21460857,"decreased activity of MDM2 decreases autophagy of bone cancer cell lines,autophagy of sarcoma cell lines;decreased activity of MDM2 decreases autophagy of colorectal cancer cell lines;decreased activity of MDM2 decreases autophagy of cervical cancer cell lines"
"Autophagy_dependent_cell_death","MEFV","MEFV innate immunity regulator, pyrin","ENSG00000103313.14","protein_coding",26347139,"increased activity of MEFV increases autophagy"
"Autophagy_dependent_cell_death","MEGF10","multiple EGF like domains 10","ENSG00000145794.17","protein_coding",20660724,"decreased activity of MEGF10 decreases autophagy of brain cancer cell lines"
"Autophagy_dependent_cell_death","MET","MET proto-oncogene, receptor tyrosine kinase","ENSG00000105976.16","protein_coding",27307589,"increased activity of MET increases assembly of autophagosomes"
"Autophagy_dependent_cell_death","MFN1","mitofusin 1","ENSG00000171109.19","protein_coding",23427266,"increased activity of MFN1 increases autophagy of mitochondria"
"Autophagy_dependent_cell_death","MFN2","mitofusin 2","ENSG00000116688.18","protein_coding",23921556,"decreased activity of MFN2 decreases autophagy of fibroblast cell lines"
"Autophagy_dependent_cell_death","MFN2","mitofusin 2","ENSG00000116688.18","protein_coding",20478256,"decreased activity of MFN2 decreases autophagy of fibroblast cell lines"
"Autophagy_dependent_cell_death","MFN2","mitofusin 2","ENSG00000116688.18","protein_coding",22619176,"decreased activity of MFN2 affects accumulation of autophagosomes"
"Autophagy_dependent_cell_death","MFSD8","major facilitator superfamily domain containing 8","ENSG00000164073.11","protein_coding",26681805,"increased activity of MFSD8 affects autophagy"
"Autophagy_dependent_cell_death","MID2","midline 2","ENSG00000080561.14","protein_coding",26347139,"increased activity of MID2 increases autophagy"
"Autophagy_dependent_cell_death","MITF","melanocyte inducing transcription factor","ENSG00000187098.18","protein_coding",26240184,"increased activity of MITF affects autophagy of cervical cancer cell lines,autophagy of mitochondria"
"Autophagy_dependent_cell_death","MMP10","matrix metallopeptidase 10","ENSG00000166670.10","protein_coding",20660724,"decreased activity of MMP10 increases autophagy of brain cancer cell lines"
"Autophagy_dependent_cell_death","MT3","metallothionein 3","ENSG00000087250.9","protein_coding",20544854,"increased activity of Mt3 decreases autophagy"
"Autophagy_dependent_cell_death","MTDH","metadherin","ENSG00000147649.10","protein_coding",21127263,"increased activity of MTDH increases autophagy"
"Autophagy_dependent_cell_death","MTMR3","myotubularin related protein 3","ENSG00000100330.16","protein_coding",20059746,"decreased activity of MTMR3 affects formation of autophagosomes;decreased activity of MTMR3 affects formation of autophagosomes;increased activity of MTMR3 decreases autophagy of carcinoma cell lines,autophagy of lung cancer cell lines"
"Autophagy_dependent_cell_death","MTMR3","myotubularin related protein 3","ENSG00000100330.16","protein_coding",26240347,"increased activity of MTMR3 decreases autophagy of monocyte-derived macrophages;unknown change in activity of MTMR3 decreases autophagy of monocyte-derived macrophages"
"Autophagy_dependent_cell_death","MTOR","mechanistic target of rapamycin kinase","ENSG00000198793.14","protein_coding",25070845,"increased activity of MTOR increases autophagy of kidney cell lines;increased activity of MTOR decreases autophagy of cells;increased activity of MTOR increases autophagy of peritoneal macrophages"
"Autophagy_dependent_cell_death","MTOR","mechanistic target of rapamycin kinase","ENSG00000198793.14","protein_coding",15759103,"increased activity of MTOR affects autophagy"
"Autophagy_dependent_cell_death","MTOR","mechanistic target of rapamycin kinase","ENSG00000198793.14","protein_coding",17215878,"increased activity of MTOR affects autophagy"
"Autophagy_dependent_cell_death","MTOR","mechanistic target of rapamycin kinase","ENSG00000198793.14","protein_coding",16973207,"increased activity of MTOR affects autophagy;increased activity of MTOR decreases autophagy of cells;decreased activity of MTOR increases autophagy of cells;increased activity of MTOR increases autophagy;increased activity of MTOR increases autophagy of cells"
"Autophagy_dependent_cell_death","MTOR","mechanistic target of rapamycin kinase","ENSG00000198793.14","protein_coding",20147746,"increased activity of MTOR decreases autophagy of cells;increased activity of MTOR affects autophagy of cells"
"Autophagy_dependent_cell_death","MTOR","mechanistic target of rapamycin kinase","ENSG00000198793.14","protein_coding",20096553,"increased activity of MTOR decreases autophagy of cells;decreased activity of MTOR increases autophagy of cells"
"Autophagy_dependent_cell_death","MTOR","mechanistic target of rapamycin kinase","ENSG00000198793.14","protein_coding",17007735,"increased activity of MTOR decreases autophagy of cells"
"Autophagy_dependent_cell_death","MTOR","mechanistic target of rapamycin kinase","ENSG00000198793.14","protein_coding",20077024,"increased activity of MTOR decreases autophagy of cells"
"Autophagy_dependent_cell_death","MVB12A","multivesicular body subunit 12A","ENSG00000141971.13","protein_coding",20588296,"increased activity of MVB12A affects macroautophagy of cells"
"Autophagy_dependent_cell_death","MYC","MYC proto-oncogene, bHLH transcription factor","ENSG00000136997.22","protein_coding",19773438,"increased activity of MYC decreases autophagy"
"Autophagy_dependent_cell_death","MYC","MYC proto-oncogene, bHLH transcription factor","ENSG00000136997.22","protein_coding",20096553,"increased activity of MYC affects autophagy"
"Autophagy_dependent_cell_death","MYC","MYC proto-oncogene, bHLH transcription factor","ENSG00000136997.22","protein_coding",24696454,"increased activity of MYC increases autophagy of colorectal cancer cell lines"
"Autophagy_dependent_cell_death","MYD88","MYD88 innate immune signal transduction adaptor","ENSG00000172936.17","protein_coding",18772134,"decreased activity of MYD88 decreases autophagy of Cytoplasm,autophagy of macrophage cancer cell lines"
"Autophagy_dependent_cell_death","MYL3","myosin light chain 3","ENSG00000160808.11","protein_coding",20660724,"decreased activity of MYL3 increases autophagy of brain cancer cell lines"
"Autophagy_dependent_cell_death","MYOCD","myocardin","ENSG00000141052.18","protein_coding",25805819,"decreased activity of MYOCD increases autophagy of smooth muscle cells"
"Autophagy_dependent_cell_death","NACC1","nucleus accumbens associated 1","ENSG00000160877.7","protein_coding",21743489,"decreased activity of NACC1 decreases autophagy of tumor cell lines"
"Autophagy_dependent_cell_death","NAF1","nuclear assembly factor 1 ribonucleoprotein","ENSG00000145414.9","protein_coding",20010695,"increased activity of NAF1 decreases autophagy of lung cancer cell lines"
"Autophagy_dependent_cell_death","NAMPT","nicotinamide phosphoribosyltransferase","ENSG00000105835.13","protein_coding",19661458,"decreased activity of NAMPT decreases autophagy of cardiomyocytes,autophagy of Cytoplasm"
"Autophagy_dependent_cell_death","NBR1","NBR1 autophagy cargo receptor","ENSG00000188554.15","protein_coding",19250911,"increased activity of NBR1 affects macroautophagy of cells"
"Autophagy_dependent_cell_death","NCF1","neutrophil cytosolic factor 1","ENSG00000158517.16","protein_coding",25529920,"decreased activity of NCF1 decreases accumulation of autophagosomes"
"Autophagy_dependent_cell_death","NCR3","natural cytotoxicity triggering receptor 3","ENSG00000204475.10","protein_coding",20660724,"decreased activity of NCR3 increases autophagy of brain cancer cell lines"
"Autophagy_dependent_cell_death","NDRG1","N-myc downstream regulated 1","ENSG00000104419.17","protein_coding",24532803,"increased activity of NDRG1 decreases autophagy of pancreatic cancer cell lines;increased activity of NDRG1 decreases formation of autophagosomes"
"Autophagy_dependent_cell_death","NEU3","neuraminidase 3","ENSG00000162139.10","protein_coding",23139422,"decreased activity of NEU3 decreases autophagy of carcinoma cell lines,autophagy of kidney cancer cell lines"
"Autophagy_dependent_cell_death","NFE2L2","NFE2 like bZIP transcription factor 2","ENSG00000116044.17","protein_coding",26056141,"decreased activity of NFE2L2 increases autophagy of keratinocytes"
"Autophagy_dependent_cell_death","NFE2L2","NFE2 like bZIP transcription factor 2","ENSG00000116044.17","protein_coding",23223297,"increased activity of NFE2L2 increases macroautophagy"
"Autophagy_dependent_cell_death","NFE2L2","NFE2 like bZIP transcription factor 2","ENSG00000116044.17","protein_coding",20805228,"decreased activity of NFE2L2 increases autophagy of breast cancer cell lines"
"Autophagy_dependent_cell_death","NGF","nerve growth factor","ENSG00000134259.6","protein_coding",14556717,"decreased activity of NGF increases autophagic cell death by neurons"
"Autophagy_dependent_cell_death","NHLRC1","NHL repeat containing E3 ubiquitin protein ligase 1","ENSG00000187566.6","protein_coding",22186026,"decreased activity of NHLRC1 affects autophagy"
"Autophagy_dependent_cell_death","NLRC4","NLR family CARD domain containing 4","ENSG00000091106.19","protein_coding",17696608,"decreased activity of NLRC4 increases autophagy of bone marrow-derived macrophages"
"Autophagy_dependent_cell_death","NLRP4","NLR family pyrin domain containing 4","ENSG00000160505.16","protein_coding",21209283,"decreased activity of NLRP4 increases autophagy of cervical cancer cell lines;decreased activity of NLRP4 increases autophagic cell death of cervical cancer cell lines;increased activity of NLRP4 decreases maturation of autophagosomes;decreased activity of NLRP4 increases autophagy of endothelial cells;decreased activity of NLRP4 increases autophagic cell death of endothelial cells"
"Autophagy_dependent_cell_death","NLRP6","NLR family pyrin domain containing 6","ENSG00000174885.13","protein_coding",24581500,"increased activity of NLRP6 affects autophagy"
"Autophagy_dependent_cell_death","NLRX1","NLR family member X1","ENSG00000160703.17","protein_coding",22749352,"decreased activity of NLRX1 decreases autophagy of peritoneal macrophages;decreased activity of NLRX1 decreases autophagy of fibroblast cell lines"
"Autophagy_dependent_cell_death","NOD2","nucleotide binding oligomerization domain containing 2","ENSG00000167207.15","protein_coding",26240347,"increased activity of NOD2 increases autophagy of monocyte-derived macrophages"
"Autophagy_dependent_cell_death","NOD2","nucleotide binding oligomerization domain containing 2","ENSG00000167207.15","protein_coding",19966812,"increased activity of NOD2 increases autophagy of dendritic cells"
"Autophagy_dependent_cell_death","NOS1","nitric oxide synthase 1","ENSG00000089250.20","protein_coding",21726807,"increased activity of NOS1 affects formation of autophagosomes"
"Autophagy_dependent_cell_death","NOS2","nitric oxide synthase 2","ENSG00000007171.19","protein_coding",21726807,"increased activity of NOS2 affects formation of autophagosomes"
"Autophagy_dependent_cell_death","NOS3","nitric oxide synthase 3","ENSG00000164867.11","protein_coding",21726807,"increased activity of NOS3 affects formation of autophagosomes"
"Autophagy_dependent_cell_death","NPC1","NPC intracellular cholesterol transporter 1","ENSG00000141458.13","protein_coding",19074461,"increased activity of NPC1 affects autophagy;increased activity of NPC1 affects autophagy"
"Autophagy_dependent_cell_death","NPC1","NPC intracellular cholesterol transporter 1","ENSG00000141458.13","protein_coding",17468177,"increased activity of NPC1 decreases macroautophagy of cells"
"Autophagy_dependent_cell_death","NQO1","NAD(P)H quinone dehydrogenase 1","ENSG00000181019.13","protein_coding",20805228,"increased activity of NQO1 decreases autophagy of breast cancer cell lines"
"Autophagy_dependent_cell_death","NR1D1","nuclear receptor subfamily 1 group D member 1","ENSG00000126368.6","protein_coding",23852339,"decreased activity of NR1D1 increases autophagy of muscle"
"Autophagy_dependent_cell_death","NRBF2","nuclear receptor binding factor 2","ENSG00000148572.16","protein_coding",24785657,"increased activity of NRBF2 affects autophagy"
"Autophagy_dependent_cell_death","NRBF2","nuclear receptor binding factor 2","ENSG00000148572.16","protein_coding",24849286,"increased activity of NRBF2 affects autophagy"
"Autophagy_dependent_cell_death","NRBP2","nuclear receptor binding protein 2","ENSG00000185189.18","protein_coding",22354037,"increased activity of NRBP2 decreases macroautophagy of cells"
"Autophagy_dependent_cell_death","NUPR1","nuclear protein 1, transcriptional regulator","ENSG00000176046.9","protein_coding",20181828,"decreased activity of NUPR1 increases autophagy by heart cell lines,autophagy by muscle cell lines;decreased activity of NUPR1 increases autophagy;decreased activity of NUPR1 increases autophagy of bone cancer cell lines,autophagy of sarcoma cell lines;decreased activity of NUPR1 increases autophagy of cardiomyocytes"
"Autophagy_dependent_cell_death","NUPR1","nuclear protein 1, transcriptional regulator","ENSG00000176046.9","protein_coding",20145727,"decreased activity of NUPR1 decreases autophagy of fibroblast cell lines;increased activity of NUPR1 increases autophagy of cancer cells"
"Autophagy_dependent_cell_death","OCRL","OCRL inositol polyphosphate-5-phosphatase","ENSG00000122126.18","protein_coding",27398910,"decreased activity of OCRL increases accumulation of autophagosomes"
"Autophagy_dependent_cell_death","OPTN","optineurin","ENSG00000123240.17","protein_coding",21617041,"increased activity of OPTN affects macroautophagy of cells"
"Autophagy_dependent_cell_death","OPTN","optineurin","ENSG00000123240.17","protein_coding",21059646,"unknown change in activity of OPTN increases autophagy by retinal ganglion cells"
"Autophagy_dependent_cell_death","OSTM1","osteoclastogenesis associated transmembrane protein 1","ENSG00000081087.16","protein_coding",24719316,"decreased activity of OSTM1 increases accumulation of autophagosomes"
"Autophagy_dependent_cell_death","PAFAH1B2","platelet activating factor acetylhydrolase 1b catalytic subunit 2","ENSG00000168092.14","protein_coding",22354037,"increased activity of PAFAH1B2 increases macroautophagy of cells"
"Autophagy_dependent_cell_death","PRKN","parkin RBR E3 ubiquitin protein ligase","ENSG00000185345","protein_coding",25752611,"decreased activity of PRKN decreases autophagy of mitochondria"
"Autophagy_dependent_cell_death","PRKN","parkin RBR E3 ubiquitin protein ligase","ENSG00000185345","protein_coding",20889974,"increased activity of PRKN affects autophagy"
"Autophagy_dependent_cell_death","PRKN","parkin RBR E3 ubiquitin protein ligase","ENSG00000185345","protein_coding",25217637,"increased activity of PRKN increases autophagy of cervical cancer cell lines,autophagy of mitochondria;increased activity of PARK2 increases autophagy of cortical neurons,autophagy of mitochondria"
"Autophagy_dependent_cell_death","PRKN","parkin RBR E3 ubiquitin protein ligase","ENSG00000185345","protein_coding",26240184,"increased activity of PRKN increases autophagy of cervical cancer cell lines,autophagy of mitochondria"
"Autophagy_dependent_cell_death","PRKN","parkin RBR E3 ubiquitin protein ligase","ENSG00000185345","protein_coding",24005326,"decreased activity of PRKN decreases autophagy"
"Autophagy_dependent_cell_death","PCGF1","polycomb group ring finger 1","ENSG00000115289.14","protein_coding",20660724,"decreased activity of PCGF1 increases autophagy of brain cancer cell lines"
"Autophagy_dependent_cell_death","PDK1","pyruvate dehydrogenase kinase 1","ENSG00000152256.14","protein_coding",24560926,"increased activity of PDK1 increases autophagy of bone cancer cell lines,autophagy of sarcoma cell lines"
"Autophagy_dependent_cell_death","PDK2","pyruvate dehydrogenase kinase 2","ENSG00000005882.12","protein_coding",24560926,"decreased activity of PDK2 decreases autophagy of bone cancer cell lines,autophagy of sarcoma cell lines;increased activity of PDK2 increases autophagy of bone cancer cell lines,autophagy of sarcoma cell lines"
"Autophagy_dependent_cell_death","PDK4","pyruvate dehydrogenase kinase 4","ENSG00000004799.8","protein_coding",24560926,"decreased activity of PDK4 decreases autophagy of bone cancer cell lines,autophagy of sarcoma cell lines;increased activity of PDK4 increases autophagy of bone cancer cell lines,autophagy of sarcoma cell lines"
"Autophagy_dependent_cell_death","PGAM5","PGAM family member 5, mitochondrial serine/threonine protein phosphatase","ENSG00000247077.8","protein_coding",25126723,"decreased activity of PGAM5 increases autophagy of cervical cancer cell lines,autophagy of mitochondria"
"Autophagy_dependent_cell_death","PIK3C2A","phosphatidylinositol-4-phosphate 3-kinase catalytic subunit type 2 alpha","ENSG00000011405.14","protein_coding",24098492,"increased activity of PIK3C2A affects macroautophagy of cells"
"Autophagy_dependent_cell_death","PIK3C2B","phosphatidylinositol-4-phosphate 3-kinase catalytic subunit type 2 beta","ENSG00000133056.14","protein_coding",24098492,"increased activity of PIK3C2B affects macroautophagy of cells"
"Autophagy_dependent_cell_death","PIK3C3","phosphatidylinositol 3-kinase catalytic subunit type 3","ENSG00000078142.14","protein_coding",25578879,"increased activity of PIK3C3 affects macroautophagy of cells;decreased activity of PIK3C3 affects formation of autophagosomes"
"Autophagy_dependent_cell_death","PIK3C3","phosphatidylinositol 3-kinase catalytic subunit type 3","ENSG00000078142.14","protein_coding",23332761,"increased activity of PIK3C3 affects macroautophagy of cells"
"Autophagy_dependent_cell_death","PIK3C3","phosphatidylinositol 3-kinase catalytic subunit type 3","ENSG00000078142.14","protein_coding",21835792,"decreased activity of PIK3C3 decreases autophagy of hepatoma cell lines"
"Autophagy_dependent_cell_death","PIK3C3","phosphatidylinositol 3-kinase catalytic subunit type 3","ENSG00000078142.14","protein_coding",22592798,"decreased activity of PIK3C3 decreases autophagy of CD4+ T-lymphocytes;decreased activity of PIK3C3 decreases autophagy of T lymphocytes"
"Autophagy_dependent_cell_death","PIK3CA","phosphatidylinositol-4,5-bisphosphate 3-kinase catalytic subunit alpha","ENSG00000121879.6","protein_coding",14627994,"increased activity of PIK3CA increases accumulation of autophagic vacuoles"
"Autophagy_dependent_cell_death","PIK3CA","phosphatidylinositol-4,5-bisphosphate 3-kinase catalytic subunit alpha","ENSG00000121879.6","protein_coding",23172887,"decreased activity of PIK3CA increases autophagy of carcinoma cell lines,autophagy of lung cancer cell lines"
"Autophagy_dependent_cell_death","PIK3CB","phosphatidylinositol-4,5-bisphosphate 3-kinase catalytic subunit beta","ENSG00000051382.9","protein_coding",21321382,"increased activity of PIK3CB increases autophagy"
"Autophagy_dependent_cell_death","PIK3R1","phosphoinositide-3-kinase regulatory subunit 1","ENSG00000145675.16","protein_coding",14627994,"decreased activity of PIK3R1 decreases accumulation of autophagic vacuoles"
"Autophagy_dependent_cell_death","PIK3R1","phosphoinositide-3-kinase regulatory subunit 1","ENSG00000145675.16","protein_coding",22675202,"increased activity of PIK3R1 increases autophagy of macrophage cancer cell lines"
"Autophagy_dependent_cell_death","PIK3R2","phosphoinositide-3-kinase regulatory subunit 2","ENSG00000105647.19","protein_coding",23604317,"increased activity of PIK3R2 affects autophagy"
"Autophagy_dependent_cell_death","PIM2","Pim-2 proto-oncogene, serine/threonine kinase","ENSG00000102096.9","protein_coding",17476689,"increased activity of PIM2 increases autophagy;increased activity of PIM2 increases macroautophagy of cells"
"Autophagy_dependent_cell_death","PINK1","PTEN induced kinase 1","ENSG00000158828.8","protein_coding",19279012,"increased activity of PINK1 decreases macroautophagy of cells;decreased activity of PINK1 increases autophagy of mitochondria,autophagy of neuroblastoma cell lines;increased activity of PINK1 decreases autophagy of mitochondria,autophagy of neuroblastoma cell lines;[decreased activity, unknown change in activity] of PINK1 [decreases, increases] autophagy of neuroblastoma cell lines;decreased activity of PINK1 increases autophagy of neuroblastoma cell lines,macroautophagy of tumor cell lines;decreased activity of PINK1 increases autophagy of neuroblastoma cell lines;increased activity of PINK1 decreases autophagy of neuroblastoma cell lines"
"Autophagy_dependent_cell_death","PINK1","PTEN induced kinase 1","ENSG00000158828.8","protein_coding",20057503,"unknown change in activity of PINK1 increases autophagy of neuroblastoma cell lines;increased activity of PINK1 increases autophagy of neuroblastoma cell lines"
"Autophagy_dependent_cell_death","PINK1","PTEN induced kinase 1","ENSG00000158828.8","protein_coding",25217637,"increased activity of PINK1 increases autophagy of cervical cancer cell lines,autophagy of mitochondria;increased activity of PINK1 increases autophagy of cortical neurons,autophagy of mitochondria"
"Autophagy_dependent_cell_death","PINK1","PTEN induced kinase 1","ENSG00000158828.8","protein_coding",20798600,"increased activity of PINK1 affects autophagy of mitochondria"
"Autophagy_dependent_cell_death","PINK1","PTEN induced kinase 1","ENSG00000158828.8","protein_coding",23933751,"increased activity of PINK1 affects autophagy of mitochondria"
"Autophagy_dependent_cell_death","PINK1","PTEN induced kinase 1","ENSG00000158828.8","protein_coding",24896179,"increased activity of PINK1 affects autophagy of mitochondria"
"Autophagy_dependent_cell_death","PIP4K2A","phosphatidylinositol-5-phosphate 4-kinase type 2 alpha","ENSG00000150867.14","protein_coding",25578879,"increased activity of PIP4K2A affects autophagy"
"Autophagy_dependent_cell_death","PIP4K2B","phosphatidylinositol-5-phosphate 4-kinase type 2 beta","ENSG00000276293.5","protein_coding",25578879,"increased activity of PIP4K2B affects autophagy"
"Autophagy_dependent_cell_death","PIP4K2C","phosphatidylinositol-5-phosphate 4-kinase type 2 gamma","ENSG00000166908.18","protein_coding",25578879,"increased activity of PIP4K2C affects autophagy"
"Autophagy_dependent_cell_death","PKM","pyruvate kinase M1/2","ENSG00000067225.21","protein_coding",22236875,"increased activity of PKM increases autophagy of fibroblast cell lines"
"Autophagy_dependent_cell_death","PLA2G4A","phospholipase A2 group IVA","ENSG00000116711.10","protein_coding",22003202,"decreased activity of PLA2G4A decreases autophagy of macrophage cancer cell lines;increased activity of PLA2G4A increases autophagy of macrophage cancer cell lines"
"Autophagy_dependent_cell_death","PLCE1","phospholipase C epsilon 1","ENSG00000138193.17","protein_coding",20147746,"increased activity of PLCE1 affects autophagy of cells"
"Autophagy_dependent_cell_death","PLD1","phospholipase D1","ENSG00000075651.17","protein_coding",21266992,"decreased activity of PLD1 affects autophagy"
"Autophagy_dependent_cell_death","PLD1","phospholipase D1","ENSG00000075651.17","protein_coding",20674539,"increased activity of PLD1 increases autophagy of Salmonella typhimurium SL1344"
"Autophagy_dependent_cell_death","PLD2","phospholipase D2","ENSG00000129219.14","protein_coding",20674539,"increased activity of PLD2 increases autophagy of Salmonella typhimurium SL1344"
"Autophagy_dependent_cell_death","PLEKHF1","pleckstrin homology and FYVE domain containing 1","ENSG00000166289.6","protein_coding",22115783,"increased activity of PLEKHF1 increases autophagy"
"Autophagy_dependent_cell_death","PLG","plasminogen","ENSG00000122194.20","protein_coding",17272502,"increased activity of PLG increases autophagy of vascular endothelial cells"
"Autophagy_dependent_cell_death","PLK2","polo like kinase 2","ENSG00000145632.15","protein_coding",23983262,"increased activity of PLK2 increases autophagy"
"Autophagy_dependent_cell_death","POLDIP2","DNA polymerase delta interacting protein 2","ENSG00000004142.12","protein_coding",24797518,"increased activity of POLDIP2 decreases macroautophagy of cells"
"Autophagy_dependent_cell_death","POLG","DNA polymerase gamma, catalytic subunit","ENSG00000140521.18","protein_coding",25411424,"unknown change in activity of POLG decreases autophagy of cells"
"Autophagy_dependent_cell_death","PPARG","peroxisome proliferator activated receptor gamma","ENSG00000132170.24","protein_coding",19834493,"decreased activity of PPARG increases autophagy of epithelial cells;[decreased activity, increased activity] of PPARG [decreases, increases] autophagy of epithelial cells"
"Autophagy_dependent_cell_death","PPFIA4","PTPRF interacting protein alpha 4","ENSG00000143847.16","protein_coding",20660724,"decreased activity of PPFIA4 increases autophagy of brain cancer cell lines"
"Autophagy_dependent_cell_death","PRKAA1","protein kinase AMP-activated catalytic subunit alpha 1","ENSG00000132356.12","protein_coding",20114074,"decreased activity of PRKAA1 increases autophagy of fibroblasts"
"Autophagy_dependent_cell_death","PRKAA1","protein kinase AMP-activated catalytic subunit alpha 1","ENSG00000132356.12","protein_coding",21258367,"increased activity of PRKAA1 increases autophagy"
"Autophagy_dependent_cell_death","PRKAA1","protein kinase AMP-activated catalytic subunit alpha 1","ENSG00000132356.12","protein_coding",19197243,"increased activity of PRKAA1 increases autophagy of epithelial cell lines;increased activity of PRKAA1 increases autophagy of breast cell lines"
"Autophagy_dependent_cell_death","PRKAA1","protein kinase AMP-activated catalytic subunit alpha 1","ENSG00000132356.12","protein_coding",26103054,"increased activity of PRKAA1 increases autophagy"
"Autophagy_dependent_cell_death","PRKAA1","protein kinase AMP-activated catalytic subunit alpha 1","ENSG00000132356.12","protein_coding",22012985,"increased activity of PRKAA1 increases autophagy"
"Autophagy_dependent_cell_death","PRKAA2","protein kinase AMP-activated catalytic subunit alpha 2","ENSG00000162409.12","protein_coding",20114074,"decreased activity of PRKAA2 increases autophagy of fibroblasts"
"Autophagy_dependent_cell_death","PRKAA2","protein kinase AMP-activated catalytic subunit alpha 2","ENSG00000162409.12","protein_coding",21258367,"increased activity of PRKAA2 increases autophagy"
"Autophagy_dependent_cell_death","PRKAA2","protein kinase AMP-activated catalytic subunit alpha 2","ENSG00000162409.12","protein_coding",17332429,"decreased activity of PRKAA2 decreases autophagy of heart"
"Autophagy_dependent_cell_death","PRKAA2","protein kinase AMP-activated catalytic subunit alpha 2","ENSG00000162409.12","protein_coding",24515110,"decreased activity of PRKAA2 decreases autophagy of hepatocytes,autophagy of mitochondria"
"Autophagy_dependent_cell_death","PRKAA2","protein kinase AMP-activated catalytic subunit alpha 2","ENSG00000162409.12","protein_coding",25126726,"increased activity of PRKAA2 increases macroautophagy of cells"
"Autophagy_dependent_cell_death","PRKCD","protein kinase C delta","ENSG00000163932.16","protein_coding",20674539,"increased activity of PRKCD increases autophagy of Salmonella typhimurium SL1344;increased activity of PRKCD increases autophagy of Salmonella typhimurium SL1344"
"Autophagy_dependent_cell_death","PRKCQ","protein kinase C theta","ENSG00000065675.16","protein_coding",20145727,"increased activity of PRKCQ affects autophagy;decreased activity of PRKCQ decreases autophagy"
"Autophagy_dependent_cell_death","PRKD1","protein kinase D1","ENSG00000184304.17","protein_coding",22095288,"increased activity of PRKD1 increases autophagy"
"Autophagy_dependent_cell_death","PRKDC","protein kinase, DNA-activated, catalytic subunit","ENSG00000253729.9","protein_coding",15899829,"decreased activity of PRKDC increases autophagy of brain cancer cell lines"
"Autophagy_dependent_cell_death","PRNP","prion protein","ENSG00000171867.18","protein_coding",22323583,"increased activity of PRNP increases autophagy of neuroblastoma cell lines"
"Autophagy_dependent_cell_death","PSAP","prosaposin","ENSG00000197746.15","protein_coding",22949512,"increased activity of PSAP affects autophagy"
"Autophagy_dependent_cell_death","PSEN1","presenilin 1","ENSG00000080815.20","protein_coding",15123735,"increased activity of PSEN1 affects autophagy"
"Autophagy_dependent_cell_death","PTEN","phosphatase and tensin homolog","ENSG00000171862.14","protein_coding",11477064,"increased activity of PTEN increases macroautophagy of cells"
"Autophagy_dependent_cell_death","PTGER2","prostaglandin E receptor 2","ENSG00000125384.7","protein_coding",20660724,"decreased activity of PTGER2 increases autophagy of brain cancer cell lines"
"Autophagy_dependent_cell_death","PTPN22","protein tyrosine phosphatase non-receptor type 22","ENSG00000134242.16","protein_coding",23991106,"increased activity of PTPN22 decreases autophagy"
"Autophagy_dependent_cell_death","PYCARD","PYD and CARD domain containing","ENSG00000103490.14","protein_coding",24581500,"increased activity of PYCARD affects autophagy"
"Autophagy_dependent_cell_death","QSOX1","quiescin sulfhydryl oxidase 1","ENSG00000116260.17","protein_coding",24475161,"increased activity of QSOX1 decreases macroautophagy of cells"
"Autophagy_dependent_cell_death","RAB11A","RAB11A, member RAS oncogene family","ENSG00000103769.10","protein_coding",22613832,"increased activity of RAB11A increases formation of autophagosomes"
"Autophagy_dependent_cell_death","RAB12","RAB12, member RAS oncogene family","ENSG00000206418.5","protein_coding",23357852,"increased activity of RAB12 increases macroautophagy of cells"
"Autophagy_dependent_cell_death","RAB12","RAB12, member RAS oncogene family","ENSG00000206418.5","protein_coding",24719330,"increased activity of RAB12 increases autophagy of fibroblast cell lines"
"Autophagy_dependent_cell_death","RAB1A","RAB1A, member RAS oncogene family","ENSG00000138069.18","protein_coding",22939626,"increased activity of RAB1A affects autophagy"
"Autophagy_dependent_cell_death","RAB1A","RAB1A, member RAS oncogene family","ENSG00000138069.18","protein_coding",20855506,"increased activity of RAB1A increases autophagy of neuroblastoma cell lines;decreased activity of RAB1A decreases autophagy of cervical cancer cell lines"
"Autophagy_dependent_cell_death","RAB7A","RAB7A, member RAS oncogene family","ENSG00000075785.14","protein_coding",20129784,"increased activity of RAB7A affects maturation of autophagosomes"
"Autophagy_dependent_cell_death","RAB7A","RAB7A, member RAS oncogene family","ENSG00000075785.14","protein_coding",20212357,"increased activity of RAB7A increases fusion of autophagosomes"
"Autophagy_dependent_cell_death","RAB7A","RAB7A, member RAS oncogene family","ENSG00000075785.14","protein_coding",20145727,"increased activity of RAB7A increases fusion of autophagosomes"
"Autophagy_dependent_cell_death","RAB7A","RAB7A, member RAS oncogene family","ENSG00000075785.14","protein_coding",20356743,"increased activity of RAB7A affects autophagy"
"Autophagy_dependent_cell_death","RAC3","Rac family small GTPase 3","ENSG00000169750.9","protein_coding",21852230,"increased activity of RAC3 decreases autophagy of cervical cancer cell lines;increased activity of RAC3 decreases autophagy of cervical cancer cell lines;increased activity of RAC3 decreases autophagy of prostate cancer cell lines;decreased activity of RAC3 increases autophagy of colorectal cancer cell lines;decreased activity of RAC3 increases autophagy of breast cancer cell lines;decreased activity of RAC3 increases autophagy of prostate cancer cell lines"
"Autophagy_dependent_cell_death","RALGAPB","Ral GTPase activating protein non-catalytic subunit beta","ENSG00000170471.15","protein_coding",24389102,"decreased activity of RALGAPB decreases autophagy of fibroblast cell lines"
"Autophagy_dependent_cell_death","RAPGEF3","Rap guanine nucleotide exchange factor 3","ENSG00000079337.16","protein_coding",20147746,"increased activity of RAPGEF3 affects autophagy of cells"
"Autophagy_dependent_cell_death","RASD2","RASD family member 2","ENSG00000100302.7","protein_coding",24324270,"decreased activity of RASD2 decreases autophagy of pheochromocytoma cell lines;increased activity of RASD2 increases autophagy of pheochromocytoma cell lines;increased activity of RASD2 increases autophagy of embryonic cell lines,autophagy of epithelial cell lines,autophagy of kidney cell lines"
"Autophagy_dependent_cell_death","RASIP1","Ras interacting protein 1","ENSG00000105538.10","protein_coding",22354037,"increased activity of RASIP1 decreases autophagy"
"Autophagy_dependent_cell_death","RB1","RB transcriptional corepressor 1","ENSG00000139687.16","protein_coding",20937698,"decreased activity of RB1 increases autophagy of myotube"
"Autophagy_dependent_cell_death","RB1CC1","RB1 inducible coiled-coil 1","ENSG00000023287.13","protein_coding",18443221,"increased activity of RB1CC1 affects autophagy"
"Autophagy_dependent_cell_death","RB1CC1","RB1 inducible coiled-coil 1","ENSG00000023287.13","protein_coding",20147746,"increased activity of RB1CC1 increases autophagy of cells"
"Autophagy_dependent_cell_death","RB1CC1","RB1 inducible coiled-coil 1","ENSG00000023287.13","protein_coding",19258318,"increased activity of RB1CC1 increases autophagy of fibroblast cell lines"
"Autophagy_dependent_cell_death","RELA","RELA proto-oncogene, NF-kB subunit","ENSG00000173039.20","protein_coding",21737676,"unknown change in activity of RELA affects autophagy of fibroblast cell lines"
"Autophagy_dependent_cell_death","RELA","RELA proto-oncogene, NF-kB subunit","ENSG00000173039.20","protein_coding",19289499,"increased activity of RELA increases autophagy of cervical cancer cell lines;increased activity of RELA increases autophagy of bone cancer cell lines,autophagy of sarcoma cell lines;increased activity of RELA increases autophagy of bone cancer cell lines,autophagy of sarcoma cell lines"
"Autophagy_dependent_cell_death","RGS19","regulator of G protein signaling 19","ENSG00000171700.14","protein_coding",10836135,"increased activity of RGS19 increases autophagy of colorectal cancer cell lines"
"Autophagy_dependent_cell_death","RGS19","regulator of G protein signaling 19","ENSG00000171700.14","protein_coding",12609989,"increased activity of RGS19 increases macroautophagy of colorectal cancer cell lines"
"Autophagy_dependent_cell_death","RHEB","Ras homolog, mTORC1 binding","ENSG00000106615.10","protein_coding",25556834,"unknown change in activity of RHEB increases autophagy"
"Autophagy_dependent_cell_death","RIPK1","receptor interacting serine/threonine kinase 1","ENSG00000137275.16","protein_coding",17658277,"decreased activity of RIPK1 decreases autophagy of Cytoplasm,autophagy of macrophage cancer cell lines"
"Autophagy_dependent_cell_death","RNASEL","ribonuclease L","ENSG00000135828.11","protein_coding",23109342,"increased activity of RNASEL increases autophagy of fibrosarcoma cell lines;increased activity of RNASEL increases accumulation of autophagic vacuoles;decreased activity of RNASEL decreases autophagy of fibroblast cell lines;increased activity of RNASEL increases accumulation of autophagic vacuoles;increased activity of RNASEL increases autophagy of fibroblast cell lines"
"Autophagy_dependent_cell_death","RNF152","ring finger protein 152","ENSG00000176641.11","protein_coding",25936802,"increased activity of RNF152 increases autophagy;increased activity of RNF152 increases autophagy"
"Autophagy_dependent_cell_death","RNF5","ring finger protein 5","ENSG00000204308.8","protein_coding",23093945,"increased activity of RNF5 decreases autophagy"
"Autophagy_dependent_cell_death","RNF7","ring finger protein 7","ENSG00000114125.14","protein_coding",26056141,"decreased activity of RNF7 decreases autophagy of keratinocytes"
"Autophagy_dependent_cell_death","ROCK1","Rho associated coiled-coil containing protein kinase 1","ENSG00000067900.8","protein_coding",23877263,"decreased activity of ROCK1 affects autophagy"
"Autophagy_dependent_cell_death","ROCK1","Rho associated coiled-coil containing protein kinase 1","ENSG00000067900.8","protein_coding",19278999,"increased activity of ROCK1 increases autophagy of neuroblastoma cell lines,macroautophagy of tumor cell lines"
"Autophagy_dependent_cell_death","ROCK2","Rho associated coiled-coil containing protein kinase 2","ENSG00000134318.16","protein_coding",19278999,"increased activity of ROCK2 increases autophagy of neuroblastoma cell lines,macroautophagy of tumor cell lines"
"Autophagy_dependent_cell_death","RPS6KB1","ribosomal protein S6 kinase B1","ENSG00000108443.14","protein_coding",20157535,"decreased activity of RPS6KB1 decreases autophagy of embryonic cell lines,autophagy of epithelial cell lines,autophagy of kidney cell lines"
"Autophagy_dependent_cell_death","RPS6KB1","ribosomal protein S6 kinase B1","ENSG00000108443.14","protein_coding",17287212,"increased activity of RPS6KB1 decreases autophagy"
"Autophagy_dependent_cell_death","RPS6KB1","ribosomal protein S6 kinase B1","ENSG00000108443.14","protein_coding",20852062,"increased activity of RPS6KB1 decreases autophagy"
"Autophagy_dependent_cell_death","RPTOR","regulatory associated protein of MTOR complex 1","ENSG00000141564.16","protein_coding",21576371,"decreased activity of RPTOR increases autophagy of brain cancer cell lines;decreased activity of RPTOR increases autophagy of neuroblastoma cell lines"
"Autophagy_dependent_cell_death","RRAGA","Ras related GTP binding A","ENSG00000155876.6","protein_coding",23263183,"unknown change in activity of RRAGA decreases autophagy of hepatocytes;unknown change in activity of RRAGA decreases autophagy of muscle;unknown change in activity of RRAGA decreases autophagy of fibroblast cell lines"
"Autophagy_dependent_cell_death","RRAGA","Ras related GTP binding A","ENSG00000155876.6","protein_coding",25936802,"increased activity of RRAGA decreases autophagy"
"Autophagy_dependent_cell_death","RUBCN","rubicon autophagy regulator","ENSG00000145016.17","protein_coding",20356743,"increased activity of RUBCN decreases maturation of autophagosomes;increased activity of RUBCN decreases autophagy;increased activity of RUBCN increases accumulation of autophagosomes"
"Autophagy_dependent_cell_death","RUBCN","rubicon autophagy regulator","ENSG00000145016.17","protein_coding",20125189,"increased activity of RUBCN decreases autophagy"
"Autophagy_dependent_cell_death","RUBCN","rubicon autophagy regulator","ENSG00000145016.17","protein_coding",19270696,"increased activity of RUBCN decreases autophagy"
"Autophagy_dependent_cell_death","RYR2","ryanodine receptor 2","ENSG00000198626.18","protein_coding",23678000,"decreased activity of RYR2 increases autophagy of heart"
"Autophagy_dependent_cell_death","S100A8","S100 calcium binding protein A8","ENSG00000143546.10","protein_coding",19935772,"increased activity of S100A8 affects autophagy"
"Autophagy_dependent_cell_death","S100A9","S100 calcium binding protein A9","ENSG00000163220.11","protein_coding",19935772,"increased activity of S100A9 affects autophagy"
"Autophagy_dependent_cell_death","S1PR3","sphingosine-1-phosphate receptor 3","ENSG00000213694.7","protein_coding",23035115,"increased activity of S1PR3 decreases autophagic cell death;increased activity of S1PR3 decreases autophagic cell death"
"Autophagy_dependent_cell_death","SCD","stearoyl-CoA desaturase","ENSG00000099194.6","protein_coding",25023287,"increased activity of SCD increases autophagy of fibroblast cell lines"
"Autophagy_dependent_cell_death","SCOC","short coiled-coil protein","ENSG00000153130.18","protein_coding",22354037,"increased activity of SCOC increases macroautophagy of cells"
"Autophagy_dependent_cell_death","SDHB","succinate dehydrogenase complex iron sulfur subunit B","ENSG00000117118.10","protein_coding",20660724,"decreased activity of SDHB increases autophagy of brain cancer cell lines"
"Autophagy_dependent_cell_death","SERPINA1","serpin family A member 1","ENSG00000197249.14","protein_coding",16365039,"increased activity of SERPINA1 increases autophagy"
"Autophagy_dependent_cell_death","SERPINA1","serpin family A member 1","ENSG00000197249.14","protein_coding",21976666,"unknown change in activity of SERPINA1 affects autophagy of hepatoma cell lines"
"Autophagy_dependent_cell_death","SERPINH1","serpin family H member 1","ENSG00000149257.16","protein_coding",24867951,"decreased activity of SERPINH1 increases autophagy of hepatic stellate cells"
"Autophagy_dependent_cell_death","SESN2","sestrin 2","ENSG00000130766.5","protein_coding",22958918,"increased activity of SESN2 affects autophagy"
"Autophagy_dependent_cell_death","SESN2","sestrin 2","ENSG00000130766.5","protein_coding",23274085,"increased activity of SESN2 increases macroautophagy of cells"
"Autophagy_dependent_cell_death","SESN2","sestrin 2","ENSG00000130766.5","protein_coding",23698117,"increased activity of SESN2 increases formation of autophagosomes"
"Autophagy_dependent_cell_death","SESN2","sestrin 2","ENSG00000130766.5","protein_coding",20303758,"decreased activity of SESN2 decreases autophagy"
"Autophagy_dependent_cell_death","SGSM2","small G protein signaling modulator 2","ENSG00000141258.13","protein_coding",22613832,"increased activity of SGSM2 decreases autophagy of embryonic cell lines,autophagy of epithelial cell lines,autophagy of kidney cell lines"
"Autophagy_dependent_cell_death","SH3BP4","SH3 domain binding protein 4","ENSG00000130147.16","protein_coding",22575674,"increased activity of SH3BP4 increases autophagy"
"Autophagy_dependent_cell_death","SH3GLB1","SH3 domain containing GRB2 like, endophilin B1","ENSG00000097033.15","protein_coding",17891140,"increased activity of SH3GLB1 affects autophagic cell death;increased activity of SH3GLB1 increases autophagy;increased activity of SH3GLB1 increases autophagy;increased activity of SH3GLB1 affects autophagic cell death"
"Autophagy_dependent_cell_death","SH3GLB1","SH3 domain containing GRB2 like, endophilin B1","ENSG00000097033.15","protein_coding",20159967,"decreased activity of SH3GLB1 decreases autophagy of prostate cancer cell lines"
"Autophagy_dependent_cell_death","SH3GLB1","SH3 domain containing GRB2 like, endophilin B1","ENSG00000097033.15","protein_coding",20077024,"increased activity of SH3GLB1 increases initiation of autophagy of cells"
"Autophagy_dependent_cell_death","SH3GLB1","SH3 domain containing GRB2 like, endophilin B1","ENSG00000097033.15","protein_coding",23287860,"increased activity of SH3GLB1 increases autophagy of fibroblast cell lines,autophagy of mitochondria;decreased activity of SH3GLB1 decreases maturation of autophagosomes"
"Autophagy_dependent_cell_death","SHC1","SHC adaptor protein 1","ENSG00000160691.19","protein_coding",23815759,"decreased activity of SHC1 decreases formation of autophagosomes"
"Autophagy_dependent_cell_death","SIK2","salt inducible kinase 2","ENSG00000170145.5","protein_coding",23322770,"decreased activity of SIK2 decreases fusion of autophagosomes"
"Autophagy_dependent_cell_death","SIRT1","sirtuin 1","ENSG00000096717.12","protein_coding",26157176,"decreased activity of SIRT1 decreases autophagy of dendritic cells;decreased activity of SIRT1 decreases autophagy of dendritic cells"
"Autophagy_dependent_cell_death","SIRT1","sirtuin 1","ENSG00000096717.12","protein_coding",20096553,"decreased activity of SIRT1 decreases autophagy;increased activity of SIRT1 increases autophagy of cells"
"Autophagy_dependent_cell_death","SIRT1","sirtuin 1","ENSG00000096717.12","protein_coding",21460857,"decreased activity of SIRT1 decreases autophagy of bone cancer cell lines,autophagy of sarcoma cell lines;decreased activity of SIRT1 decreases autophagy of colorectal cancer cell lines;decreased activity of SIRT1 decreases autophagy of cervical cancer cell lines"
"Autophagy_dependent_cell_death","SIRT1","sirtuin 1","ENSG00000096717.12","protein_coding",20966076,"decreased activity of SIRT1 increases autophagy"
"Autophagy_dependent_cell_death","SIRT1","sirtuin 1","ENSG00000096717.12","protein_coding",21189328,"increased activity of SIRT1 increases macroautophagy of cells"
"Autophagy_dependent_cell_death","SIRT1","sirtuin 1","ENSG00000096717.12","protein_coding",18296641,"increased activity of SIRT1 increases macroautophagy of cells;increased activity of SIRT1 increases macroautophagy of cells"
"Autophagy_dependent_cell_death","SIRT2","sirtuin 2","ENSG00000068903.21","protein_coding",20543840,"increased activity of SIRT2 decreases autophagy"
"Autophagy_dependent_cell_death","SIRT6","sirtuin 6","ENSG00000077463.15","protein_coding",24367027,"increased activity of SIRT6 increases autophagy of epithelial cell lines,autophagy of lung cell lines;decreased activity of SIRT6 decreases autophagy of epithelial cell lines,autophagy of lung cell lines;decreased activity of SIRT6 decreases autophagy of epithelial cell lines,autophagy of lung cell lines"
"Autophagy_dependent_cell_death","SLC33A1","solute carrier family 33 member 1","ENSG00000169359.16","protein_coding",24828632,"decreased activity of SLC33A1 affects autophagy"
"Autophagy_dependent_cell_death","SMAD2","SMAD family member 2","ENSG00000175387.16","protein_coding",25931117,"increased activity of SMAD2 decreases autophagy of embryonic cell lines,autophagy of endothelial cell lines;decreased activity of SMAD2 increases autophagy of embryonic cell lines,autophagy of endothelial cell lines;decreased activity of SMAD2 increases autophagy of vascular endothelial cells"
"Autophagy_dependent_cell_death","SMAD4","SMAD family member 4","ENSG00000141646.15","protein_coding",19903843,"decreased activity of SMAD4 decreases autophagy of hepatoma cell lines"
"Autophagy_dependent_cell_death","SMPD1","sphingomyelin phosphodiesterase 1","ENSG00000166311.10","protein_coding",23035115,"decreased activity of SMPD1 decreases autophagy of leukemia cell lines"
"Autophagy_dependent_cell_death","SMYD3","SET and MYND domain containing 3","ENSG00000185420.19","protein_coding",20660724,"decreased activity of SMYD3 decreases autophagy of brain cancer cell lines"
"Autophagy_dependent_cell_death","SNAI1","snail family transcriptional repressor 1","ENSG00000124216.4","protein_coding",23436798,"unknown change in activity of SNAI1 increases autophagy of breast cancer cell lines;increased activity of SNAI1 increases autophagy of breast cancer cell lines"
"Autophagy_dependent_cell_death","SNCA","synuclein alpha","ENSG00000145335.17","protein_coding",22764233,"unknown change in activity of SNCA affects autophagy of dopaminergic neurons"
"Autophagy_dependent_cell_death","SNCA","synuclein alpha","ENSG00000145335.17","protein_coding",20855506,"increased activity of SNCA decreases autophagy of neuroblastoma cell lines,macroautophagy of tumor cell lines;increased activity of SNCA decreases autophagy of neuroblastoma cell lines;increased activity of SNCA decreases macroautophagy"
"Autophagy_dependent_cell_death","SNCA","synuclein alpha","ENSG00000145335.17","protein_coding",25609609,"unknown change in activity of SNCA increases autophagy of mitochondria,macroautophagy"
"Autophagy_dependent_cell_death","SNCA","synuclein alpha","ENSG00000145335.17","protein_coding",23349488,"increased activity of SNCA decreases autophagy of cells;decreased activity of SNCA decreases autophagy of cells"
"Autophagy_dependent_cell_death","SNCA","synuclein alpha","ENSG00000145335.17","protein_coding",22453917,"decreased activity of SNCA increases autophagy of cervical cancer cell lines;increased activity of SNCA increases autophagy of cervical cancer cell lines"
"Autophagy_dependent_cell_death","SNF8","SNF8 subunit of ESCRT-II","ENSG00000159210.10","protein_coding",20588296,"increased activity of SNF8 affects macroautophagy of cells"
"Autophagy_dependent_cell_death","SNRPE","small nuclear ribonucleoprotein polypeptide E","ENSG00000182004.13","protein_coding",23358685,"decreased activity of SNRPE increases accumulation of autophagic vacuoles"
"Autophagy_dependent_cell_death","SOAT1","sterol O-acyltransferase 1","ENSG00000057252.13","protein_coding",25339759,"decreased activity of SOAT1 increases formation of autophagosomes;decreased activity of SOAT1 increases formation of autophagosomes"
"Autophagy_dependent_cell_death","SOD1","superoxide dismutase 1","ENSG00000142168.15","protein_coding",17616690,"increased activity of SOD1 decreases autophagic cell death of brain cancer cell lines"
"Autophagy_dependent_cell_death","SOD1","superoxide dismutase 1","ENSG00000142168.15","protein_coding",20145727,"increased activity of SOD1 increases autophagy"
"Autophagy_dependent_cell_death","SOD2","superoxide dismutase 2","ENSG00000291237.1","protein_coding",17616690,"increased activity of SOD2 decreases autophagic cell death of brain cancer cell lines"
"Autophagy_dependent_cell_death","SOGA1","suppressor of glucose, autophagy associated 1","ENSG00000149639.15","protein_coding",20813965,"increased activity of SOGA1 affects autophagy"
"Autophagy_dependent_cell_death","SORCS2","sortilin related VPS10 domain containing receptor 2","ENSG00000184985.16","protein_coding",20660724,"decreased activity of SORCS2 increases autophagy of brain cancer cell lines"
"Autophagy_dependent_cell_death","SOX2","SRY-box transcription factor 2","ENSG00000181449.4","protein_coding",23451179,"increased activity of SOX2 increases autophagy of colorectal cancer cell lines"
"Autophagy_dependent_cell_death","SPHK1","sphingosine kinase 1","ENSG00000176170.14","protein_coding",16415355,"increased activity of SPHK1 increases formation of autophagosomes;decreased activity of SPHK1 decreases autophagy of breast cancer cell lines;increased activity of SPHK1 increases autophagy of breast cancer cell lines"
"Autophagy_dependent_cell_death","SPP1","secreted phosphoprotein 1","ENSG00000118785.15","protein_coding",21374592,"increased activity of SPP1 increases formation of autophagosomes"
"Autophagy_dependent_cell_death","SPTLC1","serine palmitoyltransferase long chain base subunit 1","ENSG00000090054.16","protein_coding",25332431,"increased activity of SPTLC1 increases autophagy of liver cells"
"Autophagy_dependent_cell_death","SPTLC2","serine palmitoyltransferase long chain base subunit 2","ENSG00000100596.8","protein_coding",25332431,"increased activity of SPTLC2 increases autophagy of liver cells"
"Autophagy_dependent_cell_death","SPTSSA","serine palmitoyltransferase small subunit A","ENSG00000165389.7","protein_coding",25332431,"increased activity of SPTSSA increases autophagy of liver cells"
"Autophagy_dependent_cell_death","SQSTM1","sequestosome 1","ENSG00000161011.20","protein_coding",19816510,"increased activity of SQSTM1 affects autophagy"
"Autophagy_dependent_cell_death","SQSTM1","sequestosome 1","ENSG00000161011.20","protein_coding",17580304,"increased activity of SQSTM1 affects autophagy"
"Autophagy_dependent_cell_death","SQSTM1","sequestosome 1","ENSG00000161011.20","protein_coding",20811356,"increased activity of SQSTM1 increases autophagy;increased activity of SQSTM1 increases autophagy of mitochondria"
"Autophagy_dependent_cell_death","SQSTM1","sequestosome 1","ENSG00000161011.20","protein_coding",25825496,"increased activity of SQSTM1 increases autophagy of fibroblast cell lines"
"Autophagy_dependent_cell_death","SQSTM1","sequestosome 1","ENSG00000161011.20","protein_coding",20168092,"increased activity of SQSTM1 increases macroautophagy of cells"
"Autophagy_dependent_cell_death","SREBF2","sterol regulatory element binding transcription factor 2","ENSG00000198911.12","protein_coding",26370080,"decreased activity of SREBF2 decreases autophagy of nervous tissue cell lines"
"Autophagy_dependent_cell_death","SRPX","sushi repeat containing protein X-linked","ENSG00000101955.15","protein_coding",19368996,"increased activity of SRPX affects autophagy"
"Autophagy_dependent_cell_death","STAM","signal transducing adaptor molecule","ENSG00000136738.15","protein_coding",20588296,"increased activity of STAM affects macroautophagy of cells"
"Autophagy_dependent_cell_death","STAM2","signal transducing adaptor molecule 2","ENSG00000115145.10","protein_coding",20588296,"increased activity of STAM2 affects macroautophagy of cells"
"Autophagy_dependent_cell_death","STAT1","signal transducer and activator of transcription 1","ENSG00000115415.21","protein_coding",21633090,"decreased activity of STAT1 decreases autophagy of cells"
"Autophagy_dependent_cell_death","STIM1","stromal interaction molecule 1","ENSG00000167323.13","protein_coding",20660724,"decreased activity of STIM1 decreases autophagy of brain cancer cell lines"
"Autophagy_dependent_cell_death","STK11","serine/threonine kinase 11","ENSG00000118046.17","protein_coding",23878245,"increased activity of STK11 increases autophagy"
"Autophagy_dependent_cell_death","STK11","serine/threonine kinase 11","ENSG00000118046.17","protein_coding",21191146,"decreased activity of STK11 decreases autophagy of carcinoma cell lines"
"Autophagy_dependent_cell_death","STK38","serine/threonine kinase 38","ENSG00000112079.9","protein_coding",26387716,"decreased activity of STK38 decreases formation of autophagosomes"
"Autophagy_dependent_cell_death","STUB1","STIP1 homology and U-box containing protein 1","ENSG00000103266.11","protein_coding",20811356,"increased activity of STUB1 affects chaperone-assisted selective autophagy"
"Autophagy_dependent_cell_death","STX17","syntaxin 17","ENSG00000136874.11","protein_coding",23217709,"decreased activity of STX17 affects accumulation of autophagosomes"
"Autophagy_dependent_cell_death","SUPT20H","SPT20 homolog, SAGA complex component","ENSG00000102710.21","protein_coding",19893488,"increased activity of SUPT20H increases formation of autophagosomes"
"Autophagy_dependent_cell_death","SUPT5H","SPT5 homolog, DSIF elongation factor subunit","ENSG00000196235.14","protein_coding",22354037,"increased activity of SUPT5H increases macroautophagy of cells"
"Autophagy_dependent_cell_death","SVIP","small VCP interacting protein","ENSG00000198168.9","protein_coding",21909394,"increased activity of SVIP increases autophagy"
"Autophagy_dependent_cell_death","SYNPO2","synaptopodin 2","ENSG00000172403.11","protein_coding",23434281,"increased activity of SYNPO2 increases formation of autophagosomes"
"Autophagy_dependent_cell_death","TAB2","TGF-beta activated kinase 1 (MAP3K7) binding protein 2","ENSG00000055208.20","protein_coding",21976705,"increased activity of TAB2 decreases autophagy"
"Autophagy_dependent_cell_death","TAB3","TGF-beta activated kinase 1 (MAP3K7) binding protein 3","ENSG00000157625.16","protein_coding",21976705,"increased activity of TAB3 decreases autophagy"
"Autophagy_dependent_cell_death","TACR2","tachykinin receptor 2","ENSG00000075073.16","protein_coding",20660724,"decreased activity of TACR2 increases autophagy of brain cancer cell lines"
"Autophagy_dependent_cell_death","TAS1R3","taste 1 receptor member 3","ENSG00000169962.5","protein_coding",22959271,"decreased activity of TAS1R3 increases autophagy of muscle;decreased activity of TAS1R3 increases autophagy;decreased activity of TAS1R3 increases autophagy of cells;decreased activity of TAS1R3 increases autophagy of liver tissue"
"Autophagy_dependent_cell_death","TBC1D10A","TBC1 domain family member 10A","ENSG00000099992.16","protein_coding",22613832,"increased activity of TBC1D10A decreases autophagy of embryonic cell lines,autophagy of epithelial cell lines,autophagy of kidney cell lines"
"Autophagy_dependent_cell_death","TBC1D10B","TBC1 domain family member 10B","ENSG00000169221.14","protein_coding",22613832,"increased activity of TBC1D10B decreases autophagy of embryonic cell lines,autophagy of epithelial cell lines,autophagy of kidney cell lines"
"Autophagy_dependent_cell_death","TBC1D10C","TBC1 domain family member 10C","ENSG00000175463.12","protein_coding",22613832,"increased activity of TBC1D10C decreases autophagy of embryonic cell lines,autophagy of epithelial cell lines,autophagy of kidney cell lines"
"Autophagy_dependent_cell_death","TBC1D14","TBC1 domain family member 14","ENSG00000132405.19","protein_coding",22613832,"increased activity of TBC1D14 decreases formation of autophagosomes;increased activity of TBC1D14 decreases autophagy;increased activity of TBC1D14 decreases autophagy of embryonic cell lines,autophagy of epithelial cell lines,autophagy of kidney cell lines"
"Autophagy_dependent_cell_death","TBC1D16","TBC1 domain family member 16","ENSG00000167291.16","protein_coding",22613832,"increased activity of TBC1D16 decreases autophagy of embryonic cell lines,autophagy of epithelial cell lines,autophagy of kidney cell lines"
"Autophagy_dependent_cell_death","TBC1D17","TBC1 domain family member 17","ENSG00000104946.14","protein_coding",22613832,"increased activity of TBC1D17 decreases autophagy of embryonic cell lines,autophagy of epithelial cell lines,autophagy of kidney cell lines"
"Autophagy_dependent_cell_death","TBC1D4","TBC1 domain family member 4","ENSG00000136111.14","protein_coding",22613832,"increased activity of TBC1D4 decreases autophagy of embryonic cell lines,autophagy of epithelial cell lines,autophagy of kidney cell lines"
"Autophagy_dependent_cell_death","TBC1D5","TBC1 domain family member 5","ENSG00000131374.15","protein_coding",22354992,"increased activity of TBC1D5 increases autophagy"
"Autophagy_dependent_cell_death","TBC1D5","TBC1 domain family member 5","ENSG00000131374.15","protein_coding",24603492,"increased activity of TBC1D5 increases autophagy"
"Autophagy_dependent_cell_death","TBC1D7","TBC1 domain family member 7","ENSG00000145979.18","protein_coding",22613832,"increased activity of TBC1D7 decreases autophagy of embryonic cell lines,autophagy of epithelial cell lines,autophagy of kidney cell lines"
"Autophagy_dependent_cell_death","TBC1D9","TBC1 domain family member 9","ENSG00000109436.8","protein_coding",22613832,"increased activity of TBC1D9 decreases autophagy of embryonic cell lines,autophagy of epithelial cell lines,autophagy of kidney cell lines"
"Autophagy_dependent_cell_death","TBC1D9B","TBC1 domain family member 9B","ENSG00000197226.13","protein_coding",22613832,"increased activity of TBC1D9B decreases autophagy of embryonic cell lines,autophagy of epithelial cell lines,autophagy of kidney cell lines"
"Autophagy_dependent_cell_death","TBK1","TANK binding kinase 1","ENSG00000183735.11","protein_coding",27247382,"decreased activity of TBK1 decreases formation of autophagosomes"
"Autophagy_dependent_cell_death","TBK1","TANK binding kinase 1","ENSG00000183735.11","protein_coding",22921120,"increased activity of TBK1 increases maturation of autophagosomes"
"Autophagy_dependent_cell_death","TCHP","trichoplein keratin filament binding","ENSG00000139437.18","protein_coding",24403067,"decreased activity of TCHP decreases autophagy of breast cancer cell lines,autophagy of mitochondria"
"Autophagy_dependent_cell_death","TCIRG1","T cell immune regulator 1, ATPase H+ transporting V0 subunit a3","ENSG00000110719.11","protein_coding",23704209,"increased activity of TCIRG1 affects macroautophagy of cells"
"Autophagy_dependent_cell_death","TECPR1","tectonin beta-propeller repeat containing 1","ENSG00000205356.10","protein_coding",21575909,"increased activity of TECPR1 affects autophagy;decreased activity of TECPR1 affects autophagy"
"Autophagy_dependent_cell_death","TECPR1","tectonin beta-propeller repeat containing 1","ENSG00000205356.10","protein_coding",22342342,"decreased activity of TECPR1 increases accumulation of autophagosomes;decreased activity of TECPR1 decreases maturation of autophagosomes"
"Autophagy_dependent_cell_death","TFE3","transcription factor binding to IGHM enhancer 3","ENSG00000068323.17","protein_coding",26240184,"increased activity of TFE3 affects autophagy of cervical cancer cell lines,autophagy of mitochondria"
"Autophagy_dependent_cell_death","TFEB","transcription factor EB","ENSG00000112561.19","protein_coding",26240184,"increased activity of TFEB affects autophagy of cervical cancer cell lines,autophagy of mitochondria"
"Autophagy_dependent_cell_death","TFEB","transcription factor EB","ENSG00000112561.19","protein_coding",23434374,"increased activity of TFEB increases autophagy"
"Autophagy_dependent_cell_death","TGFB1","transforming growth factor beta 1","ENSG00000105329.11","protein_coding",19903843,"increased activity of TGFB1 increases autophagy of hepatoma cell lines;increased activity of TGFB1 increases autophagy of breast cancer cell lines;increased activity of TGFB1 increases accumulation of autophagosomes"
"Autophagy_dependent_cell_death","THBS2","thrombospondin 2","ENSG00000186340.17","protein_coding",20660724,"decreased activity of THBS2 increases autophagy of brain cancer cell lines"
"Autophagy_dependent_cell_death","THPO","thrombopoietin","ENSG00000090534.20","protein_coding",23389440,"decreased activity of THPO increases autophagy of cells"
"Autophagy_dependent_cell_death","TICAM1","TIR domain containing adaptor molecule 1","ENSG00000127666.11","protein_coding",17658277,"increased activity of TICAM1 increases autophagy;decreased activity of TICAM1 decreases autophagy of Cytoplasm,autophagy of macrophage cancer cell lines"
"Autophagy_dependent_cell_death","TICAM1","TIR domain containing adaptor molecule 1","ENSG00000127666.11","protein_coding",18059159,"decreased activity of TICAM1 decreases autophagy of cells;increased activity of TICAM1 increases autophagy of cells"
"Autophagy_dependent_cell_death","TICAM2","TIR domain containing adaptor molecule 2","ENSG00000243414.6","protein_coding",18772134,"decreased activity of TICAM2 decreases autophagy of Cytoplasm,autophagy of macrophage cancer cell lines"
"Autophagy_dependent_cell_death","TIGAR","TP53 induced glycolysis regulatory phosphatase","ENSG00000078237.7","protein_coding",20303758,"increased activity of TIGAR decreases autophagy"
"Autophagy_dependent_cell_death","TLR1","toll like receptor 1","ENSG00000174125.8","protein_coding",18772134,"increased activity of TLR1 increases autophagy of Cytoplasm,autophagy of macrophage cancer cell lines"
"Autophagy_dependent_cell_death","TLR3","toll like receptor 3","ENSG00000164342.14","protein_coding",18772134,"increased activity of TLR3 increases autophagy of Cytoplasm,autophagy of macrophage cancer cell lines"
"Autophagy_dependent_cell_death","TLR4","toll like receptor 4","ENSG00000136869.16","protein_coding",17658277,"decreased activity of TLR4 decreases autophagy of Cytoplasm,autophagy of macrophage cancer cell lines;decreased activity of TLR4 decreases autophagy of Cytoplasm,autophagy of macrophage cancer cell lines"
"Autophagy_dependent_cell_death","TLR4","toll like receptor 4","ENSG00000136869.16","protein_coding",23455503,"increased activity of TLR4 increases autophagy of cells;increased activity of TLR4 increases autophagy of intestinal cell lines"
"Autophagy_dependent_cell_death","TLR4","toll like receptor 4","ENSG00000136869.16","protein_coding",18772134,"increased activity of TLR4 increases autophagy of Cytoplasm,autophagy of macrophage cancer cell lines"
"Autophagy_dependent_cell_death","TLR4","toll like receptor 4","ENSG00000136869.16","protein_coding",20826541,"increased activity of TLR4 increases formation of autophagosomes"
"Autophagy_dependent_cell_death","TLR5","toll like receptor 5","ENSG00000187554.14","protein_coding",18772134,"increased activity of TLR5 increases autophagy of Cytoplasm,autophagy of macrophage cancer cell lines"
"Autophagy_dependent_cell_death","TLR6","toll like receptor 6","ENSG00000174130.13","protein_coding",18772134,"increased activity of TLR6 increases autophagy of Cytoplasm,autophagy of macrophage cancer cell lines"
"Autophagy_dependent_cell_death","TLR7","toll like receptor 7","ENSG00000196664.5","protein_coding",18772134,"increased activity of TLR7 increases autophagy of Cytoplasm,autophagy of macrophage cancer cell lines"
"Autophagy_dependent_cell_death","TLR9","toll like receptor 9","ENSG00000239732.4","protein_coding",18632594,"increased activity of TLR9 increases autophagy"
"Autophagy_dependent_cell_death","TMBIM6","transmembrane BAX inhibitor motif containing 6","ENSG00000139644.13","protein_coding",21926971,"decreased activity of TMBIM6 increases formation of autophagosomes"
"Autophagy_dependent_cell_death","STING1","stimulator of interferon response cGAMP interactor 1","ENSG00000184584","protein_coding",21998456,"increased activity of TMEM173 increases autophagy of dendritic cells"
"Autophagy_dependent_cell_death","TMEM59","transmembrane protein 59","ENSG00000116209.12","protein_coding",23376921,"increased activity of TMEM59 increases autophagy"
"Autophagy_dependent_cell_death","TMEM74","transmembrane protein 74","ENSG00000164841.5","protein_coding",18294959,"increased activity of TMEM74 affects macroautophagy of cells"
"Autophagy_dependent_cell_death","TNF","tumor necrosis factor","ENSG00000232810.5","protein_coding",21454695,"increased activity of TNF increases formation of autophagosomes"
"Autophagy_dependent_cell_death","TNF","tumor necrosis factor","ENSG00000232810.5","protein_coding",18073215,"increased activity of TNF affects macroautophagy of fibroblasts"
"Autophagy_dependent_cell_death","TNFRSF10B","TNF receptor superfamily member 10b","ENSG00000120889.13","protein_coding",17671202,"decreased activity of TNFRSF10B increases autophagic cell death of breast cancer cell lines;decreased activity of TNFRSF10B increases autophagic cell death of hepatoma cell lines;decreased activity of TNFRSF10B increases autophagic cell death of colorectal cancer cell lines;decreased activity of TNFRSF10B increases autophagic cell death of leukemia cell lines;decreased activity of TNFRSF10B increases autophagic cell death of prostate cancer cell lines;decreased activity of TNFRSF10B increases autophagic cell death of brain cancer cell lines"
"Autophagy_dependent_cell_death","TNFSF10","TNF superfamily member 10","ENSG00000121858.11","protein_coding",20145727,"increased activity of TNFSF10 increases autophagy"
"Autophagy_dependent_cell_death","TNFSF10","TNF superfamily member 10","ENSG00000121858.11","protein_coding",19197243,"increased activity of TNFSF10 increases autophagy of epithelial cell lines;increased activity of TNFSF10 increases autophagy of breast cell lines"
"Autophagy_dependent_cell_death","TNFSF10","TNF superfamily member 10","ENSG00000121858.11","protein_coding",14993595,"increased activity of TNFSF10 increases autophagy of breast cell lines"
"Autophagy_dependent_cell_death","TNFSF10","TNF superfamily member 10","ENSG00000121858.11","protein_coding",15635090,"increased activity of TNFSF10 increases autophagy of epithelial cells"
"Autophagy_dependent_cell_death","TOP1MT","DNA topoisomerase I mitochondrial","ENSG00000184428.13","protein_coding",22911747,"decreased activity of TOP1MT affects autophagy"
"Autophagy_dependent_cell_death","TP53","tumor protein p53","ENSG00000141510.18","protein_coding",20303758,"increased activity of TP53 decreases autophagy;decreased activity of TP53 increases autophagy;increased activity of TP53 affects formation of autophagosomes;increased activity of TP53 increases autophagy;unknown change in activity of TP53 decreases autophagy;increased activity of TP53 increases autophagy of fibroblasts;increased activity of TP53 affects autophagy"
"Autophagy_dependent_cell_death","TP53","tumor protein p53","ENSG00000141510.18","protein_coding",23658518,"decreased activity of TP53 decreases autophagy of CD4+ T-lymphocytes"
"Autophagy_dependent_cell_death","TP53","tumor protein p53","ENSG00000141510.18","protein_coding",17304243,"increased activity of TP53 increases autophagy of bone cancer cell lines,autophagy of sarcoma cell lines"
"Autophagy_dependent_cell_death","TP53","tumor protein p53","ENSG00000141510.18","protein_coding",15928081,"increased activity of TP53 affects autophagy of cells"
"Autophagy_dependent_cell_death","TP53INP1","tumor protein p53 inducible nuclear protein 1","ENSG00000164938.14","protein_coding",22421968,"increased activity of TP53INP1 affects autophagic cell death;increased activity of TP53INP1 increases autophagy"
"Autophagy_dependent_cell_death","TP53INP1","tumor protein p53 inducible nuclear protein 1","ENSG00000164938.14","protein_coding",22470510,"increased activity of TP53INP1 increases autophagy"
"Autophagy_dependent_cell_death","TP53INP2","tumor protein p53 inducible nuclear protein 2","ENSG00000078804.13","protein_coding",24713655,"increased activity of TP53INP2 affects macroautophagy of cells"
"Autophagy_dependent_cell_death","TP63","tumor protein p63","ENSG00000073282.14","protein_coding",21191146,"increased activity of TP63 increases autophagy of carcinoma cell lines"
"Autophagy_dependent_cell_death","TP73","tumor protein p73","ENSG00000078900.15","protein_coding",20303758,"increased activity of TP73 increases autophagy"
"Autophagy_dependent_cell_death","TP73","tumor protein p73","ENSG00000078900.15","protein_coding",17304243,"decreased activity of TP73 decreases autophagy of bone cancer cell lines,autophagy of sarcoma cell lines;increased activity of TP73 [decreases, increases] autophagy of bone cancer cell lines,autophagy of sarcoma cell lines;increased activity of TP73 decreases autophagy of bone cancer cell lines,autophagy of sarcoma cell lines;increased activity of TP73 increases autophagy of bone cancer cell lines,autophagy of sarcoma cell lines"
"Autophagy_dependent_cell_death","TPCN1","two pore segment channel 1","ENSG00000186815.13","protein_coding",22012985,"increased activity of TPCN1 increases autophagy"
"Autophagy_dependent_cell_death","TPCN2","two pore segment channel 2","ENSG00000162341.18","protein_coding",22012985,"increased activity of TPCN2 affects autophagy"
"Autophagy_dependent_cell_death","TPCN2","two pore segment channel 2","ENSG00000162341.18","protein_coding",23836916,"increased activity of TPCN2 decreases fusion of autophagosomes;increased activity of TPCN2 decreases fusion of autophagosomes;increased activity of TPCN2 increases accumulation of autophagosomes;decreased activity of TPCN2 decreases accumulation of autophagosomes;increased activity of TPCN2 increases accumulation of autophagosomes"
"Autophagy_dependent_cell_death","TRAF2","TNF receptor associated factor 2","ENSG00000127191.18","protein_coding",20145727,"increased activity of TRAF2 increases autophagy"
"Autophagy_dependent_cell_death","TRIB3","tribbles pseudokinase 3","ENSG00000101255.12","protein_coding",20145727,"increased activity of TRIB3 increases autophagy of cancer cells"
"Autophagy_dependent_cell_death","TRIM13","tripartite motif containing 13","ENSG00000204977.10","protein_coding",22178386,"increased activity of TRIM13 increases macroautophagy of cells"
"Autophagy_dependent_cell_death","TRIM17","tripartite motif containing 17","ENSG00000162931.12","protein_coding",25127057,"increased activity of TRIM17 affects autophagy"
"Autophagy_dependent_cell_death","TRIM21","tripartite motif containing 21","ENSG00000132109.10","protein_coding",26347139,"increased activity of TRIM21 increases autophagy"
"Autophagy_dependent_cell_death","TRIM22","tripartite motif containing 22","ENSG00000132274.17","protein_coding",26347139,"increased activity of TRIM22 increases autophagy"
"Autophagy_dependent_cell_death","TRIM5","tripartite motif containing 5","ENSG00000132256.20","protein_coding",25127057,"increased activity of TRIM5 affects autophagy"
"Autophagy_dependent_cell_death","TRIM65","tripartite motif containing 65","ENSG00000141569.12","protein_coding",26347139,"increased activity of TRIM65 increases autophagy"
"Autophagy_dependent_cell_death","TRIM8","tripartite motif containing 8","ENSG00000171206.15","protein_coding",26347139,"increased activity of TRIM8 increases autophagy"
"Autophagy_dependent_cell_death","TSC1","TSC complex subunit 1","ENSG00000165699.15","protein_coding",23435171,"increased activity of TSC1 increases macroautophagy of cells;increased activity of TSC1 decreases macroautophagy of cells;increased activity of TSC1 increases autophagy of hippocampal neurons"
"Autophagy_dependent_cell_death","TSC1","TSC complex subunit 1","ENSG00000165699.15","protein_coding",20145727,"decreased activity of TSC1 decreases autophagy"
"Autophagy_dependent_cell_death","TSC2","TSC complex subunit 2","ENSG00000103197.18","protein_coding",23878245,"increased activity of TSC2 increases autophagy"
"Autophagy_dependent_cell_death","TSC2","TSC complex subunit 2","ENSG00000103197.18","protein_coding",25155956,"decreased activity of TSC2 decreases autophagy;decreased activity of TSC2 decreases autophagy of cortical neurons"
"Autophagy_dependent_cell_death","TSC2","TSC complex subunit 2","ENSG00000103197.18","protein_coding",24599401,"increased activity of TSC2 decreases macroautophagy of cells"
"Autophagy_dependent_cell_death","TSC2","TSC complex subunit 2","ENSG00000103197.18","protein_coding",23778976,"increased activity of TSC2 increases macroautophagy of cells;increased activity of TSC2 increases macroautophagy of cells"
"Autophagy_dependent_cell_death","TSC2","TSC complex subunit 2","ENSG00000103197.18","protein_coding",20453062,"increased activity of TSC2 increases macroautophagy of cells"
"Autophagy_dependent_cell_death","TSG101","tumor susceptibility 101","ENSG00000074319.13","protein_coding",20588296,"increased activity of TSG101 affects macroautophagy of cells"
"Autophagy_dependent_cell_death","TUFM","Tu translation elongation factor, mitochondrial","ENSG00000178952.11","protein_coding",22749352,"decreased activity of TUFM decreases autophagy of embryonic cell lines,autophagy of epithelial cell lines,autophagy of kidney cell lines"
"Autophagy_dependent_cell_death","UBASH3B","ubiquitin associated and SH3 domain containing B","ENSG00000154127.10","protein_coding",25959715,"increased activity of UBASH3B increases autophagy of lymphoma cell lines"
"Autophagy_dependent_cell_death","UBB","ubiquitin B","ENSG00000170315.14","protein_coding",23427266,"unknown change in activity of UBB decreases autophagy of mitochondria"
"Autophagy_dependent_cell_death","UBQLN1","ubiquilin 1","ENSG00000135018.14","protein_coding",20529957,"increased activity of UBQLN1 affects macroautophagy of cells"
"Autophagy_dependent_cell_death","UBR4","ubiquitin protein ligase E3 component n-recognin 4","ENSG00000127481.15","protein_coding",23431188,"decreased activity of UBR4 affects autophagy;decreased activity of UBR4 affects autophagy of fibroblast cell lines;decreased activity of UBR4 increases accumulation of autophagic vacuoles"
"Autophagy_dependent_cell_death","UCP2","uncoupling protein 2","ENSG00000175567.11","protein_coding",23124112,"decreased activity of UCP2 increases formation of autophagosomes"
"Autophagy_dependent_cell_death","ULK1","unc-51 like autophagy activating kinase 1","ENSG00000177169.10","protein_coding",21258367,"increased activity of ULK1 affects macroautophagy of cells;increased activity of ULK1 increases autophagy;increased activity of ULK1 affects autophagy"
"Autophagy_dependent_cell_death","ULK1","unc-51 like autophagy activating kinase 1","ENSG00000177169.10","protein_coding",21855797,"increased activity of ULK1 affects macroautophagy of cells"
"Autophagy_dependent_cell_death","ULK1","unc-51 like autophagy activating kinase 1","ENSG00000177169.10","protein_coding",17595159,"decreased activity of ULK1 decreases autophagy of embryonic cell lines,autophagy of epithelial cell lines,autophagy of kidney cell lines;decreased activity of ULK1 decreases autophagy of embryonic cell lines,autophagy of epithelial cell lines,autophagy of kidney cell lines;increased activity of ULK1 decreases autophagy of embryonic cell lines,autophagy of epithelial cell lines,autophagy of kidney cell lines;increased activity of ULK1 affects autophagy;decreased activity of ULK1 decreases autophagy of embryonic cell lines,autophagy of epithelial cell lines,autophagy of kidney cell lines;decreased activity of ULK1 decreases autophagy of cervical cancer cell lines"
"Autophagy_dependent_cell_death","ULK1","unc-51 like autophagy activating kinase 1","ENSG00000177169.10","protein_coding",18539900,"decreased activity of ULK1 affects autophagy"
"Autophagy_dependent_cell_death","ULK1","unc-51 like autophagy activating kinase 1","ENSG00000177169.10","protein_coding",21383122,"unknown change in activity of ULK1 increases autophagy"
"Autophagy_dependent_cell_death","ULK2","unc-51 like autophagy activating kinase 2","ENSG00000083290.20","protein_coding",18443221,"increased activity of ULK2 affects autophagy"
"Autophagy_dependent_cell_death","ULK2","unc-51 like autophagy activating kinase 2","ENSG00000083290.20","protein_coding",24923441,"increased activity of ULK2 increases autophagy of brain cancer cell lines;increased activity of ULK2 increases autophagy of kidney cell lines"
"Autophagy_dependent_cell_death","ULK2","unc-51 like autophagy activating kinase 2","ENSG00000083290.20","protein_coding",21690395,"increased activity of ULK2 increases autophagy of fibroblast cell lines"
"Autophagy_dependent_cell_death","ULK3","unc-51 like kinase 3","ENSG00000140474.14","protein_coding",19279323,"increased activity of ULK3 affects autophagy"
"Autophagy_dependent_cell_death","USP10","ubiquitin specific peptidase 10","ENSG00000103194.16","protein_coding",21962518,"increased activity of USP10 affects autophagy"
"Autophagy_dependent_cell_death","USP13","ubiquitin specific peptidase 13","ENSG00000058056.10","protein_coding",21962518,"increased activity of USP13 affects autophagy"
"Autophagy_dependent_cell_death","USP19","ubiquitin specific peptidase 19","ENSG00000172046.21","protein_coding",20660724,"decreased activity of USP19 increases autophagy of brain cancer cell lines"
"Autophagy_dependent_cell_death","USP30","ubiquitin specific peptidase 30","ENSG00000135093.13","protein_coding",24896179,"increased activity of USP30 affects autophagy of mitochondria"
"Autophagy_dependent_cell_death","USP30","ubiquitin specific peptidase 30","ENSG00000135093.13","protein_coding",25621951,"increased activity of USP30 affects autophagy of mitochondria"
"Autophagy_dependent_cell_death","USP33","ubiquitin specific peptidase 33","ENSG00000077254.14","protein_coding",24056301,"increased activity of USP33 affects autophagy"
"Autophagy_dependent_cell_death","UVRAG","UV radiation resistance associated","ENSG00000198382.9","protein_coding",24056303,"increased activity of UVRAG affects autophagy"
"Autophagy_dependent_cell_death","UVRAG","UV radiation resistance associated","ENSG00000198382.9","protein_coding",20125189,"increased activity of UVRAG increases maturation of autophagosomes;increased activity of UVRAG increases formation of autophagosomes"
"Autophagy_dependent_cell_death","UVRAG","UV radiation resistance associated","ENSG00000198382.9","protein_coding",20356743,"increased activity of UVRAG affects formation of autophagosomes"
"Autophagy_dependent_cell_death","UVRAG","UV radiation resistance associated","ENSG00000198382.9","protein_coding",20077024,"increased activity of UVRAG increases initiation of autophagy of cells"
"Autophagy_dependent_cell_death","VCP","valosin containing protein","ENSG00000165280.18","protein_coding",20104022,"increased activity of VCP affects autophagy"
"Autophagy_dependent_cell_death","VCP","valosin containing protein","ENSG00000165280.18","protein_coding",25125609,"increased activity of VCP affects autophagy"
"Autophagy_dependent_cell_death","VMP1","vacuole membrane protein 1","ENSG00000062716.13","protein_coding",17940279,"increased activity of VMP1 affects autophagy"
"Autophagy_dependent_cell_death","VPS13A","vacuolar protein sorting 13 homolog A","ENSG00000197969.14","protein_coding",25996471,"increased activity of VPS13A affects autophagy"
"Autophagy_dependent_cell_death","VPS18","VPS18 core subunit of CORVET and HOPS complexes","ENSG00000104142.11","protein_coding",22854957,"decreased activity of VPS18 decreases autophagy"
"Autophagy_dependent_cell_death","VPS25","vacuolar protein sorting 25 homolog","ENSG00000131475.7","protein_coding",20588296,"increased activity of VPS25 affects macroautophagy of cells"
"Autophagy_dependent_cell_death","VPS28","VPS28 subunit of ESCRT-I","ENSG00000160948.14","protein_coding",20588296,"increased activity of VPS28 affects macroautophagy of cells"
"Autophagy_dependent_cell_death","VPS36","vacuolar protein sorting 36 homolog","ENSG00000136100.14","protein_coding",20588296,"increased activity of VPS36 affects macroautophagy of cells"
"Autophagy_dependent_cell_death","VPS37A","VPS37A subunit of ESCRT-I","ENSG00000155975.10","protein_coding",20588296,"increased activity of VPS37A affects macroautophagy of cells"
"Autophagy_dependent_cell_death","VPS37B","VPS37B subunit of ESCRT-I","ENSG00000139722.7","protein_coding",20588296,"increased activity of VPS37B affects macroautophagy of cells"
"Autophagy_dependent_cell_death","VPS37C","VPS37C subunit of ESCRT-I","ENSG00000167987.11","protein_coding",20588296,"increased activity of VPS37C affects macroautophagy of cells"
"Autophagy_dependent_cell_death","VPS37D","VPS37D subunit of ESCRT-I","ENSG00000176428.6","protein_coding",20588296,"increased activity of VPS37D affects macroautophagy of cells"
"Autophagy_dependent_cell_death","VPS39","VPS39 subunit of HOPS complex","ENSG00000166887.16","protein_coding",24554770,"increased activity of VPS39 affects autophagy"
"Autophagy_dependent_cell_death","VPS51","VPS51 subunit of GARP complex","ENSG00000149823.9","protein_coding",20685960,"increased activity of VPS51 affects autophagy"
"Autophagy_dependent_cell_death","VTI1A","vesicle transport through interaction with t-SNAREs 1A","ENSG00000151532.15","protein_coding",24095276,"increased activity of VTI1A affects autophagy"
"Autophagy_dependent_cell_death","VTI1B","vesicle transport through interaction with t-SNAREs 1B","ENSG00000100568.11","protein_coding",12861006,"decreased activity of VTI1B increases accumulation of autophagic vacuoles"
"Autophagy_dependent_cell_death","WAC","WW domain containing adaptor with coiled-coil","ENSG00000095787.26","protein_coding",22354037,"increased activity of WAC increases macroautophagy of cells"
"Autophagy_dependent_cell_death","WASHC1","WASH complex subunit 1","ENSG00000181404.18","protein_coding",23974797,"decreased activity of WASHC1 affects autophagy;increased activity of WASHC1 decreases autophagy"
"Autophagy_dependent_cell_death","WDFY3","WD repeat and FYVE domain containing 3","ENSG00000163625.17","protein_coding",20811356,"increased activity of WDFY3 increases macroautophagy"
"Autophagy_dependent_cell_death","WDR24","WD repeat domain 24","ENSG00000127580.17","protein_coding",27166823,"increased activity of WDR24 affects autophagy"
"Autophagy_dependent_cell_death","WDR45","WD repeat domain 45","ENSG00000196998.19","protein_coding",23435086,"increased activity of WDR45 affects autophagy"
"Autophagy_dependent_cell_death","WDR6","WD repeat domain 6","ENSG00000178252.19","protein_coding",22354037,"increased activity of WDR6 decreases autophagy"
"Autophagy_dependent_cell_death","XBP1","X-box binding protein 1","ENSG00000100219.17","protein_coding",24753614,"increased activity of XBP1 affects autophagy"
"Autophagy_dependent_cell_death","XBP1","X-box binding protein 1","ENSG00000100219.17","protein_coding",23184933,"increased activity of XBP1 increases autophagy of vascular endothelial cells;decreased activity of XBP1 decreases formation of autophagosomes"
"Autophagy_dependent_cell_death","XBP1","X-box binding protein 1","ENSG00000100219.17","protein_coding",20145727,"decreased activity of XBP1 increases autophagy"
"Autophagy_dependent_cell_death","XBP1","X-box binding protein 1","ENSG00000100219.17","protein_coding",23277279,"decreased activity of XBP1 increases autophagy of colorectal cancer cell lines"
"Autophagy_dependent_cell_death","XPO1","exportin 1","ENSG00000082898.19","protein_coding",24081905,"increased activity of XPO1 increases autophagy of vascular endothelial cells"
"Autophagy_dependent_cell_death","YWHAQ","tyrosine 3-monooxygenase/tryptophan 5-monooxygenase activation protein theta","ENSG00000134308.14","protein_coding",20454448,"increased activity of YWHAQ increases autophagy of bone cancer cell lines,autophagy of sarcoma cell lines"
"Autophagy_dependent_cell_death","ZBTB24","zinc finger and BTB domain containing 24","ENSG00000112365.6","protein_coding",20303758,"increased activity of ZBTB24 affects autophagy"
"Autophagy_dependent_cell_death","ZC3H12A","zinc finger CCCH-type containing 12A","ENSG00000163874.11","protein_coding",22739135,"increased activity of ZC3H12A increases autophagy"
"Autophagy_dependent_cell_death","ZFYVE1","zinc finger FYVE-type containing 1","ENSG00000165861.14","protein_coding",25578879,"increased activity of ZFYVE1 affects macroautophagy of cells"
"Autophagy_dependent_cell_death","ZKSCAN3","zinc finger with KRAB and SCAN domains 3","ENSG00000189298.14","protein_coding",23434374,"increased activity of ZKSCAN3 decreases autophagy"
"Autophagy_dependent_cell_death","VPS26B","VPS26 retromer complex component B","ENSG00000151502.11","protein_coding",31844296,"VPS26B is shown to be involved in autophagy as it uses an adaptor protein to tether M45 and associated proteins to autophagosomes for degradation."
"Autophagy_dependent_cell_death","VPS35","VPS35 retromer complex component","ENSG00000069329.18","protein_coding",36344526,"VPS35 mediates the maturation of early endosomes to late autophagy vesicles where degradation occurs.During mtDNA damage, VPS35 participates in mtDNA quality control by recruiting an endosomal population in the vicinity of BAK where mitochondrial nucleoids are engulfed in endosomes. VPS35 participates in the maturation of these endosomes and their fusion with lysosomes or late autophagy structures. "
"Autophagy_dependent_cell_death","WDR41","WD repeat domain 41","ENSG00000164253.14","protein_coding",32521185,"The study investigates the structure and function of the C9orf72-SMCR8-WDR41 complex, finding that the complex can promote endosome fusion by activating RAB proteins. The proposed model suggests that the complex can bind to two vesicles containing RAB8A or RAB11A using WDR41 and activate the RABs to facilitate the fusion of the two vesicles."
"Autophagy_dependent_cell_death","WDR81","WD repeat domain 81","ENSG00000167716.19","protein_coding",28404643,"WDR81 is a protein with a BEACH domain and WD40 domain that directly interacts with p62 and promotes the recognition of ubiquitinated proteins. In addition, WDR81 also interacts with LC3C, preferentially binding to it over other LC3 subtypes, thereby promoting autophagy when aggregates occur."
"Autophagy_dependent_cell_death","WIPI2","WD repeat domain, phosphoinositide interacting 2","ENSG00000157954.15","protein_coding",30340022,"WIPI2 is involved in regulating autophagy by directly controlling the formation of autophagosomes. mTORC1 phosphorylates WIPI2 and in particular its Ser395, directing it to specifically interact with the E3 ubiquitin ligase HUWE1 for ubiquitination and proteasomal degradation. The intracellular level of WIPI2 protein, regulated through mTORC1 and HUWE1, is a crucial determinant of autophagy flux, coordinating the initiation, progression, and completion of autophagy."
"Autophagy_dependent_cell_death","ZMPSTE24","zinc metallopeptidase STE24","ENSG00000084073.10","protein_coding",30304972,"It has been shown that ZMPSTE24-deficient mice are one of the classic models of Hutchinson-Gilford Progeria Syndrome (HGPS), and HGPS is associated with changes in nuclear lamina in cells.The study found that protein-restricted diets can reduce the phosphorylation of MTORC1, promote Autophagy, and alleviate inflammation and DNA damage in HGPS mice."
"Autophagy_dependent_cell_death","FBXW7-AS1","FBXW7 antisense RNA 1","ENSG00000270751.1","lncRNA",19139631,"Deficiency or low expression of FBXW7-AS1 can lead to neurodegeneration in the adult brain, especially in the hippocampus, cerebral cortex, and basal ganglia, causing cognitive performance deficits. This is because FBXW7-AS1 has a direct regulatory relationship with autophagy. Although the specific mechanism requires further research, studies have shown that FBXW7-AS1 regulation can increase autophagy and inhibition of FBXW7-AS1 function can also increase autophagy."
"Autophagy_dependent_cell_death","IRGM","immunity related GTPase M","ENSG00000237693.5","protein_coding",33510463,"A lack of IRGM may result in impaired execution of Mitophagy, which can lead to the autoreactivity caused by the inability to effectively clear defective mitochondria via autophagy. IRGM is a major regulatory factor for mitochondrial quality control during emergency situations and participates in the process of AP delivery to degradative lysosomes."
"Autophagy_dependent_cell_death","MIR10A","microRNA 10a","ENSG00000284038","miRNA",37056276,"MIR-10 is upregulated in the Vertical-Wheel bioreactor, which may be related to its involvement in autophagy. Autophagy-related markers showed significant upregulation in the bioreactor group, including TFEB and MITF. Additionally, bioreactor culture also increased the expression level of ATG5, which may alter the mechanism of extracellular vesicle biogenesis. Therefore, MIR-10 may affect the potential applications of extracellular vesicles in tissue repair and autoimmune disease therapy by influencing the relationship between autophagy and extracellular vesicles."
"Autophagy_dependent_cell_death","MIR125B1","microRNA 125b-1","ENSG00000207971","miRNA",29921652,"Experimental results show that MIR125B can reduce autophagic flux caused by ischemia/reperfusion injury (H/SD) in cardiac myocytes. When the infarcted mouse heart receives MSC transplantation, it can significantly improve cardiac function and reduce autophagic flux. The exosomes (MIR125B) derived from MSC intervene in NMCMs under H/SD conditions and can inhibit cell death and the aggravation of autophagic flux. The mimic of MIR125B-5p can reduce cell autophagic flux."
"Autophagy_dependent_cell_death","MIR130A","microRNA 130a","ENSG00000208009.1","miRNA",24148619,"MIR130A is involved in modulating Autophagy by regulating the expression of ATG5 and ATG16L1. The transfection of cells with miR-30c and MIR130A precursors was shown to block the autophagy response to infection, leading to an increased AIEC persistence in T84 cells."
"Autophagy_dependent_cell_death","MIR30C1","microRNA 30c-1","ENSG00000207962.1","miRNA",24148619,"Upon infection with Crohn's disease-associated adherent invasive Escherichia coli (AIEC), MIR30C1 is activated and suppresses the expression of autophagy-related genes ATG5 and ATG16L1. This leads to inactivation of autophagy in the cell, allowing pathogens to survive and further leading to inflammatory responses. Overcoming MIR30C1 inhibition can enhance autophagic activity, effectively clearing intracellular pathogens."
"Autophagy_dependent_cell_death","MIR506","microRNA 506","ENSG00000207731.1","miRNA",28121485,"MIR506 induces autophagy-related cell death in pancreatic cancer by targeting the STAT3 pathway. The study found that MIR506 downregulation significantly correlates with disease progression in PDAC and that its expression is associated with a patient's overall survival rate. The results from this study identified MIR506 as a new tumor suppressor in PDAC by inducing autophagy-related cell death through the STAT3 pathway."
"Autophagy_dependent_cell_death","MIR512-1","microRNA 512-1","ENSG00000207645.2","miRNA",34783632,"MIR512-1 can regulate autophagy in the AS model. The study found that MIR512-1 targets XBP-1, promotes cell proliferation, inhibits cell apoptosis, alleviates AS lesions, and inhibits autophagy and endoplasmic reticulum stress by regulating the XBP-1S/XBP-1U ratio."
"Autophagy_dependent_cell_death","MIR9-1","microRNA 9-1","ENSG00000207933.3","miRNA",25883633,"Studies indicate that during the neuronal differentiation process of bone marrow mesenchymal stem cells, MIR9-1 regulates the self-degradation process of cellular contents by interacting with vital developmental pathways such as Wnt, transforming growth factor-beta, and fibroblast growth factor. Autophagic activity and neuronal differentiation efficiency significantly increase when MIR9-1 expression levels rise."
"Autophagy_dependent_cell_death","MIRLET7A1","microRNA let-7a-1","ENSG00000199165","miRNA",30081720,"The study showed that induction of BECN1-dependent or -independent autophagy increased MIRLET7A-3P to inhibit ovarian cancer motility via down-regulating SQSTM1 to decrease DICER1 and AGO2. The relationship between MIRLET7A-3P and autophagy is that autophagy induction increases MIRLET7A-3P expression. This may be a potential therapeutic strategy for suppressing ovarian cancer cell motility."
"Autophagy_dependent_cell_death","MIRLET7F1","microRNA let-7f-1","ENSG00000199072.3","miRNA",25014664,"MIRLET7F1 can regulate autophagy by modulating HMGB1 protein, in turn affecting the sensitivity of cisplatin in cells expressing SPARC. In Medulloblastoma cells expressing SPARC, overexpression of MIRLET7F1 leads to both cisplatin resistance and autophagy-mediated cell death. Overall, MIRLET7F1 serves as a key regulatory molecule for autophagy activity in cells expressing SPARC and is implicated in cisplatin sensitivity."
"Autophagy_dependent_cell_death","MIRLET7G","microRNA let-7g","ENSG00000199150.3","miRNA",27417237,"MIRLET7G is a type of microRNA molecule that regulates autophagy by targeting the IGF1R gene. Targeting IGF1R gene expression can activate a variety of intracellular kinases, such as PI3K, Akt, and mTOR, which affect autophagy regulation. Overexpression of MIRLET7G causes abnormal apoptosis and autophagy activation in mouse follicle cells, reducing follicle maturation and reproductive function."
"Autophagy_dependent_cell_death","MIRLET7I","microRNA let-7i","ENSG00000199179.3","miRNA",35092862,"The study showed that MIRLET7I inhibits autophagy and promotes the malignant phenotype of NPC by targeting ATG10 and ATG16L1."
"Autophagy_dependent_cell_death","MIR100","microRNA 100","ENSG00000207994.1","miRNA",29208678,"MIR100 can promote autophagy in endothelial cells by regulating mTOR and Raptor and interacting directly with the transcription factor TFEB. MIR100 enhances autophagy while reducing IKK¦Â kinase protein expression, leading to a decrease in NF-¦ÊB p65 subunit expression. Bafilomycin, an autophagy inhibitor, interferes with the anti-inflammatory effects of MIR100 on IKK¦Â kinase signaling by mTOR inhibition, suggesting that the anti-inflammatory effects of MIR100 depend on autophagy in endothelial cells."
"Autophagy_dependent_cell_death","MIR101-1","microRNA 101-1","ENSG00000199135","miRNA",21915098,"MIR101 is a potent inhibitor of autophagy in breast cancer cells, targeting STMN1, RAB5A, and ATG4D. It inhibits not only basal autophagy but also autophagy induced by etoposide or rapamycin and can sensitize breast cancer cells to 4-hydroxytamoxifen-induced cell death."
"Autophagy_dependent_cell_death","MIR106A","microRNA 106a","ENSG00000284157.1","miRNA",32627648,"MIR106A is significantly upregulated in nasopharyngeal carcinoma tissues and cell lines, particularly in those with advanced stages and poor outcomes. Increased expression of MIR106A accelerated malignant phenotype of NPC, while its inhibition led to reduced tumor growth and metastasis. The study also revealed that upregulation of MIR106A suppresses autophagy and promotes malignant NPC growth and metastasis."
"Autophagy_dependent_cell_death","MIR106B","microRNA 106b","ENSG00000208036.1","miRNA",24036151,"MIR106B suppresses autophagy-mediated removal of bacteria in epithelial cells by targeting ATG16L1. The study found that MIR106B and MIR93 down-regulate ATG16L1 and inhibit autophagy, thus preventing rapid removal of bacteria by epithelial cells."
"Autophagy_dependent_cell_death","MIR10A","microRNA 10a","ENSG00000284038.1","miRNA",33262524,"MIR10A is involved in the modulation of p53-mediated cytosolic autophagy and apoptosis pathways. MIR10A may suppress the induction of cytosolic autophagy by downregulating RB1CC1 expression. Loss of p21 accompanies the inhibition of autophagy."
"Autophagy_dependent_cell_death","MIR124-1","microRNA 124-1","ENSG00000284321.1","miRNA",31232177,"MIR124-1 regulates Autophagy through the circHIPK3-MIR124-1-STAT3 axis. MIR124-1 is a well-known tumor suppressor. STAT3 is a crucial downstream molecule of Autophagy and is a highly functional Autophagy suppressor. CircHIPK3 regulates Autophagy via the MIR124-1-STAT3 axis."
"Autophagy_dependent_cell_death","MIR130B","microRNA 130b","ENSG00000283871.1","miRNA",35435532,"MIR130B is related to autophagy, and it promotes autophagy by regulating ATG14 and PRKAA1 to prevent IVDD. The inhibition of MIR130B can increase autophagy by targeting ATG14 and PRKAA1. In human NP cells, the inhibition of MIR130B can lead to more autophagosomes in TBHP-induced cells. Co-transfecting human NP cells with MIR130B inhibitor and ATG14 siRNA or PRKAA1 siRNA was found to suppress autophagy induced by TBHP treatment."
"Autophagy_dependent_cell_death","MIR132","microRNA 132","ENSG00000267200.1","miRNA",23011132,"MIR132 plays an anti-autophagic role in the process of cardiomyocyte autophagy. Studies show that overexpression of miR-212/132 family can reduce the autophagic response of cardiomyocytes, leading to cardiac hypertrophy and heart failure. Pharmacological inhibition of MIR132 can rescue cardiac hypertrophy and heart failure, providing a new therapeutic target for the treatment of heart failure."
"Autophagy_dependent_cell_death","MIR137","microRNA 137","ENSG00000284202.1","miRNA",30710750,"MIR137 has been found to inhibit autophagy and enhance the sensitivity of pancreatic cancer cells to chemotherapy drugs, and negatively regulate the formation of autophagy by targeting ATG5. Autophagy is a process by which cellular components are broken down and recycled for cellular biosynthesis, which can protect cancer cells from stressful conditions and contribute to chemoresistance. MIR137 can inhibit mitophagy, the selective degradation of mitochondria, via regulation of two receptors."
"Autophagy_dependent_cell_death","mir-14","","","Pre miRNA",25306920,"MIR14 is involved in regulating autophagy, which is a process for the degradation of cytoplasmic materials, and affects the fate of cells in terms of survival and death. Research shows that MIR14 is both necessary and sufficient for autophagy during developmentally regulated cell death in Drosophila. Through studies on salivary gland cell death, it was found that MIR14 regulates context-specific autophagy by modulating the Inositol 1,4,5-trisphosphate (IP3) signaling pathway and calcium levels during cell death."
"Autophagy_dependent_cell_death","MIR140","microRNA 140","ENSG00000208017.3","miRNA",29488053,"MIR140 is involved in mediating chondrocyte growth, apoptosis, and autophagy by regulating cellular autophagy levels.In human primary chondrocytes, MIR140 promotes cell autophagy activity via regulating FUT1. The results suggest that MIR140/149 mimic transfection activates mitochondrial/endogenous autophagy pathways, while inhibiting MIR140/149 suppresses chondrocyte autophagy activity."
"Autophagy_dependent_cell_death","MIR142","microRNA 142","ENSG00000284353","miRNA",24401604,"MIR142 is a miRNA that can post-transcriptionally regulate the human autophagy gene ATG16L1. The regulatory mechanism decreases ATG16L1 mRNA and protein levels, thereby regulating autophagy by targeting ATG16L1 in human colonic epithelial cells. MIR142 inhibits starvation- and L18-MDP-induced autophagic activity, while a MIR142 inhibitor enhances starvation-induced autophagy in Jurkat T cells."
"Autophagy_dependent_cell_death","MIR143","microRNA 143","ENSG00000284182.1","miRNA",27464000,"MIR143 is related to autophagy in drug abuse-induced neurotoxicity. Experiments suggest that Methamphetamine regulates the expression of MIR143. MIR143 regulates the expression of BBC3 on paste cells, and regulates the balance of autophagy and apoptosis. MIR143 enhances autophagy by down-regulating BBC3."
"Autophagy_dependent_cell_death","MIR144","microRNA 144","ENSG00000283819.1","miRNA",27764573,"MIR144 suppresses autophagy by post-transcriptional regulation of the DRAM2 gene in human primary monocytes, which reduces the innate immune response to Mycobacterium tuberculosis infection."
"Autophagy_dependent_cell_death","MIR146A","microRNA 146a","ENSG00000283733.1","miRNA",31511497,"MIR146A is related to autophagy. It was found that overexpression of MIR146A can inhibit doxorubicin-induced autophagy disorder, thereby reducing apoptosis of cardiomyocytes. MIR146A indirectly destroyed the stability of the tumor suppressor protein P53 and further regulated the autophagy of cardiomyocytes."
"Autophagy_dependent_cell_death","MIR149","microRNA 149","ENSG00000207611.1","miRNA",29488053,"MIR149 is related to autophagy through the regulation of FUT1. MIR149 promotes the proliferation and autophagy of human primary chondrocytes by downregulating FUT1. In rapamycin-induced autophagic chondrocytes, transfection of MIR149 mimic can significantly increase LC3II, Atg5, and Beclin-1 protein levels, and MIR149 can regulate this process by targeting FUT1."
"Autophagy_dependent_cell_death","MIR152","microRNA 152","ENSG00000207947.3","miRNA",25650716,"MIR152 is a miRNA that regulates autophagy induced by cisplatin in ovarian cancer cells. Studies have shown that MIR152 reduces intracellular autophagic products by inhibiting the expression of ATG14, thereby affecting the sensitivity of cells to chemotherapy drugs. When MIR152 is expressed more, autophagy activity is lower, and the sensitivity to chemotherapy drugs such as cisplatin is higher. This suggests that downregulation of MIR152 can affect autophagy and increase the chemotherapy resistance of cells."
"Autophagy_dependent_cell_death","MIR155","microRNA 155","ENSG00000283904.1","miRNA",31090940,"Alcohol targets multiple steps in the autophagy pathway, including LAMP1 and LAMP2, to decrease autophagy flux, leading to impaired autophagy in ALD and alcoholic hepatitis (AH) mouse models, as well as in human livers with ALD. Alcohol-induced miR-155 was found to target different genes in the autophagy pathway and regulate exosome production."
"Autophagy_dependent_cell_death","MIR15B","microRNA 15b","ENSG00000207779.1","miRNA",33434305,"High expression of MIR15B can inhibit osteoblast differentiation and autophagy, aggravating osteoporosis. Meanwhile, MIR15B regulates the expression of KDM6B by targeting ubiquitin-specific protease USP7, further affecting autophagy of osteoblasts."
"Autophagy_dependent_cell_death","MIR16-1","microRNA 16-1","ENSG00000208006","miRNA",29080810,"MIR16 regulates autophagy by inhibiting Ga12 expression, and downregulation of MIR16 leads to Ga12 overexpression and the promotion of autophagy in hepatic stellate cells, eventually resulting in liver fibrosis. The research team found high complementarity between the MIR16 recognition elements and the UTR of Ga12, and MIR16 inhibitor can increase the autophagic flux and LC3B-II accumulation in HSCs."
"Autophagy_dependent_cell_death","MIR17","microRNA 17","ENSG00000284536.1","miRNA",30281815,"MIR17 is a factor that inhibits autophagy. The study shows that MIR17 suppresses autophagy by downregulating DDX5 and exacerbates the occurrence of hepatocellular carcinoma. MIR17 stimulates p62 expression and inhibits LC3B-II conversion, thereby inhibiting autophagy."
"Autophagy_dependent_cell_death","MIR181A1","microRNA 181a-1","ENSG00000207759","miRNA",23322078,"MIR181A is a novel microRNA that participates in the regulation of cellular autophagy by targeting the ATG5 protein. Experimental results show that overexpression of MIR181A inhibits starvation-induced autophagic responses in multiple types of cancer cells, while suppressing MIR181A can accelerate the autophagic response. This suggests that MIR181A is an important regulatory factor of autophagy, and ATG5 is a key direct target of MIR181A."
"Autophagy_dependent_cell_death","MIR182","microRNA 182","ENSG00000207990.3","miRNA",34427642,"It is found that MIR182 can promote the inflammatory response of Caco-2 cells by inhibiting autophagy. MIR182 can influence the autophagy pathway by interacting with circRNA HECTD1."
"Autophagy_dependent_cell_death","MIR183","microRNA 183","ENSG00000207691.1","miRNA",30221685,"Studies have shown that miR-183 regulates autophagy and apoptosis in gastric cancer cells by targeting the UVRAG gene's 3' untranslated region, affecting cell proliferation. UVRAG may interact with members of the Bcl-2 family during cell death and may mediate autophagy."
"Autophagy_dependent_cell_death","MIR186","microRNA 186","ENSG00000207721.1","miRNA",31704614,"MIR186 was found to be negatively associated with autophagy-related protein ATG14. It was found that MIR186 can directly bind to SNHG14 to inhibit its function, thereby promoting the expression of ATG14. ATG14 can directly act as a downstream effector of the SNHG14/MIR186 axis. In addition, it has been shown that ATG14 can promote cancer cell resistance to chemotherapy by regulating autophagy in cells."
"Autophagy_dependent_cell_death","MIR188","microRNA 188","ENSG00000207768.3","miRNA",25858075,"MIR188 regulates autophagy and cell death through targeting ATG7, a key autophagy promoting gene, in cardiomyocytes. MIR188 inhibits autophagy and cell death induced by anoxia/reoxygenation, which is related to myocardial infarction. Autophagy-promoting factor (APF), a long noncoding RNA, inhibits the activity of MIR188 by directly binding to it, leading to the regulation of ATG7 expression and the consequent cardiac autophagy through MIR188. APF modulates autophagic programme and autophagic cell death through targeting the MIR188/ATG7 pathway."
"Autophagy_dependent_cell_death","MIR18A","microRNA 18a","ENSG00000283815.1","miRNA",31168354,"MIR18A is related to autophagy in cardiovascular disease. It has been found that downregulation of MIR18A could promote brain derived neurotrophic factor (BDNF) expression, which could offer protection against AMI by inactivating the Akt/mTOR axis. The Akt/mTOR axis has been reported to be involved in miRNA-28 regulated cardiomyocyte apoptosis in previous studies."
"Autophagy_dependent_cell_death","MIR191","microRNA 191","ENSG00000207605.3","miRNA",25685068,"The decreased expression level of MIR191 may contribute to the formation of radiation-resistant lung cancer cells through mediating cellular autophagy. Beclin-1, a protein in the Autophagy pathway, has a potential binding relationship with MIR191 in lung cancer cells. When the expression level of MIR191 increases, it negatively regulates Beclin-1, inhibits cellular autophagy, and suppresses the proliferation and growth of lung cancer cells."
"Autophagy_dependent_cell_death","MIR192","microRNA 192","ENSG00000283926.1","miRNA",31918268,"In asthmatic mice, overexpression of MIR192 attenuated autophagy by decreasing the expression of ATG7, LC3II/I, and beclin-1 and increasing the expression of p62. In addition, MIR192's target ATG7 promoted the proliferation of smooth muscle cells in asthma patients and alleviated the decrease in proliferation caused by MIR192."
"Autophagy_dependent_cell_death","MIR193B","microRNA 193b","ENSG00000207639.1","miRNA",26878873,"The study showed that overexpression of MIR193B increased the level of autophagic vesicles in oesophageal cancer cells (increased LC3 II and autophagic vesicles). In addition, when co-treated with 5-fluorouracil (5-FU), the autophagy level of MIR193B transfected cells was significantly higher than that of negative control cells. The researchers also found that MIR193B mediated its anti-cancer effect by reducing the expression of stathmin 1, which influences the responsiveness of cancer cells to chemotherapeutics."
"Autophagy_dependent_cell_death","MIR195","microRNA 195","ENSG00000284112.1","miRNA",33029941,"An increase in MIR195 levels can inhibit the selective autophagy of tight junction proteins in the blood-brain barrier, thus helping to maintain BBB integrity."
"Autophagy_dependent_cell_death","MIR199A1","microRNA 199a-1","ENSG00000207752.1","miRNA",32111227,"MIR199A1 is associated with autophagy through circMUC16-mediated regulation. The study found that circMUC16 regulates Beclin1 and RUNX1 by sponging MIR199A1, which affects the level of autophagy, and consequently affects the proliferation and invasiveness of epithelial ovarian cancer."
"Autophagy_dependent_cell_death","MIR20A","microRNA 20a","ENSG00000283762.1","miRNA",29101804,"MIR20A inhibits the proliferation and autophagy of chondrocytes through the PI3K/AKT/mTOR signaling pathway, which promotes the progression of osteoarthritis."
"Autophagy_dependent_cell_death","MIR200C","microRNA 200c","ENSG00000207713.3","miRNA",25044403,"MIR200C is related to autophagy by inhibiting radiation-induced autophagy and making breast cancer cells more sensitive to radiation, and it is associated with UBQLN1."
"Autophagy_dependent_cell_death","MIR204","microRNA 204","ENSG00000207935.3","miRNA",25517751,"MIR204 can regulate the starvation autophagy of cells by directly inhibiting TRPM3 and CAV1, as well as directly inhibiting the accumulation of LC3B. At the same time, the expression level of MIR204 is also regulated by VHL."
"Autophagy_dependent_cell_death","MIR205","microRNA 205","ENSG00000284485.1","miRNA",34428336,"The study found that MIR205 can regulate autophagy of AMs by controlling E2F1, thereby inhibiting pulmonary fibrosis, and the E2F1/SKP2/Beclin1 axis is the regulatory mechanism of MIR205 in this process."
"Autophagy_dependent_cell_death","MIR20A","microRNA 20a","ENSG00000283762.1","miRNA",26829385,"MIR20A is shown to be related to autophagy by negatively regulating the expression of FIP200 protein in Breast cancer cells."
"Autophagy_dependent_cell_death","MIR20B","microRNA 20b","ENSG00000284043.1","miRNA",26829385,"MIR20B was found to be able to inhibit basal and rapamycin-induced autophagy in breast cancer cells by regulating the expression of RB1CC1/FIP200. By reducing the expression level of FIP200, MIR20B can suppress autophagic activity in breast cancer cells."
"Autophagy_dependent_cell_death","MIR21","microRNA 21","ENSG00000284190.1","miRNA",32319564,"MIR21 can inhibit autophagy by regulating PTEN and increase the proliferation, migration, and invasion of bladder cancer T24 cells."
"Autophagy_dependent_cell_death","MIR210","microRNA 210","ENSG00000199038.1","miRNA",32024814,"MIR210 promotes the process of epithelial-mesenchymal transition and induces oncogenic autophagy in osteosarcoma. By downregulating the expression of PIK3R5 and regulating the AKT/mTOR signaling pathway, MIR210 promotes EMT and oncogenic autophagy in osteosarcoma."
"Autophagy_dependent_cell_death","MIR212","microRNA 212","ENSG00000267195.1","miRNA",23011132,"The MIR212 has an anti-autophagic function in cardiomyocytes in regulating FOXO3 expression, reducing autophagy levels in myocardial cells under starvation. Overexpression of miRNA-212/132 inhibits the autophagic response of cardiomyocytes, leading to cardiac hypertrophy and heart failure."
"Autophagy_dependent_cell_death","MIR214","microRNA 214","ENSG00000283844.1","miRNA",33078654,"MIR214 is a regulatory molecule that can directly bind to the 3' untranslated region of the ULK1 gene and suppress its expression. Increased expression of MIR214 leads to decreased expression of autophagy-related genes such as ULK1, ULK2, ATG7, and ATG16L1, causing a decrease in autophagic response. Inhibition of MIR214 can indirectly increase autophagic response by increasing the expression of ULK1 and HNF4A, thus alleviating hepatic steatosis and increasing autophagosome formation and MAP1LC3/LC3-II protein levels."
"Autophagy_dependent_cell_death","MIR215","microRNA 215","ENSG00000207590.1","miRNA",30684759,"MIR215 induces autophagy by targeting PI3K and activating ROS-MAPK pathways in cardiomyocytes. It can regulate the PI3K/AKT/TOR pathway by downregulating PI3K and activating autophagy related genes. In addition, MIR215 can induce the expression of autophagy related genes by increasing ROS accumulation and activating MAPK pathways."
"Autophagy_dependent_cell_death","MIR216A","microRNA 216a","ENSG00000207798.1","miRNA",24481443,"Studies have shown that MIR216A is induced during endothelial aging and negatively regulates the expression of autophagy-related gene, BECN1 in vitro Further studies have revealed that MIR216A can inhibit autophagy in endothelial cells leading to an increase in ox-LDL accumulation, monocyte adhesion, and an aging phenotype, which is similar to aging-related diseases such as cardiovascular dysfunction and atherosclerosis."
"Autophagy_dependent_cell_death","MIR216B","microRNA 216b","ENSG00000211520.2","miRNA",28982601,"MIR216B regulates autophagy by directly targeting three key autophagy genes - Beclin-1, UVRAG, and ATG5 - to attenuate autophagy, reduce autophagic activity activated by therapeutic drugs, and improve the efficacy of BRAF (V600E) inhibitors. Additionally, BRAF (V600E) inhibitors can suppress MIR216B activity, activating autophagy to generate drug resistance."
"Autophagy_dependent_cell_death","MIR22","microRNA 22","ENSG00000283824.1","miRNA",25449431,"MIR22 may act as an important switch between autophagy and apoptosis to regulate 5-FU sensitivity.MIR22 inhibits autophagy and promotes apoptosis induced by 5-FU treatment, thus increasing the sensitivity of CRC cells to 5-FU. MIR22 can regulate the autophagy pathway by post-transcriptional silencing of BTG1, thereby affecting tumor survival and resistance."
"Autophagy_dependent_cell_death","MIR221","microRNA 221","ENSG00000207870.1","miRNA",30765325,"Upregulation of MIR221/222 can inhibit Dex-induced autophagy. MIR221/222 inhibits autophagy by directly targeting ATG12 and the p27kip-mTOR pathway. Dex leads to the downregulation of MIR221/222, which induces autophagy and cell death in MM cells."
"Autophagy_dependent_cell_death","MIR222 ","microRNA 222","ENSG00000207725","miRNA",30765325,"Upregulation of MIR221/222 can inhibit Dex-induced autophagy. MIR221/222 inhibits autophagy by directly targeting ATG12 and the p27kip-mTOR pathway. Dex leads to the downregulation of MIR221/222, which induces autophagy and cell death in MM cells."
"Autophagy_dependent_cell_death","MIR224","microRNA 224","ENSG00000284363.1","miRNA",30646811,"MIR224 is an oncogenic factor involved in hepatocellular carcinoma tumorigenesis, but Autophagy can suppress HCC by selectively degrading MIR224. Both MIR224 and CCND1 are regulated by Autophagy degradation machinery. MIR224 is preferentially adsorbed to autophagosomes by unknown factors, while CCND1 is selectively adsorbed to autophagosomes through the SQSTM1 pathway for subsequent degradation."
"Autophagy_dependent_cell_death","MIR23B","microRNA 23b","ENSG00000207563.1","miRNA",31338869,"Downregulating MIR23B increases H2O2-induced LEC cell autophagy, while upregulating MIR23B inhibits LEC cell autophagy. MIR23B suppresses SIRT1 expression by binding to SIRT1 mRNA 3'-UTR. SIRT1 can suppress apoptosis and activate autophagy, and the autophagy flux is inhibited in SRA01/04 cells."
"Autophagy_dependent_cell_death","MIR24-1","microRNA 24-1","ENSG00000284459.1","miRNA",28983594,"By regulating ubiquitin D and activating the JNK signaling pathway, MIR24-1 promotes the autophagy and apoptosis of malignant melanoma cells. The overexpression of MIR24-1 significantly increased the levels of LC3-II/I ratio and Beclin-1 expression, and decreased the expression levels of BCL2 and BCL2L1."
"Autophagy_dependent_cell_death","MIR24-2","microRNA 24-2","ENSG00000284387.1","miRNA",31732298,"MIR24-2 can increase the expression and lipidation of the autophagy structural protein LC3 and enhance the interaction between LC3 and the LC3 cleavage protein ATG4. Additionally, MIR24-2 enhances the interaction of LC3II with the activated LC3II processing protein ATG3 and increases the expression of the autophagy marker protein Beclin1. MIR24-2 enhances the expression of PI3K by changing histone modifications, thus regulating autophagy."
"Autophagy_dependent_cell_death","MIR25","microRNA 25","ENSG00000207547.1","miRNA",33304476,"Through in vitro and in vivo experiments, the researchers found that ADMSC-EVs promote post-stroke recovery and reduce autophagic response by regulating MIR25. Transfection of MIR25 mimics can inhibit autophagy regulation and increase cell survival, while transfection of MIR25 inhibitors can increase autophagy regulation and decrease cell survival."
"Autophagy_dependent_cell_death","MIR26B","microRNA 26b","ENSG00000199121.4","miRNA",28079894,"MiR-26 inhibits autophagy by blocking the expression of ULK1, thereby enhancing the sensitivity of HCC cells to Doxorubicin ([2]). The study found that miR-26a/b is expressed at low levels in HCC tissues and is negatively correlated with ULK1 protein expression level ([6])). At the same time, the process of regulating autophagy affects the expression level of miR-26a/b ([12])). These findings provide a new research direction for miR-26a/b as a regulator of autophagy."
"Autophagy_dependent_cell_death","MIR371A","microRNA 371a","ENSG00000199031.1","miRNA",35724456,"The correlation between MIR371A and Autophagy is reflected in the mechanism of emodin's inhibition of liver cancer. The dual-luciferase reporter gene experiment verified the interaction between MIR371A and the PTEN gene, and through experiments such as cell proliferation, colony formation, cell migration, Western blotting, RT-qPCR analysis, and subcutaneous tumorigenesis, it was revealed that emodin inhibits the malignant progression of liver cancer by regulating miRNA-mediated autophagy through the MIR371A/PTEN axis."
"Autophagy_dependent_cell_death","MIR29B1","microRNA 29b-1","ENSG00000283797.1","miRNA",31375748,"MIR29B1 negatively regulates Akt2 to promote autophagy. MIR29B1 is a short non-coding endogenous RNA that participates in various biological activities, such as autophagy. In TTF-induced autophagy, MIR29B1 serves as a target that downregulates Akt2 expression, thus promoting autophagy."
"Autophagy_dependent_cell_death","MIR302A","microRNA 302a","ENSG00000207927.1","miRNA",36611829,"MIR302A plays a crucial role in autophagy, reducing cell autophagy and alleviating cell death induced by IFN-¦Ã stress. In addition, the treatment with IFN-¦Ã can also affect mitochondrial microenvironment and ER stress, but these impacts can be alleviated by the transduction of exogenous MIR302A."
"Autophagy_dependent_cell_death","MIR30A","microRNA 30a","ENSG00000207827.1","miRNA",28766848,"MIR30A inhibits the transformation of HSC cells into an activated state in liver fibrosis and inhibits the autophagy process by suppressing the BECN1 signaling pathway, which ultimately leads to the inhibition of autophagy in HSCs and prevents liver fibrosis. In addition, the study also found that MIR30A prevents HSC activation by promoting the accumulation of LDs and inhibiting the autophagy process."
"Autophagy_dependent_cell_death","MIR30B","microRNA 30b","ENSG00000207582.1","miRNA",22647547,"MIR30B compromises autophagy through directly targeting ATG12 and BECN1, which are important regulatory proteins involved in autophagy. This compromises autophagic clearance of intracellular H. pylori, thereby contributing to the persistence of H. pylori infections."
"Autophagy_dependent_cell_death","MIR30C1","microRNA 30c-1","ENSG00000207962.1","miRNA",26149869,"H2S pretreatment inhibited the expression of MIR30C1, promoted the expression of Beclin-1 and LC3II, and induced cellular autophagy in a rat model of spinal cord I/R injury. MIR30C1 negatively regulates Beclin-1 expression and affects cellular autophagy."
"Autophagy_dependent_cell_death","MIR30D","microRNA 30d","ENSG00000199153.1","miRNA",24345332,"MIR30D can negatively regulate autophagy process by targeting the beclin 1 gene expression. It can suppress the cisplatin-activated autophagic response that protects ATC cells from apoptosis, thus promoting apoptosis in cisplatin-treated tumor cells."
"Autophagy_dependent_cell_death","MIR31","microRNA 31","ENSG00000199177.1","miRNA",24343269,"MIR31 is involved in Autophagy regulation by controlling PP2A activity. Studies have shown that Mir155 and Mir31 are regulated by MTOR to control PP2A levels, thereby affecting the activity of GSK3B and promoting the activation of the WNT-SHH signaling pathway, leading to the expression of ALOXs and ultimately inhibiting Autophagy."
"Autophagy_dependent_cell_death","MIR32","microRNA 32","ENSG00000207698.1","miRNA",35794619,"MIR32 inhibits autophagy in vascular smooth muscle cells by inhibiting MEF2D expression, thereby promoting cellular osteogenic differentiation and vascular calcification. MIR32 can be released from macrophages via EVs and is upregulated under high glucose conditions. After MIR32 mimics transfection, autophagy marker genes were significantly decreased while osteogenic marker genes were significantly increased."
"Autophagy_dependent_cell_death","HSPB1","heat shock protein family B (small) member 1","ENSG00000106211.10","protein_coding",30669930,"HSPB1 participates in the formation of autophagosomes and interacts with the autophagy receptor SQSTM1/p62. Mutations in HSPB1 impair macroautophagy/autophagy flux, particularly leading to Charcot-Marie-Tooth peripheral neuropathy (CMT) and distal hereditary motor neuropathy (DHMN). The mutations also disturb the formation of SQSTM1/p62 bodies and subsequently impair phagophore formation, suggesting a regulatory role for HSPB1 in autophagy via interaction with SQSTM1."
"Autophagy_dependent_cell_death","HTRA2","HtrA serine peptidase 2","ENSG00000115317.13","protein_coding",35449197,"HTRA2 can induce autophagy and promote the normal maintenance of mitochondrial function. The study showed that the expression of HTRA2 significantly decreased in the liver tissues and cells with FFA-treated induced NAFLD, accompanied by an autophagy blockage. Restoring HTRA2 can improve mitochondrial dysfunction and restore autophagic flux in HFD-induced NAFLD."
"Autophagy_dependent_cell_death","HUWE1","HECT, UBA and WWE domain containing E3 ubiquitin protein ligase 1","ENSG00000086758.17","protein_coding",30340022,"HUWE1 is a specific E3 ubiquitin ligase that can mediate the ubiquitination and degradation of WIPI2. Through this mechanism, the intracellular level of WIPI2 protein is regulated, becoming a crucial determinant of autophagy flux, coordinating the initiation, progression, and completion of autophagy. "
"Autophagy_dependent_cell_death","IFI16","interferon gamma inducible protein 16","ENSG00000163565.20","protein_coding",32027562,"IFI16 is a DNA sensor that recognizes intracellular DNA and is involved in autoimmune diseases and cancer development. Recent studies have shown that IFI16 also plays an important role in autophagy. IFI16-mediated autophagy can inhibit DNA virus infection and also participate in the occurrence of gastrointestinal cancer."
"Autophagy_dependent_cell_death","IL10","interleukin 10","ENSG00000136634.7","protein_coding",26962683,"IL10 inhibits starvation-induced autophagy by interfering with IL10R-mediated activation of IL10R-STAT3 and by activating the AKT-mTOR pathway. This phenomenon is collaboratively regulated by cross talk among STAT3, AKT, and mTOR and between the IL10-IL10R-STAT3 and IL10-AKT-mTOR pathways."
"Autophagy_dependent_cell_death","IL10RA","interleukin 10 receptor subunit alpha","ENSG00000110324.12","protein_coding",34251955,"IL10RA mediates the unconventional function of ATG16L1 in IL10 signaling. ATG16L1 controls the endocytosis and early trafficking of IL10-IL10R complexes by interacting with IL10RA, thereby enhancing their signaling. At the same time, IL10RA is a carrier of the WDD-binding motif, which can interact with the unconventional autophagy mechanism of ATG16L1 to promote the trafficking and signaling of IL10R complexes."
"Autophagy_dependent_cell_death","IL4","interleukin 4","ENSG00000113520.11","protein_coding",29297752,"IL4 induces autophagy in B cells, leading to sustained cell survival and antigen presentation, and ultimately exacerbating asthma symptoms. The authors demonstrated that activation of the JAK signaling pathway promotes IL4-induced autophagy, and that IL4 promotes the formation and activation of the autophagy-specific PtdIns3K complex, which is essential for the nucleation, elongation, and formation of autophagosomes in B cells. This complex is composed of BECN1, PIK3R4, PIK3C3, and ATG14, and is responsible for recruiting essential ATG proteins to the phagophore assembly sites."
"Autophagy_dependent_cell_death","KAT5","lysine acetyltransferase 5","ENSG00000172977.13","protein_coding",29929422,"KAT5 is related to Autophagy by interacting with SMAD3, enhancing KAT5 acetylation of SMAD3 and subsequently enhancing SMAD3 transcriptional activity, increasing TRIB3 expression. Metformin suppresses TRIB3 by inhibiting SMAD3 phosphorylation, breaking the positive feedback loop between SMAD3 activity and TRIB3 expression, and promoting Autophagy."
"Autophagy_dependent_cell_death","KEAP1","kelch like ECH associated protein 1","ENSG00000079999.14","protein_coding",25257172,"KEAP1 is related to autophagy through the p62/Keap1/Nrf2 system. p62 activates the antioxidant transcription factor Nrf2 by a non-canonical pathway, which is completely independent of the redox state, and involves the recruitment of Keap1 associated with the Cul3-ubiquitin E3 ligase complex responsible for degrading Nrf2. When phosphorylated at Ser351, p62 binds to aggregates of ubiquitylated proteins and increases its affinity for Keap1. This event induces Keap1 degradation via autophagy, leaving Nrf2 free to accumulate and translocate in the nucleus. Here, Nrf2 binds to the antioxidant-responsive elements (ARE) in the promoter regions of antioxidant and detoxifying genes."
"Autophagy_dependent_cell_death","KLHL22","kelch like family member 22","ENSG00000099910.17","protein_coding",29769719,"The depletion of KLHL22 activates autophagy, while overexpression of KLHL22 inhibits autophagy. Depletion of KLHL22 leads to an increase in the LC3BII/I ratio, while overexpression of KLHL22 lowers the LC3BII/I ratio. This indicates that KLHL22 regulates the mTORC1 signaling pathway by regulating autophagy."
"Autophagy_dependent_cell_death","KLHL3","kelch like family member 3","ENSG00000146021.15","protein_coding",25556166,"KLHL3 and Cullin 3 regulate electrolyte homeostasis via ubiquitination and degradation of WNK4."
"Autophagy_dependent_cell_death","LAMTOR1","late endosomal/lysosomal adaptor, MAPK and MTOR activator 1","ENSG00000149357.10","protein_coding",36476874,"LAMTOR1 was found to be a subunit of the Ragulator complex that is necessary for mTORC1 activation and recruitment at lysosomes. Ubiquitination of LAMTOR1 affects its interaction with the vacuolar H+-ATPase, reduces Ragulator function, and ultimately limits mTORC1 recruitment, resulting in decreased mTORC1 activity and increased autophagy. USP32 is the LAMTOR1 deubiquitinase that is responsible for removing ubiquitination from LAMTOR1. Knockout of USP32 lead to the accumulation of LAMTOR1 ubiquitination and increased autophagy."
"Autophagy_dependent_cell_death","LAMTOR2","late endosomal/lysosomal adaptor, MAPK and MTOR activator 2","ENSG00000116586.12","protein_coding",30428163,"LAMTOR2 is recruited via LAMTOR1 to bacterium-containing endosomes and interacts with TAX1BP1, an important autophagy receptor, which ultimately facilitates autolysosome formation during bacterial infection. Knockout of the LAMTOR1/2 complex resulted in a reduction of autolysosome formation and subsequent bacterial degradation."
"Autophagy_dependent_cell_death","LAMTOR3","late endosomal/lysosomal adaptor, MAPK and MTOR activator 3","ENSG00000109270.13","protein_coding",35959437,"BJOE and miR-8485 can downregulate the expression of LAMTOR3 and mTOR, and upregulate the expression of ATG13 and LC3-¢ò, thus promoting autophagy in SKOV3 cells."
"Autophagy_dependent_cell_death","LAMTOR5","late endosomal/lysosomal adaptor, MAPK and MTOR activator 5","ENSG00000134248.14","protein_coding",31467416,"LAMTOR5 can directly interact with TLR4 and promote its localization in autophagosomes, thus promoting the autophagic degradation of TLR4 . LAMTOR5 expression leads to the conversion of LC3-I to LC3-II and increased stability of p62 and reduces the activity of mTORC1, promoting the initiation of autophagy. "
"Autophagy_dependent_cell_death","LGALS8","galectin 8","ENSG00000116977.19","protein_coding",31258038,"LGALS8 is involved in autophagy as the ""eat-me"" signal on damaged Salmonella-containing vacuoles (SCVs), allowing the recognition and recruitment of selective autophagy through this signal. This signal binds with the selective autophagy protein CALCOCO2, which then recruits the ULK complex and TBK1 kinase complex, promoting the formation of WIPI2-positive phagophore membranes and LC3-positive autophagosomes, leading to the encapsulation of the targeted bacteria in an autophagosome."
"Autophagy_dependent_cell_death","LRSAM1","leucine rich repeat and sterile alpha motif containing 1","ENSG00000148356.15","protein_coding",25484098,"LRSAM1 interacts with CALCOCO2 to transfer polyubiquitin chains to CALCOCO2, which in turn binds LC3B, thereby causing the autophagic cascade reaction and removal of bacteria."
"Autophagy_dependent_cell_death","MAP1LC3C","microtubule associated protein 1 light chain 3 gamma","ENSG00000197769.6","protein_coding",33988680,"MAP1LC3C has an opposite oncogenic role than LC3B, and its C-terminal 20-amino acid peptide cleaved in the autophagosome formation process is responsible for recognizing specific cargoes for selective degradation. The study identifies post-division midbody rings (PDMBs) as direct targets of LC3C autophagy, and shows that LC3C C-terminal peptide is necessary for the selective degradation of PDMBs. The study also establishes that LC3C autophagy requires noncanonical upstream regulatory complexes such as ULK3, UVRAG, RUBCN, PIK3C2A, and TSG101, and supports LC3C¡¯s role in preventing reprogramming towards pluripotency and increased tumorigenic potential."
"Autophagy_dependent_cell_death","MAP3K7","mitogen-activated protein kinase kinase kinase 7","ENSG00000135341.19","protein_coding",33121356,"BECN2 interacts with MAP3K7 and targets it for degradation through an ATG9A-dependent, but ATG16L1-BECN1-LC3B-independent non-canonical autophagy pathway. MAP3K7 is one of the kinases responsible for activating NF-¦ÊB and MAPK pathways and producing proinflammatory cytokines."
"Autophagy_dependent_cell_death","MAPK15","mitogen-activated protein kinase 15","ENSG00000181085.15","protein_coding",26291129,"MAPK15 is a member of the MAP kinase protein family that can interact with BCR-ABL1 and is affected by nutrient deprivation, RET-PTC3, RET-MEN2B and BCR-ABL1 oncogenes. BCR-ABL1 activates MAPK15 to stimulate autophagy through its interaction with LC3-family proteins. MAPK15 becomes a target candidate for the treatment of CML, as depletion of the MAP kinase inhibits BCR-ABL1-dependent autophagy. The authors also discovered that MAPK15-dependent autophagy is essential for BCR-ABL1-dependent cell proliferation and tumor formation."
"Autophagy_dependent_cell_death","MAPK3","mitogen-activated protein kinase 3","ENSG00000102882.12","protein_coding",33213267,"MAPK3 was found to promote the degradation of ULK1 protein and lead to mitophagy deficiency in breast cancer bone metastasis. ULK1 is an autophagy activating kinase involved in regulating mitophagy and autophagy pathways. MAPK3 activation leads to a decrease in ULK1 levels, resulting in mitophagy deficiency and breast cancer bone metastasis. Furthermore, the use of MAP2K/MEK inhibitor can upregulate ULK1 expression and restore mitophagy, inhibiting the activation of NLRP3 inflammasome and reducing the occurrence of bone metastasis."
"Autophagy_dependent_cell_death","MIR199A1","microRNA 199a-1","ENSG00000207752.1","miRNA",32111227,"The mechanism of the association between MIR199A1 and Autophagy is mainly mediated by circMUC16, which can directly bind to miR-199a-5p and relieve its suppression of Beclin1 and RUNX1, thereby promoting the expression of ATG13, and driving EOC invasion and metastasis."
"Autophagy_dependent_cell_death","MIRLET7B","microRNA let-7b","ENSG00000284520.1","miRNA",26296645,"MIRLET7B regulates autophagy by downregulating autophagy-related genes. The study shows that under ROS stimulation, the expression of autophagy-related genes in MSCs will increase, but this phenomenon will be suppressed after MIRLET7B transfection."
"Autophagy_dependent_cell_death","MLST8","MTOR associated protein, LST8 homolog","ENSG00000167965.18","protein_coding",31253771,"MLST8 is one of the subunits of mTORC1 and mTORC2, which are the master regulators of cell growth, metabolism, survival and the inhibitors of autophagy."
"Autophagy_dependent_cell_death","MT3","metallothionein 3","ENSG00000087250.9","protein_coding",20544854,"In astrocytes lacking MT3, the levels of the autophagy marker LC3-II were significantly increased under basal conditions, and all tested lysosomal inhibitors induced an increase in the levels of LC3-II, indicating that early autophagy is fully activated in MT3-null astrocytes. Moreover, lysosomal dysfunction caused by the absence of MT3 may lead to an early autophagy activation effect that can overcome the degradation block at the lysosomal level, probably inducing the accumulation of waste products and abnormal proteins."
"Autophagy_dependent_cell_death","MTM1","myotubularin 1","ENSG00000171100.16","protein_coding",29358706,"MTM1-UBQLN2 complex can recognize misfolded intermediate filaments proteins, such as desmin and vimentin, and promote their degradation independently of Autophagy. MTM1 interacts with Proteasome to facilitate the degradation of misfolded intermediate filament, instead of being related to Autophagy."
"Autophagy_dependent_cell_death","MTMR4","myotubularin related protein 4","ENSG00000108389.10","protein_coding",29962048,"MTMR4 is mainly distributed in late endosomes and autophagosomes, and regulates endocytic and autophagic pathways by down-regulating the level of phosphatidylinositol 3-phosphate (PI(3)P). Knockdown of MTMR4 impairs endosomal maturation, autophagy, and activates TFEB to regulate lysosomal protein gene expression. Detailed experiments are carried out on cell culture, transfection, immunostaining, quantitative real-time PCR, and microscopy. MTMR4 deficiency disrupts endosomal traffic and the autophagy process."
"Autophagy_dependent_cell_death","MTMR8","myotubularin related protein 8","ENSG00000102043.16","protein_coding",22647598,"The MTMR8/R9 complex regulates the levels of PtdIns(3)P in cells and therefore affects autophagy. Overexpression of MTMR8 plus R9 inhibits autophagy. In addition, knockdown of MTMR8 and MTMR9 significantly reduces the level of p62 in cells, which is a protein degraded in autophagosomes and is used to monitor autophagy."
"Autophagy_dependent_cell_death","MTMR9","myotubularin related protein 9","ENSG00000104643.10","protein_coding",22647598,"In the cell, the MTMR6/R9 complex can inhibit stress-induced apoptosis, whereas the MTMR8/R9 complex inhibits autophagy. Studies have shown that overexpression of MTMR8 and MTMR9 significantly increases the level of p62, while RNAi of both MTMR8 and MTMR9 significantly reduces the level of p62 in HeLa cells treated with 100 nM bafilomycin A1 for 3 hours. Unlike the upregulation of autophagy by the MTMR8/R9 complex, the inhibition of the MTMR8/R9 complex induces autophagy."
"Autophagy_dependent_cell_death","NCOA4","nuclear receptor coactivator 4","ENSG00000266412.6","protein_coding",33420375,"The lack of COPZ1 can promote Autophagy in Glioblastoma cell lines and protein levels of NCOA4 also increase. This phenomenon has been confirmed to be related to the COPZ1/ NCOA4/ FTH1 axis. This indicates that the regulation of iron metabolism and the COPZ1/NCOA4/FTH1 axis are important targets for the treatment of Glioblastoma."
"Autophagy_dependent_cell_death","NEDD4","NEDD4 E3 ubiquitin protein ligase","ENSG00000069869.17","protein_coding",37005481,"NEDD4L ubiquitinates YAP1, which affects YAP1-mediated autophagic cell death."
"Autophagy_dependent_cell_death","NOD1","nucleotide binding oligomerization domain containing 1","ENSG00000106100.11","protein_coding",19898471,"NOD1 detects bacteria by recognizing peptidoglycans from bacterial cell walls, and induces autophagy by recruiting the ATG16L1 protein to the plasma membrane at the site of bacterial invasion. The activation of NOD1-induced bacterial autophagy occurred through a mechanism independent of the adapter RIP2 and transcription factor NF-¦ÊB."
"Autophagy_dependent_cell_death","NOD2","nucleotide binding oligomerization domain containing 2","ENSG00000167207.15","protein_coding",19898471,"NOD2 is related to autophagy by recruiting the ATG16L1 protein to the plasma membrane and the site of bacterial entry to initiate the autophagy process. This helps in eliminating the invading bacteria and defending against invasive bacteria. However, mutations in NOD2 may affect the recruitment and further autophagy process of ATG16L1, leading to the inability to effectively eliminate invading bacteria and triggering inflammatory reactions and immune system imbalance."
"Autophagy_dependent_cell_death","NPRL2","NPR2 like, GATOR1 complex subunit","ENSG00000114388.14","protein_coding",36321403,"NPRL2 promotes the growth of hepatocellular carcinoma by inhibiting autophagy. The article states that efficient down-regulation of NPRL2 protein expression promotes HCC cell proliferation, colony formation, migration, and HCC tumor growth in mice through the mTOR pathway and inhibition of autophagy."
"Autophagy_dependent_cell_death","ORMDL3","ORMDL sphingolipid biosynthesis regulator 3","ENSG00000172057.10","protein_coding",35353673,"Increased ORMDL3 expression induces autophagy, resulting in impairing bronchial epithelial function in asthma by inhibiting intracellular calcium influx and inducing cell death. ORMDL3 is implicated in sphingolipid metabolism, the endoplasmic reticulum unfolded protein response, and concentration of intracellular calcium. The study provides a new mechanism by which the airway epithelium may be predisposed to cellular damage, representing a novel unappreciated mechanism by which 17q21 genetic variants confer asthma susceptibility. "
"Autophagy_dependent_cell_death","OSBPL7","oxysterol binding protein like 7","ENSG00000006025.12","protein_coding",34524948,"OSBPL7 and OSBPL11 are novel players involved in LC3B recruitment and protein aggregate clearance, playing an important role in selective clearance in autophagy. Knockdown of OSBPL7, OSBPL11, and VAPA proteins significantly reduces the number of LC3B puncta associated with bacteria, supporting the importance of OSBPL-VAPA interactions at membrane contact sites for LC3B-mediated autophagy, playing a role in cellular defense against microbial infection."
"Autophagy_dependent_cell_death","OSBPL11","oxysterol binding protein like 11","ENSG00000144909.8","protein_coding",34524948,"It was found through the BioID technique that OSBPL11 is related to Autophagy. The experimental results show that knocking out OSBPL11 will lead to a decrease in the ability of host cells to recruit LC3B in response to pathogenic bacteria, and lose the ability to clear aggregated proteins."
"Autophagy_dependent_cell_death","PARK7","Parkinsonism associated deglycase","ENSG00000116288.13","protein_coding",27171370,"PARK7 is associated with chaperone-mediated autophagy, a branch of the autophagy pathway. The study demonstrated that CMA directly controls the turnover of PARK7 by preferentially targeting the oxidised and non-functional protein to lysosomes for removal. This process is an important and direct way of modulating PARK7, maintaining mitochondrial function and morphology. Failure to do so leads to the accumulation of inactive PARK7 and disrupted mitochondrial function."
"Autophagy_dependent_cell_death","PHB2","prohibitin 2","ENSG00000215021.10","protein_coding",31177901,"PHB2 has been shown to act as a mitophagy receptor, promoting the selective autophagic clearance of dysfunctional or surplus mitochondria in eukaryotic cells. Additionally, the paper examines the molecular mechanisms of PINK1-PRKN-mediated mitophagy, an autophagic process linked to Parkinson's disease. The study found that PHB2 promotes PINK1-PRKN-mediated mitophagy by stabilizing PINK1 and increasing the mitochondrial recruitment of PRKN. Furthermore, PHB2 regulates PINK1 processing by modulating mitochondrial protease PARL's activity and stabilizes PINK1 through the PARL-PGAM5 axis."
"Autophagy_dependent_cell_death","PHF23","PHD finger protein 23","ENSG00000040633.13","protein_coding",25484098,"Experimental results show that overexpression of PHF23 can reduce the level of LC3B-II in cells, weaken the degradation of endogenous and exogenous autophagic substrates, and inhibit autophagy. On the contrary, knocking down PHF23 expression can increase autophagy activity. In addition, the PHD-like zinc finger domain of PHF23 is involved in regulating the autophagic process, and its deletion can produce a positive regulatory effect."
"Autophagy_dependent_cell_death","PJVK","pejvakin","ENSG00000204311.15","protein_coding",30936319,"PJVK can initiate autophagy degradation of peroxisomes damaged by oxidative stress by recruiting LC3B. In addition, PJVK can also mediate the autophagy degradation of lipid droplets by directly binding with LC3B, thereby protecting auditory cells from oxidative stress damage. Thus, PJVK regulates the autophagy process under noise-induced oxidative stress damage, providing a theoretical basis for the prevention of autophagy-related auditory injury."
"Autophagy_dependent_cell_death","PLK3","polo like kinase 3","ENSG00000173846.13","protein_coding",27344333,"PLK3 is related to autophagy mainly by promoting chaperone-mediated autophagy (CMA) to degrade abnormal PrP. The process requires the participation of Hsc70 and LAMP2a. The two components of CMA, Hsc70 and LAMP2a, were downregulated in cell models expressing abnormal PrP and in prion-infected cell lines and brain tissues of hamsters with scrapie. However, overexpression of PLK3 led to an increase in Hsc70 and LAMP2a levels, and its overexpression-mediated degradation of abnormal PrP depended largely on the lysosome rather than on the ubiquitin-proteasome or macroautophagy pathway."
"Autophagy_dependent_cell_death","PRKAB1","protein kinase AMP-activated non-catalytic subunit beta 1","ENSG00000111725.11","protein_coding",33779513,"PRKAB1 is a non-catalytic subunit of AMPK and involved in the regulation of cell autophagy along with AMPK. AMPK can regulate the induction of cell autophagy by phosphorylating proteins such as ULK1 and BECN1. PRKAB1 forms a complex with RIPK3 and activates AMPK through RIPK3 to promote the early signaling of cell autophagy."
"Autophagy_dependent_cell_death","PRKAA1","protein kinase AMP-activated catalytic subunit alpha 1","ENSG00000132356.12","protein_coding",33779513,"The researchers observed that TNF-induced necroptosis activated early Autophagy signaling events, such as the phosphorylation of ULK1 and BECN1, through AMPK, but blocked the lysosomal degradation of autophagosomes. Additionally, RIPK3 was found to be an AMPK-activating kinase that directly associates with AMPK and phosphorylates its catalytic subunit PRKAA1/2 at T183/T172."
"Autophagy_dependent_cell_death","PRKAA2","protein kinase AMP-activated catalytic subunit alpha 2","ENSG00000162409.12","protein_coding",33779513,"The researchers observed that TNF-induced necroptosis activated early Autophagy signaling events, such as the phosphorylation of ULK1 and BECN1, through AMPK, but blocked the lysosomal degradation of autophagosomes. Additionally, RIPK3 was found to be an AMPK-activating kinase that directly associates with AMPK and phosphorylates its catalytic subunit PRKAA1/2 at T183/T172."
"Autophagy_dependent_cell_death","PRKAB2","protein kinase AMP-activated non-catalytic subunit beta 2","ENSG00000131791.8","protein_coding",33779513,"PRKAB2 is involved in Autophagy because it is a non-catalytic subunit of AMPK that forms complexes with PRKAA1 or PRKAA2. AMPK is an energy-sensing protein that regulates Autophagy. In TNF-induced Necroptosis, RIPK3 can indirectly regulate Autophagy by activating AMPK."
"Autophagy_dependent_cell_death","PRKACA","protein kinase cAMP-activated catalytic subunit alpha","ENSG00000072062.16","protein_coding",32401166,"PRKACA mediates the phosphorylation of MORC2 and thus prevents its degradation through the CMA pathway."
"Autophagy_dependent_cell_death","PRKAG1","protein kinase AMP-activated non-catalytic subunit gamma 1","ENSG00000181929.13","protein_coding",31983282,"PRKAG1 was found to be a positive regulator of autophagy through its interaction with PRKDC. Under normal conditions, PRKDC interacts with the AMPK complex and phosphorylates its nucleotide-sensing subunit, promoting lysosomal activation of the AMPK complex. PRKDC-mediated phosphorylation of PRKAG1 primes cells for lysosomal activation by STK11 in cancer cells. This indicates that PRKAG1 is a connecting point for PRKDC to regulate the autophagy-initiating pathway."
"Autophagy_dependent_cell_death","PRKAG2","protein kinase AMP-activated non-catalytic subunit gamma 2","ENSG00000106617.15","protein_coding",34520329,"PRKAG2 is one of the new ULK substrates, and it is phosphorylated by both ULK and AMPK at serine 124, with its phosphorylation sensitive to both serum and energy status, which might modulate AMPK complex localization."
"Autophagy_dependent_cell_death","PRKAG3","protein kinase AMP-activated non-catalytic subunit gamma 3","ENSG00000115592.13","protein_coding",34252479,"PRKAG3 and Autophagy is achieved through the AMPK signaling pathway. The experimental results found that the main autophagy pathway of cadmium is the AMPK signaling pathway, and Cd significantly increased the p-AMPK/AMPK protein level. Selenium (Se) can activate PRKAG3, thereby activating the AMPK signaling pathway and reducing Cd-induced autophagy."
"Autophagy_dependent_cell_death","PRKN","parkin RBR E3 ubiquitin protein ligase","ENSG00000185345.24","protein_coding",30290714,"PRKN was demonstrated to play a critical role in regulating mitophagy and cellular senescence, and its induction process is also related to Autophagy. Although PINK1 also plays an important role in the process of mitophagy, the protein level of PRKN is the limiting factor, and PFD can enhance Autophagy by increasing PRKN expression to improve age-related diseases."
"Autophagy_dependent_cell_death","RAB39B","RAB39B, member RAS oncogene family","ENSG00000155961.5","protein_coding",32761840,"The article highlights the significant role of RAB39B in neuropathological manifestations, which stem from neurodevelopmental defects as well as dysregulated membrane trafficking and autophagy. Several mutations in RAB39B have been linked to early-onset Parkinson's disease, while copy-number variations in Xq28 duplications that include RAB39B often affect hemizygous males and contribute to the most common copy-number variations in X-linked intellectual disability. "
"Autophagy_dependent_cell_death","RAB3GAP1","RAB3 GTPase activating protein catalytic subunit 1","ENSG00000115839.19","protein_coding",26565612,"RAB3GAP1 is a protein complex that regulates small GTPase RAB3A-D in neuronal transmission. Recent studies have shown that this complex is also involved in macroautophagy, regulating the upregulation of the autophagy-related protein LC3B to promote degradation of substrates."
"Autophagy_dependent_cell_death","RAB3GAP2","RAB3 GTPase activating non-catalytic protein subunit 2","ENSG00000118873.17","protein_coding",25495476,"It was found that RAB3GAP2 is related to Autophagy by affecting protein aggregation and autophagy under basal and rapamycin-induced conditions. Furthermore, it was found that RAB3GAP1/2 can modulate autophagosomal biogenesis. In addition, RAB3GAP1/2 and members of the Atg8 family were found to co-localize at lipid droplets."
"Autophagy_dependent_cell_death","RAB8A","RAB8A, member RAS oncogene family","ENSG00000167461.12","protein_coding",27103069,"RAB8A is involved in autophagy and together with another RAB GTPase RAB39b, acts as a guanine nucleotide exchange factor (GEF) of the cellular factor C90RF72 to regulate autophagy. Additionally, studies have shown that RAB8A interacts with autophagy receptor P62 and other proteins."
"Autophagy_dependent_cell_death","RAB25","RAB25, member RAS oncogene family","ENSG00000132698.15","protein_coding",22253197,"RAB25 participates in Autophagy by reducing the volume of intracellular lysosomes to delay the start of autophagy. Cells expressing RAB25 maintain higher levels of ATP and glycogen under conditions of nutrient deprivation, which may allow cancer cells to resist bioenergetic stress and protect their survival, while also delaying autophagy induction."
"Autophagy_dependent_cell_death","RALB","RAS like proto-oncogene B","ENSG00000144118.14","protein_coding",24056301,"RALB is shown to be involved in autophagy by promoting the formation of autophagosomes through interaction with EXO84. Nutrient starvation leads to accumulation and relocalization of USP33, which deubiquitylates RALB and promotes the assembly of the RALB-EXO84-beclin-1 complexes driving autophagosome formation."
"Autophagy_dependent_cell_death","RETREG1","reticulophagy regulator 1","ENSG00000154153.15","protein_coding",32559118,"RETREG1 is an ER-resident receptor that promotes reticulophagy by binding to LC3 . The study found that RETREG1 participates in removing the adaptors that trigger mitophagy (AMFR) and regulates the turnover of organelles between mitochondria and the ER."
"Autophagy_dependent_cell_death","RETREG3","reticulophagy regulator family member 3","ENSG00000141699.11","protein_coding",36044577,"RETREG3 activation during starvation is controlled by CK2-dependent phosphorylation, and mTORC1 inhibition during starvation limits RETREG3 phosphorylation by CK2, promoting receptor activation and ER-phagy. Additionally, the activation of RETREG3 during starvation was used in the study to induce ER-phagy and measure the physiological relevance of RETREG3 phosphorylation on the liver lipid metabolism of mice."
"Autophagy_dependent_cell_death","RIPK2","receptor interacting serine/threonine kinase 2","ENSG00000104312.8","protein_coding",36628446,"IRGM moderates NODs-RIPK2-NFKB by targeting RIPosomes for SQSTM1-dependent autophagic degradation. By degrading RIPosomes, NODs and RIPK2, IRGM suppresses the NODs-RIPK2-NFKB pro-inflammatory pathway, moderating inflammatory responses and preventing potential tissue damage."
"Autophagy_dependent_cell_death","RMC1","regulator of MON1-CCZ1","ENSG00000141452.10","protein_coding",29038162,"The absence of RMC1 affects the steady-state and selective autophagy, and suppresses Autophagic flux. The study results indicate that RMC1 is an important cell membrane protein that participates in the process of intracellular waste removal. In particular, under normal conditions, Autophagic flux in cells is regulated by RMC1. Through the use of the RFP-GFP-LC3B method and siRNA to eliminate RMC1 expression, the researchers confirmed that RMC1 is an Autophagy-related protein under both nutrient-replete and starvation conditions, and can be used to regulate the normal function of cell autophagy."
"Autophagy_dependent_cell_death","RNF41","ring finger protein 41","ENSG00000181852.18","protein_coding",31213539,"RNF41 can regulate the stability and activity of Parkin. DNA damage also leads to monoubiquitination of SIP protein, at which point RNF41 can connect BRUCE with ubiquitin, inducing the degradation of BRUCE protein and promoting apoptosis."
"Autophagy_dependent_cell_death","RRAGB","Ras related GTP binding B","ENSG00000083750.13","protein_coding",29940807,"RRAGB is related to autophagy through the activation of the MTORC1-TFEB signaling pathway. RRAGB is a protein associated with the activation of MTOR and MTORC1. When sufficient nutrients and growth factors are present, RRAGB binds to MTORC1 and enriches MTOR in lysosomes."
"Autophagy_dependent_cell_death","RRAGC","Ras related GTP binding C","ENSG00000116954.8","protein_coding",25046117,"The yeast homolog of RRAGC, Gtr1-Gtr2, was found to be one of the upstream regulators of TORC1 and autophagy. Gtr1-Gtr2 is a heterodimeric G protein that can interact with the Npr2-Npr3 complex. Under nutrient-starvation-induced autophagy conditions, Npr2-Npr3 promotes GTP hydrolysis of Gtr1 and direct binding of Gtr2 to Kog1, leading to the conversion of Gtr1-Gtr2 from the GTP-bound to the GDP-bound state, thereby inhibiting TORC1 and inducing autophagy."
"Autophagy_dependent_cell_death","RRAGD","Ras related GTP binding D","ENSG00000025039.15","protein_coding",30145926,"Under conditions of amino acid starvation, TFEB promotes the expression of endocytic genes and increases rates of cellular endocytosis, driving the assembly of MTORC1-containing endosomes. These endosomes carry associated proteins such as RRAGD and activate AKT, enabling MTORC1 activation on endolysosomal membranes, which regulates autophagy and lysosomal biogenesis and other cellular metabolic processes."
"Autophagy_dependent_cell_death","RUFY4","RUN and FYVE domain containing 4","ENSG00000188282.13","protein_coding",26760128,"RUFY4 is a positive regulator of autophagy, which plays a facilitating role in preventing bacterial infection and assists in the immune response to endogenous antigens. This gene is an example of specific factors restricting autophagy regulation in multicellular organisms beyond the study of starvation-induced autophagy in yeast. RUFY4 has been shown to act at different biochemical steps of the process involving PtdIns3P generation, RAB7, and STX17 recruitment, to facilitate autophagosome formation and increase flux. "
"Autophagy_dependent_cell_death","SCFD1","sec1 family domain containing 1","ENSG00000092108.22","protein_coding",34785650,"SCFD1 is found to be a crucial protein required for the formation of the SNARE complex and the fusion of Autophagosome with Lysosome. When VAMP8 is dephosphorylated, it promotes the recruitment of SCFD1 protein to autolysosomes, thus affecting the progress of Autophagy."
"Autophagy_dependent_cell_death","SEC22B","SEC22 homolog B, vesicle trafficking protein","ENSG00000265808.4","protein_coding",37151129,"SEC22B plays an important role in secretory autophagy. SEC22B is a SNARE protein that participates in vesicle and membrane fusion of secretory autophagy. Knockdown of SEC22B expression decreases TIMP1 secretion together with decreased cell motility. Meanwhile, SEC22B also positively associates with LC3-II level, LC3 puncta, RAB37-LC3 colocalization, and TIMP1 secretion."
"Autophagy_dependent_cell_death","SESN1","sestrin 1","ENSG00000080546.14","protein_coding",27118659,"Mutations in the TP53 gene inhibit autophagy and promote tumor growth, while GOF mutant p53 represses the expression of key autophagy-related proteins and enzymes including SESN1/2, BECN1, DRAM1, ATG12, and P-AMPK, and simultaneously stimulates mTOR signaling, suppressing the formation and fusion of autophagic vesicles with lysosomes."
"Autophagy_dependent_cell_death","SESN3","sestrin 3","ENSG00000149212.12","protein_coding",27979659,"SESN3 is considered to be an important factor in promoting Autophagy in PASMCs cells under the activation of FOXO1-dependent pathway by Quercetin in this paper. Quercetin can suppress mTOR activity by increasing SESN3 expression and utilizes Autophagy mechanism to help PASMCs to recover the energy and substances required under low oxygen conditions. These functions are all to avoid abnormal proliferation and death of PASMCs, which is necessary for the development of PAH."
"Autophagy_dependent_cell_death","SLC38A9","solute carrier family 38 member 9","ENSG00000177058.12","protein_coding",29053970,"SLC38A9 helps cells lacking free amino acids to release various essential amino acids from lysosomes, maintaining amino acid homeostasis. In addition, SLC38A9 has been found to participate in the formation of autophagosomes and mTORC1 signaling pathway in HEK293T cells and other cells, maintaining cell growth and metabolic balance by regulating the autophagy process."
"Autophagy_dependent_cell_death","SMCR8","SMCR8-C9orf72 complex subunit","ENSG00000176994.11","protein_coding",27617292,"C9ORF72 forms a multi-protein complex containing SMCR8, WDR41, and ATG101, and the complex displays guanosine triphosphatase (GTPase) activity and acts as a guanosine diphosphate-guanosine 5¡ä-triphosphate (GDP-GTP) exchange factor (GEF) for RAB39B. Smcr8 knockout cells exhibit impaired autophagy induction, similarly to C9orf72 knockdown cells. SMCR8/C9ORF72 interacts with the key autophagy initiation ULK1 complex and regulates expression and activity of ULK1. Additionally, the complex also plays a role in regulating later stages of autophagy. Knockdown of C9orf72 enhances autophagic flux, while depletion of Smcr8 results in reduced flux with abnormal expression of lysosomal enzymes."
"Autophagy_dependent_cell_death","SMG1","SMG1 nonsense mediated mRNA decay associated PI3K related kinase","ENSG00000157106.18","protein_coding",20427287,"According to the document SMG1 is a member of the PIKK family and is associated with autophagy through regulating the stability of mTORC1 and mTORC2 complexes. TIT1, as an interacting partner of SMG-1, can bind to TEL2, assisting it to stably bind to PIKK family proteins. Further results indicate that TIT1 and TEL2 are both critical for the assembly and maintenance of the activity of mTORC1 and mTORC2 complexes."
"Autophagy_dependent_cell_death","SNRNP70","small nuclear ribonucleoprotein U1 subunit 70","ENSG00000104852.15","protein_coding",25719862,"It was found that P140 peptide selectively inhibits chaperone-mediated autophagy (CMA) by binding to SNRNP70 (also known as U1-70K) protein and interfering with the binding to HSPA8 of cochaperones, ligands, and client proteins. SNRNP70 is an early member of the SNRNP and is a component of a small nuclear ribonucleoprotein particle."
"Autophagy_dependent_cell_death","SNX5","sorting nexin 5","ENSG00000089006.17","protein_coding",33328639,"SNX5 is an essential factor for virus-induced autophagy. SNX5 interacts with the PI3KC3 complex 1, increases the lipid kinase activity of purified PI3KC3-C1, and is required for endosomal generation of PtdIns(3)P and recruitment of WIPI2 to virion-containing endosomes. Knockdown or knockout of SNX5 increased cellular susceptibility to viral infection and decreased autophagy induction by a broad range of viral pathogens."
"Autophagy_dependent_cell_death","SNX6","sorting nexin 6","ENSG00000129515.20","protein_coding",32397873,"SNX6 is implicated in autophagy through its involvement in lysosomal biogenesis. The knockdown studies in the research revealed that SNX6 deficiency impacts both lysosomal activity and autophagic function. Additionally, the interaction of SNX6 with other endoplasmic reticulum-associated proteins such as VAMP7 and ATG9A further supports its role in autophagy."
"Autophagy_dependent_cell_death","SREBF1","sterol regulatory element binding transcription factor 1","ENSG00000072310.18","protein_coding",34455909,"In hepatic steatosis, SREBF1 increases lipid synthesis via the direct activation of lipogenic genes at the transcriptional level and inhibits lipid catabolism through the activation of Mir216a, which decreases CTH-H2S signaling and ULK1-stimulated autophagy. In a high-fat diet-induced liver steatosis model, SREBF1 directly upregulates Mir216a transcription, which inhibits CTH/CSE expression and its function in hydrogen sulfide (H2S) production. The reduced H2S production suppresses the sulfhydration of ULK1, consequently inhibiting autophagic flux and lipid droplet turnover."
"Autophagy_dependent_cell_death","STAT3","signal transducer and activator of transcription 3","ENSG00000168610.16","protein_coding",23084476,"STAT3 is involved in autophagy by inhibiting it through binding to PKR, which leads to the inhibition of eIF2a phosphorylation, necessary for autophagy induced by multiple stimuli. The cytoplasmic pool of STAT3 can regulate the level of autophagy, and starvation-induced autophagy is inhibited by STAT3 overexpression, but stimulated by genetic inhibition of STAT3."
"Autophagy_dependent_cell_death","STBD1","starch binding domain 1","ENSG00000118804.9","protein_coding",34059679,"STBD1 inhibits tumor growth by regulating glycogen metabolism in cells. Meanwhile, they discovered that STBD1 is the cargo receptor for glycogen autophagy, which is responsible for transporting glycogen into the lysosome to produce non-phosphorylated glucose. "
"Autophagy_dependent_cell_death","STING1","stimulator of interferon response cGAMP interactor 1","ENSG00000184584.14","protein_coding",34338134,"Foot-and-mouth disease virus (FMDV) infection leads to the degradation of STING1 through autophagy, indicating that induction of autophagy by STING1 may be a conserved mechanism that cells respond to both DNA and RNA viruses. The study also shows that the EIF2AK3-mediated integrated stress response is upstream of autophagy, and STING1 is required for its activation during FMDV infection. STING1 deficiency increases the sensitivity of cells to several RNA viruses, including vesicular stomatitis virus (VSV), dengue virus (DENV), and West Nile virus (WNV), indicating that STING1 also modulates cellular responses to RNA virus infection."
"Autophagy_dependent_cell_death","TBC1D25","TBC1 domain family member 25","ENSG00000068354.16","protein_coding",26902585,"TBC1D25 is related to Autophagy through its localization in phagophores and its interaction with LC3. Although TBC1D25 possesses LRS, it is not degraded by Autophagy. The lack of oligomerization to other molecules is one of the reasons why TBC1D25 is resistant to Autophagy degradation. However, non-oligomerized TBC1D25 mutants become Autophagy substrates when TBC1D25 is forcibly oligomerized."
"Autophagy_dependent_cell_death","TEX264","testis expressed 264, ER-phagy receptor","ENSG00000164081.13","protein_coding",33726628,"TEX264 is related to autophagy by acting as a receptor that facilitates the trafficking of specific cargo for autophagy during nutrient starvation. Its role in autophagy is to promote the degradation of many ER membrane and lumenal proteins upon nutrient starvation. TEX264 is also related to autophagy in its potential overlap with DNA repair."
"Autophagy_dependent_cell_death","TMEM150B","transmembrane protein 150B","ENSG00000180061.10","protein_coding",27046253,"TMEM150B can modulate autophagy in unstressed cells and promote mitophagy. Its regulation on autophagy is independent of the cell death mechanism. TMEM150B/DRAM3 may regulate cell survival and autophagy through independent processes."
"Autophagy_dependent_cell_death","TMEM39A","transmembrane protein 39A","ENSG00000176142.13","protein_coding",31806350,"TMEM39A/SUSR2 is associated with autophagy regulation. The authors demonstrated that SUSR2 acts as an adaptor protein for the ER exit of the PtdIn(4)P phosphatase SAC1 and modulates the PtdIn(4)P level on late endosomes/lysosomes, which promotes the recruitment of the HOPS complex for autophagosome maturation. Depletion of SUSR2 promotes autophagy and enhances the degradative capacity of lysosomes. SUSR2 interacts with both SAC1 and the COPII SEC23/SEC24 subunits to facilitate the transport of SAC1 from the ER to the Golgi. Retention of SAC1 on the ER promotes autophagosome initiation."
"Autophagy_dependent_cell_death","TOMM7","translocase of outer mitochondrial membrane 7","ENSG00000196683.12","protein_coding",24270810,"TOMM7 is an important member of the protein translocase of the outer mitochondrial membrane complex, which can stabilize PINK1 on the outer membrane of damaged mitochondria and promote selective mitophagy by recruiting parkin. Deletion or knockdown of TOMM7 gene can result in translocation deficits of parkin, which hinders the transportation of phagosomes and degradation of mitochondria."
"Autophagy_dependent_cell_death","TREM2","triggering receptor expressed on myeloid cells 2","ENSG00000095970.17","protein_coding",28802038,"Microglia in AD patients with TREM2 risk variants and TREM2-deficient mice with AD-like pathology have abundant autophagic vesicles that can be altered through signaling pathways similar to TREM2-DAP12 and cyclocreatine. In addition, TREM2 enables microglial responses during AD by sustaining cellular energetic and biosynthetic metabolism. TREM2 sustains cell energetic and biosynthetic metabolism through the mTOR signaling pathway and promotes the function of these pathways by activating Dectin-1 and cyclocreatine."
"Autophagy_dependent_cell_death","TRIM14","tripartite motif containing 14","ENSG00000106785.15","protein_coding",27666593,"TRIM14 can stabilize cGAS by inhibiting its degradation in the Autophagosome. TRIM14 can prevent cGAS from entering the Autophagosome by blocking the interaction between cGAS and LC3."
"Autophagy_dependent_cell_death","TRIM27","tripartite motif containing 27","ENSG00000204713.11","protein_coding",35670107,"TRIM27 helps maintain basal levels of autophagy by ubiquitinating and promoting the proteasomal degradation of ULK1, thereby limiting the amplitude and duration of autophagy. Secondly, during stress-induced autophagy, TRIM27 catalyzes non-degradative ubiquitination of STK38L, which activates and phosphorylates ULK1, rendering it susceptible to TRIM27-mediated hyper-ubiquitination. This cooperation serves to limit the amplitude and duration of autophagy. "
"Autophagy_dependent_cell_death","TRIM38","tripartite motif containing 38","ENSG00000112343.11","protein_coding",27637147,"In early viral infection, TRIM38 catalyzes the SUMOylation of cGAS and STING, enhancing the stability of these two proteins, thereby preventing polyubiquitination and degradation of cGAS and promoting both its activation and protein stability. However, in the late phase of infection, cGAS and STING are desumoylated by Senp2, leading to their degradation via proteasomal and chaperone-mediated autophagy pathways."
"Autophagy_dependent_cell_death","TRIM6","tripartite motif containing 6","ENSG00000121236.21","protein_coding",29895192,"TRIM6 can bind to ATG5, promote the covalent linkage of ATG5-ATG12 and thus promote the formation of autophagosomes. In addition, studies have found that overexpression of TRIM6 can significantly reduce the expression of PRKN and decrease the binding of PRKN with its substrates, thereby reducing the PRKN-mediated autophagy process."
"Autophagy_dependent_cell_death","TSPO","translocator protein","ENSG00000100300.18","protein_coding",25470454,"TSPO inhibits mitochondrial autophagy downstream of the PINK1-PARK2 pathway, preventing essential ubiquitination of proteins, leading to an accumulation of dysfunctional mitochondria and an accumulation of ROS. TSPO also limits the autophagic sequestration of non-respiring organelles by abolishing SQSTM1/p62 and LC3 activation, resulting in the accumulation of dysfunctional mitochondria. Dysregulation of TSPO within the mitochondrial cell network causes excess ROS accumulation and functional disruption of the mitochondria."
"Autophagy_dependent_cell_death","UBA5","ubiquitin like modifier activating enzyme 5","ENSG00000081307.15","protein_coding",30990354,"LIR/UFIM motif of UBA5 protein has a specific amino acid sequence feature that interacts with GABARAP proteins, which are ubiquitin-like proteins (UBLs) of the Atg8/LC3/GABARAP family. These proteins are covalently linked to phosphatidylethanolamine (PE) and incorporate into the inner and outer membrane of the double-membrane autophagosome."
"Autophagy_dependent_cell_death","UBQLN2","ubiquilin 2","ENSG00000188021.9","protein_coding",32513711,"UBQLN2 also has a function in regulating autophagy among the protein family. However, ALS/FTD mutant UBQLN2 protein would compromise this function, leading to a reduction in autophagic flux and autophagosome acidification. This effect was caused by a loss of UBQLN2 function that was not present in the wild type protein."
"Autophagy_dependent_cell_death","UBQLN4","ubiquilin 4","ENSG00000160803.8","protein_coding",30804504,"UBQLN4 was found to play an important role in autophagy regulation and neuronal maintenance. By performing a triple knockdown of UBQLN1, UBQLN2, and UBQLN4 in Daoy medulloblastoma cells, it was found that UBQLN4 has an important regulatory role in lysosomal degradation, and its loss leads to the accumulation of p62 protein and reduced LysoTracker staining."
"Autophagy_dependent_cell_death","UCHL1","ubiquitin C-terminal hydrolase L1","ENSG00000154277.13","protein_coding",24879150,"UCHL1 is a deubiquitinating enzyme that regulates protein deubiquitination, and Autophagy is a process of clearing intracellular protein garbage and damaged organelles. The study found that the deficiency of UCHL1 would weaken the function of Autophagy, leading to an increase in IAPP toxicity level in the body, resulting in impaired insulin release."
"Autophagy_dependent_cell_death","UFC1","ubiquitin-fold modifier conjugating enzyme 1","ENSG00000143222.12","protein_coding",33578803,"UFC1 mediates the degradation of UFMylated substrate proteins and is involved in the process of ER-phagy. This means that the presence of UFC1 can promote the degradation and utilization of damaged proteins and organelles in cells through the autophagy mechanism."
"Autophagy_dependent_cell_death","UFL1","UFM1 specific ligase 1","ENSG00000014123.10","protein_coding",36543799,"UFL1 is involved in autophagy by acting as an ER-associated E3 ligase, inducing ufmylation of RPL26 and participating in different biological processes through related autophagy processes. UFL1 participates in autophagy by forming complexes with other proteins in the cell, such as participating in the ufmylation of CYB5R3 in combination with UFBP1 and CDK5RAP3 and triggering ER-phagy on the ER making UFL1's ufmylation-mediated response crucial for activating and regulating autophagy."
"Autophagy_dependent_cell_death","UFM1","ubiquitin fold modifier 1","ENSG00000120686.12","protein_coding",36543799,"UFM1 is involved in regulating biological processes such as endoplasmic reticulum-associated protein degradation, ribosome-associated protein quality control, and autophagy through the covalent conjugation of UFM1 with intracellular proteins via UFMylation. The study identifies CYB5R3 as a UFM1 substrate and shows that UFMylation of CYB5R3 induces ER-phagy, a process that is essential for brain development. The UFMylation of CYB5R3 is regulated by the E3 components UFL1 and UFBP1 on the ER and depends on the autophagy-related protein Atg7 and the autophagy-adaptor protein CDK5RAP3."
"Autophagy_dependent_cell_death","USP36","ubiquitin specific peptidase 36","ENSG00000055483.20","protein_coding",22622177,"USP36 plays a role in selective autophagy activation in Drosophila and human cells. Mutations in USP36 can result in autophagy activation and the appearance of ubiquitinated nuclear aggregates, including histone H2B, and cytoplasmic ubiquitinated aggregates. This study identified the crucial role of a deubiquitinating enzyme in selective autophagy inhibition."
"Autophagy_dependent_cell_death","VDAC1","voltage dependent anion channel 1","ENSG00000213585.11","protein_coding",32047033,"Polyubiquitination of VDAC1 mediated by Parkin can promote mitophagy, while monoubiquitination of VDAC1 can inhibit apoptosis. When mitochondria are stimulated by damage, apoptosis is inhibited and mitophagy is promoted by increasing poly- and monoubiquitination of VDAC1."
"Autophagy_dependent_cell_death","VPS13C","vacuolar protein sorting 13 homolog C","ENSG00000129003.19","protein_coding",26942284,"Silencing VPS13C resulted in mitochondrial dysfunction, increased mitophagy, and transcriptional upregulation of PINK1/Parkin-dependent mitophagy in cell models. In addition, the article also discusses the widespread involvement of VPS13C in various intracellular trafficking."
"Autophagy_dependent_cell_death","VPS13D","vacuolar protein sorting 13 homolog D","ENSG00000048707.15","protein_coding",34459871,"VPS13D regulates mitophagy through a pathway that depends on the core autophagy machinery by regulating Atg8a and ubiquitin localization, and is also related to Pink1. Loss of Pink1 has similar autophagy and mitochondrial defects as loss of VPS13D. However, loss of Parkin does not exhibit the same autophagy and mitochondrial deficiencies as VPS13D and Pink1 mutant cells, instead contributes to mitochondrial clearance through a pathway that is parallel to VPS13D."
"Autophagy_dependent_cell_death","MIR320A","microRNA 320a","ENSG00000208037.1","miRNA",34112145,"Overexpression of LINC00963 can upregulate proteins related to autophagy, such as GRP78, p-IRE1, XBP-1, Bax, cleaved caspase 3, Beclin1, and LC3II, while MIR320A mimic can weaken the regulation of LINC00963 on these proteins."
"Autophagy_dependent_cell_death","MIR325","microRNA 325","ENSG00000207995.1","miRNA",24531537,"The expression of miR-325 is upregulated during anoxia/reoxygenation and ischemia/reperfusion, and initiates the autophagic program by targeting ARC."
"Autophagy_dependent_cell_death","MIR330","microRNA 330","ENSG00000284544.1","miRNA",30269356,"MiR-330-3p levels are significantly reduced during IRI, and it interacts with phosphoglycerate mutase family member 5 to regulate mitophagy."
"Autophagy_dependent_cell_death","MIR335","microRNA 335","ENSG00000199043.1","miRNA",34699311,"MiR-335-5p can alleviate inflammatory response, airway fibrosis, and autophagy in childhood asthma through targeted regulation of ATG5."
"Autophagy_dependent_cell_death","MIR34A","microRNA 34a","ENSG00000284357","miRNA",30098504,"CircRNA.2837, as a sponge for the miR-34 family, can regulate neuronal autophagy by directly targeting members of the miR-34 family such as miR-34a, thereby protecting neurons from injury."
"Autophagy_dependent_cell_death","MIR34A","microRNA 34a","ENSG00000284357.1","miRNA",24418846,"MIR34A suppresses autophagy by regulating HMGB1 expression. When MIR34A expression is upregulated, the autophagy pathway is inhibited, resulting in increased sensitivity to chemotherapy treatment."
"Autophagy_dependent_cell_death","MIR34C","microRNA 34c","ENSG00000207562","miRNA",27097054,"MIR34c-5p inhibits autophagy by reducing the level of ATG4B, and enhances the cytotoxicity of THP to cervical cancer cells.targeting autophagic response could improve the therapeutic effect of THP."
"Autophagy_dependent_cell_death","MIR372","microRNA 372","ENSG00000199095.1","miRNA",24991827,"MIR-373 is related to autophagy. MIR-373 can regulate autophagy by inhibiting the expression of METTL3 and releasing TFEB. CREB can alleviate autophagic blockage and cell apoptosis by regulating the expression of MIR-373, thus relieving osteoarthritis injury."
"Autophagy_dependent_cell_death","MIR373","microRNA 373","ENSG00000199143.1","miRNA",35756079,"MiR-373 is a key regulating factor that directly targets METTL3 and facilitates the release of specific proteins (TFEB) that maintain the survival and autophagy levels of chondrocytes."
"Autophagy_dependent_cell_death","MIR374A","microRNA 374a","ENSG00000199168.3","miRNA",22356768,"MIR374A expression is related to autophagic pathways, as it affects the regulation of autophagy by modulating SQSTM1 expression. the expression level of MIR374A is downregulated in non-small cell lung cancer tissues, which leads to the upregulation of autophagy-related proteins in cells."
"Autophagy_dependent_cell_death","MIR375","microRNA 375","ENSG00000198973.4","miRNA",22929050,"Autophagy facilitates the survival of liver cancer cells exposed to hypoxia, but downregulated MIR375 inhibits autophagy activation under hypoxic conditions, which restricts tumour growth. Restoring MIR375's function impairs tumour cell viability, suppresses mitophagy, and hence retards tumour growth."
"Autophagy_dependent_cell_death","MIR376A1","microRNA 376a-1","ENSG00000283588","miRNA",24358205,"MIR376A overexpression blocked autophagy in breast cancer and liver carcinoma cells, while its deficiency resulted in an increase in autophagic activity. "
"Autophagy_dependent_cell_death","MIR376B","microRNA 376b","ENSG00000283556.1","miRNA",22248718,"MIR376B inhibits the process of autophagy by regulating the expression levels of ATG4C and BECN1.MIR376B is a new regulator of the autophagy pathway."
"Autophagy_dependent_cell_death","MIR378A","microRNA 378a","ENSG00000199047.3","miRNA",31748917,"MiR-378a-3p plays an important role in apoptosis and autophagy by promoting autophagy through inhibiting phosphoinositide-dependent kinase-1 (PDK1) and contributing to the removal of abnormal mitochondria in skeletal muscle . The absence of miR-378a-3p leads to the accumulation of abnormal swollen mitochondria in muscles, indicating its positive role in supporting mitochondrial metabolism and autophagy ."
"Autophagy_dependent_cell_death","MIR421","microRNA 421","ENSG00000202566.4","miRNA",32818653," K73-03 can regulate SPINK1 transcription by up-regulating MIR421, leading to down-regulation of the expression of autophagy regulator Beclin-1 and the occurrence of autophagy. Furthermore, K73-03 can inhibit the growth of pancreatic cancer cells and induce apoptosis by inducing autophagy and mitochondrial damage."
"Autophagy_dependent_cell_death","MIR423","microRNA 423","ENSG00000283935.1","miRNA",25782064,"MIR423-5p was validated as a positive regulator of autophagy in hepatocellular carcinoma (HCC) cell lines following Sorafenib treatment.upregulation was both in vitro and in vivo by Sorafenib treatment, and its increase correlated with response to therapy. HCC cells transfected with MIR showed an increase in autophagic cells, and therefore may be useful in the sensitisation of HCC cells to Sorafenib."
"Autophagy_dependent_cell_death","MIR4459","microRNA 4459","ENSG00000265421.1","miRNA",25437332,"MiR-4459 is a downstream target gene of FLJ11812. Additionally, miR-4459 also regulates the protein level of ATG13 and indirectly regulates its expression through FLJ11812."
"Autophagy_dependent_cell_death","MIR451A","microRNA 451a","ENSG00000284565","miRNA",25209900,"MIR451 is a miRNA related to hypertrophic cardiomyopathy (HCM) and plays a role in HCM by regulating autophagy.  down-regulation of MIR451 is associated with HCM, but ectopic overexpression of MIR451 can decrease the size of cardiomyocytes."
"Autophagy_dependent_cell_death","MIR484","microRNA 484","ENSG00000283736.1","miRNA",35195252,"MIR484 regulates mitochondrial network by targeting Fis1.MIR484 regulates mitochondrial biogenesis, function, and fission and participates in regulating gene expression, such as FoxO transcription factors. MIR484 is thus linked to autophagy through these mechanisms."
"Autophagy_dependent_cell_death","MIR502","microRNA 502","ENSG00000272080.1","miRNA",22580605,"MIR502 plays a role in regulating Autophagy by inhibiting the key mediator Rab1B, inhibiting the growth of colon cancer cells."
"Autophagy_dependent_cell_death","MIR503","microRNA 503","ENSG00000208005.1","miRNA",29568867,"MIR503 can regulate the occurrence of autophagy through the PKA/mTOR signaling pathway. MIR503 triggers autophagy by targeting the PRKACA protein, thereby preventing the proliferation and metastasis of esophageal squamous cell carcinoma cells."
"Autophagy_dependent_cell_death","MIR519A1","microRNA 519a-1","ENSG00000207992","miRNA",29843746,"MiR-519a could induce autophagy by inhibiting the STAT3/Bcl-2 pathway, which promoted chemotherapy-induced cell death."
"Autophagy_dependent_cell_death","MIR615","microRNA 615","ENSG00000207571.1","miRNA",35712750,"Through bioinformatics analysis of the TCGA database, MIR615 was negatively correlated with the expression of MICA and MICB, and might be one of the regulatory factors of these genes."
"Autophagy_dependent_cell_death","MIR630","microRNA 630","ENSG00000283798.1","miRNA",22356768,"MIR630 is one of the autophagy-related microRNAs, which regulates the expression of autophagy-related proteins and participates in the regulation of cell response to chemotherapy drugs."
"Autophagy_dependent_cell_death","MIR7-1","microRNA 7-1","ENSG00000284179","miRNA",33099538,"The highly expressed ciRS-7/low levels of miR-7 significantly increased expression of the autophagy-related gene Beclin1 and, furthermore, large amounts of ciRS-7/low levels of miR-7 inhibited the conversion of LC3 to LC3-II and lowered autophagy."
"Autophagy_dependent_cell_death","MIR877","microRNA 877","ENSG00000216101.3","miRNA",30957640,"MIR877-3P can protect vascular endothelial cells from high glucose-induced autophagy, thereby reducing endothelial cell damage."
"Autophagy_dependent_cell_death","MIR885","microRNA 885","ENSG00000216135.3","miRNA",33510458,"MIR885 is a miRNA that regulates TIGAR expression and promotes liver cancer cell proliferation and cell cycle while inhibiting apoptosis and autophagy, enhancing resistance to chemotherapy."
"Autophagy_dependent_cell_death","MIR93","microRNA 93","ENSG00000207757.1","miRNA",30654687,"MIR93 is differentially expressed in Proneural (PN) and Mesenchymal (MES) subtypes, with higher levels in PN GBM, which is associated with better survival for GBM patients. "
"Autophagy_dependent_cell_death","MIR95","microRNA 95","ENSG00000207807.1","miRNA",25524633,"MIR877-3P and MIR5680 were one of the important factors affecting autophagy and apoptosis. MIR877-3P and MIR5680 increased the activity of VECs autophagy and apoptosis by suppressing the expression of CTNNBIP1 and DPP4. At the same time, MIR5680 can also inhibit the phosphorylation of AMPK by inhibiting the expression of DPP4, thereby further regulating the autophagy process of VECs."
"Autophagy_dependent_cell_death","MIR96","microRNA 96","ENSG00000199158.1","miRNA",30345998,"The expression of the autophagy signaling molecule mTOR decreases as a result of TiO2 NPs, and miR-96-5p is one of the regulating factors. When the expression of miR-96-5p increases, it targets mTOR and regulates its expression, triggering autophagy in the cells. In addition, miR-96-5p can also target Bcl-2 and affect cell apoptosis."
"Autophagy_dependent_cell_death","MIR99A","microRNA 99a","ENSG00000207638.1","miRNA",33931593,"MIR99AHG promotes autophagy by binding to ANXA2 and targeting mTOR, thus synergistically delaying Lung Adenocarcinoma progression."
"Autophagy_dependent_cell_death","miR-UL148D","","","miRNA",24737391,"MIRUL148D is related to autophagy. It can inhibit ER-induced autophagy and apoptosis by binding to the 30UTR region of the ERN1 gene. Furthermore,MIRUL148D can regulate two different cellular mechanisms that the virus manipulates."
"Autophagy_dependent_cell_death","miR-UL70-3p","","","miRNA",24737391,"The mechanism of how MIRUL70 is related to autophagy is through inhibiting the intrinsic apoptosis pathway induced by mitochondrial dysfunction . MIRUL70 inhibits mitochondrial fission and programmed cell death by targeting MOAP1, an apoptosis-related protein."
"Autophagy_dependent_cell_death","ARNT","aryl hydrocarbon receptor nuclear translocator","ENSG00000143437.21","protein_coding",34884933,"The prenatal exposure to triclocarban reduces the protein expression levels of CAR, ARNT, and MAP1LC3AB in the brain of mice. ARNT is an aryl hydrocarbon receptor nuclear translocator, while CAR is a gene-activating transcription factor."
"Autophagy_dependent_cell_death","ATG16L2","autophagy related 16 like 2","ENSG00000168010.11","protein_coding",35239457,"Although ATG16L2 is homologous to ATG16L1, the two proteins differ in structure. ATG16L2 interacts with other proteins involved in Autophagy, but it does not participate in LC3 lipidation during Autophagosome formation. Instead, ATG16L2 may act as a potential competitive inhibitor of ATG16L1. "
"Autophagy_dependent_cell_death","ATIC","5-aminoimidazole-4-carboxamide ribonucleotide formyltransferase/IMP cyclohydrolase","ENSG00000138363.15","protein_coding",34803509,"ATIC inhibits autophagy through the AKT/FOXO3 pathway and promotes the progression of liver cancer in vitro and in vivo."
"Autophagy_dependent_cell_death","BAG1","BAG cochaperone 1","ENSG00000107262.26","protein_coding",21681022,"BAG1 is mentioned as a co-chaperone of BAG3. The switching of BAG1/BAG3 is considered a physiological adaptation to changing protein degradation demands during aging and protein aggregation disorders. "
"Autophagy_dependent_cell_death","BAK1","BCL2 antagonist/killer 1","ENSG00000030110.14","protein_coding",32804012,"BAK1 is related to autophagy.BAK1 physically interacts with ATG18a and can phosphorylate it, thereby suppressing plant autophagy and compromising plant resistance against necrotrophic pathogens such as B. cinerea, negatively regulating plant immune responses."
"Autophagy_dependent_cell_death","BID","BH3 interacting domain death agonist","ENSG00000015475.19","protein_coding",31767857,"BID is a key role in entering RCD. BID may directly participate in the downregulation of autophagy, and BID inhibition can partially protect cancer cells from the effects of BSB-induced cell death."
"Autophagy_dependent_cell_death","BNIP1","BCL2 interacting protein 1","ENSG00000113734.18","protein_coding",35266227,"In patient cells carrying a pathogenic variant, the function of BNIP1 was reduced, leading to impaired autophagy function. This may be due to the role of BNIP1 in another stage of autophagy-fusion of autophagosomes and lysosomes."
"Autophagy_dependent_cell_death","FAM215A","family with sequence similarity 215 member A","ENSG00000267496.4","lncRNA",32264916,"FAM215A is an autophagy-related gene (ARG) that is associated with autophagy . FAM215A is one of the five genes used to construct the overall survival (OS) prediction model."
"Autophagy_dependent_cell_death","CANX","calnexin","ENSG00000127022.16","protein_coding",35266843,"CANX plays an important role in the leucine-stimulated MTORC1 pathway which is related to autophagy."
"Autophagy_dependent_cell_death","CAPN2","calpain 2","ENSG00000162909.18","protein_coding",35986214,"CAPN2 is related to autophagy in this paper. sustained over-expression of Calpain-2 can induce cardiac pathology, including dilated cardiomyopathy, which is age-dependent and closely related to aberrant autophagy."
"Autophagy_dependent_cell_death","CASP4","caspase 4","ENSG00000196954.14","protein_coding",30165781,"CASP4 positively regulates autophagosome formation and trafficking to lysosomes in murine macrophages, which is important for the restriction of Burkholderia cenocepacia and the release of cytokines."
"Autophagy_dependent_cell_death","CCR2","C-C motif chemokine receptor 2","ENSG00000121807.7","protein_coding",22223213,"The CCR2/MCP-1 pathway and autophagy can interact, participating in the pathogenesis of cardiovascular diseases."
"Autophagy_dependent_cell_death","CD46","CD46 molecule","ENSG00000117335.21","protein_coding",19837375," CD46 can induce autophagy, even in the absence of pathogens, as engagement of CD46 alone is sufficient to promote autophagy."
"Autophagy_dependent_cell_death","CTSB","cathepsin B","ENSG00000164733.22","protein_coding",27786577,"CTSB was found to play a negative regulatory role in maintaining the number and size of lysosomes and autophagosomes within a cell."
"Autophagy_dependent_cell_death","CX3CL1","C-X3-C motif chemokine ligand 1","ENSG00000006210.7","protein_coding",30531011,"Ischemia-induced neuronal autophagy can decrease the expression levels of CX3CL1/fractalkine, which can induce microglial inflammatory injury. Under the suppression of autophagy signals, the expression level of CX3CL1 was significantly restored, and the expression level of inflammatory signaling was significantly reduced."
"Autophagy_dependent_cell_death","DIRAS3","DIRAS family GTPase 3","ENSG00000162595.8","protein_coding",34667114,"DIRAS3 is an important tumor suppressor gene and has the function of inducing autophagy which is a metabolic pathway for cells when nutrient conditions are poor."
"Autophagy_dependent_cell_death","DLC1","DLC1 Rho GTPase activating protein","ENSG00000164741.15","protein_coding",31773748,"DLC1 inhibits autophagy by decreasing T-cell factor 4 (TCF4) expression as well as ¦Â-catenin and TCF4 interaction to inactivate Wnt/¦Â-catenin signaling and by suppressing the activity of ROCK1 and the Beclin1-Bcl2 complex dissociation in HCC cell lines, thereby decreasing autophagic activity."
"Autophagy_dependent_cell_death","DNAJB1","DnaJ heat shock protein family (Hsp40) member B1","ENSG00000132002.9","protein_coding",35106540,"DNAJB1 is involved in CMA (Chaperone-mediated autophagy). The authors found that Sirt1 promotes CMA activity by upregulating DNAJB1 expression and inhibiting astrocyte activation after CHI (Closed head injury). Sirt1 overexpression leads to deacetylation and ubiquitination modifications of DNAJB1, which helps to increase CMA activity and reduce neural loss."
"Autophagy_dependent_cell_death","DNAJB9","DnaJ heat shock protein family (Hsp40) member B9","ENSG00000128590.5","protein_coding",33853474,"DNAJB9 was found to be associated with autophagy. DNAJB9 is a small heat shock protein that can be activated by the endoplasmic reticulum (ER) stress response and promote autophagy for regulating protein demethylation. This may be because proteins that are demethylated, such as UFL1 , USP14 , and FADD, may be more easily regulated by autophagy feedback control."
"Autophagy_dependent_cell_death","EDEM1","ER degradation enhancing alpha-mannosidase like protein 1","ENSG00000134109.11","protein_coding",25046112,"Through the study of Japanese encephalitis virus (JEV) in neuronal cells, it was found that during virus replication, the virus replication complex colocalizes with EDEM1, an ERAD regulator. The ERAD structure required for virus replication is called EDEMosomes, and the virus replication complex colocalizes with both EDEMosomes and LC3-I labeled structures. The inhibition of autophagy leads to an increase of virus replication, while inhibition of EDEM1 and SEL1L can inhibit virus replication."
"Autophagy_dependent_cell_death","ERBB2","erb-b2 receptor tyrosine kinase 2","ENSG00000141736.14","protein_coding",33757386,"Blocking autophagy by genetically ablating or disrupting its function in ERBB2-enriched breast cancer virtually abolishes mammary tumorigenesis in the ERBB2-driven model, establishing that the effect is due to the loss of RB1CC1's autophagy function. This provides a new mechanism for autophagy to promote tumorigenesis in ERBB2-driven breast cancer by perturbing ERBB2 intracellular trafficking and triggering its release via small extracellular vesicles. Blocking autophagy can also control the trafficking of MVBs subtype to preferentially fuse with plasma membrane rather than lysosomes, leading to reduced ERBB2 expression."
"Autophagy_dependent_cell_death","ERO1A","endoplasmic reticulum oxidoreductase 1 alpha","ENSG00000197930","protein_coding",36523507,"When validating differentially expressed Autophagy genes, ERO1L was confirmed to be a gene with expression changes in two different genomic datasets. Overall, this paper demonstrates the correlation between ERO1L and Autophagy in ischemic stroke."
"Autophagy_dependent_cell_death","FKBP1B","FKBP prolyl isomerase 1B","ENSG00000119782.14","protein_coding",34024231,"According to document the RNA expression levels of FKBP1B did not change in human iPSC-derived isogenic model. SAFIT2 can reduce HTT levels by modulating the autophagy degradation pathway, which suggests that FKBP1B may not be directly related to the autophagy pathway."
"Autophagy_dependent_cell_death","FOS","Fos proto-oncogene, AP-1 transcription factor subunit","ENSG00000170345.10","protein_coding",26649942,"FOS is linked to autophagy through the transcriptional regulation of the BECN1/Beclin 1 gene. The experimental results found that the dopamine D2 and D3 receptor agonists pramipexole and quinpirole can enhance the transcriptional level of BECN1, thus promoting the initiation of autophagy. When the FOS gene is specifically interfered with, PPX cannot up-regulate LC3B-II and BECN1 or down-regulate SQSTM1. This indicates that the up-regulation of FOS is closely related to PPX-induced BECN1 transcriptional regulation and autophagy initiation."
"Autophagy_dependent_cell_death","GABARAP","GABA type A receptor-associated protein","ENSG00000170296.10","protein_coding",27601442,"GABARAP is highlighted as one of the protein families related to autophagy. These family members play a critical role in the autophagy process, such as promoting, garbage recognition, vesicle closure, and trafficking. The article lists several selective autophagy processes for specific substances, such as mitophagy, lipophagy, and xenophagy. In these selective autophagy processes, the LC3/GABARAP protein family plays an important role by binding to autophagy adaptor proteins."
"Autophagy_dependent_cell_death","HSP90AB1","heat shock protein 90 alpha family class B member 1","ENSG00000096384.20","protein_coding",32160078,"HSP90AB1 is involved in Autophagy through inhibition of the AKT-MTOR pathway. It is mentioned that the pathogen receptor HSP90AB1, upon binding with avibirnavirus VP2, induces autophagy by inactivating the AKT-MTOR pathway."
"Autophagy_dependent_cell_death","IKBKE","inhibitor of nuclear factor kappa B kinase subunit epsilon","ENSG00000263528.8","protein_coding",30289335,"IKBKE was identified as a positive regulator of autophagy. The study results showed that IKBKE could co-regulate autophagy and promote tumor cell proliferation in MDA-MB-231 and MDA-MB-468 triple-negative breast cancer cell lines."
"Autophagy_dependent_cell_death","ITGA3","integrin subunit alpha 3","ENSG00000005884.18","protein_coding",36281226,"SADS-CoV triggers Autophagy through the Akt/mTOR pathway to promote its own replication, and inhibition of Autophagy impedes viral replication. ITGA3 was found to inhibit the expression of the virus N protein and Autophagy induction. Under SADS-CoV infection, ITGA3 was found to regulate the Akt/mTOR pathway to induce Autophagy. In addition, the knockdown of ITGA3 leads to upregulation of Autophagy and increased replication of SADS-CoV."
"Autophagy_dependent_cell_death","ITGA6","integrin subunit alpha 6","ENSG00000091409.16","protein_coding",36261830,"ITGA6 expression is elevated in multiple cancers, including pancreatic cancer, and is associated with the tumor immune microenvironment and drug sensitivity. The risk score model used in the paper also includes ITGA6 as a key autophagy regulator."
"Autophagy_dependent_cell_death","ITGB1","integrin subunit beta 1","ENSG00000150093.20","protein_coding",29022892,"ITGB1 was found to be an important factor regulating HULC-induced metastasis and invasion of ovarian cancer and was also identified as a key factor influencing autophagy, as reducing ITGB1 expression can promote cell autophagy and reduce tumor growth."
"Autophagy_dependent_cell_death","KIF5B","kinesin family member 5B","ENSG00000170759.11","protein_coding",27219061,"KIF5B is related to Autophagy because KIF5B has been found to drive tubulation of lysosomes. It is shown that KIF5B is capable of binding with PtdIns(4,5)P2 and can form tubules in liposomes that contain PtdIns(4,5)P2. Calthrin can also promote tubulation of autolysosomes and liposomes containing PtdIns(4,5)P2 in vitro. During autophagy, KIF5B clusters on PtdIns(4,5)P2-enriched microdomains which are essential for the recruitment and clustering of KIF5B. These findings suggest a motor-based membrane deformation process that is important in lysosomal homeostasis."
"Autophagy_dependent_cell_death","KLHL24","kelch like family member 24","ENSG00000114796.16","protein_coding",34990474,"KLHL24 is shown to be a known autophagy-related mRNA that has been proven to be a validated target of an established autophagy related microRNA (miR 124), and is one of the mRNAs regulated by autophagy-inducing stimuli such as rapamycin and serum starvation in cancer cells. In this study, the authors found that KLHL24 is an mRNA related to breast cancer prognosis. Higher expression levels of KLHL24 are associated with better relapse-free survival in all breast cancer patients and ER+ only patients. KLHL24 mRNA levels can be used as a biomarker to monitor autophagy in breast cancer patients."
"Autophagy_dependent_cell_death","MAPK1","mitogen-activated protein kinase 1","ENSG00000100030.15","protein_coding",25831013,"MAPK1 and MAPK14 signaling pathways and their activity are essential for mitophagy induced by hypoxia and starvation conditions. The activity of MAPK1 and MAPK14 is enhanced under these two conditions. Previous studies have described the way mitochondria undergo autophagy in the PINK1-PARK2 signaling pathway, but the results of this paper suggest that in mammalian cells, the alternative autophagy pathway that is apparently different from conventional autophagy (participated by MAPK1 and MAPK14) is the primary way of mitophagy."
"Autophagy_dependent_cell_death","MAPK8IP1","mitogen-activated protein kinase 8 interacting protein 1","ENSG00000121653.11","protein_coding",25483967,"MAPK8IP1 is a key regulator of autophagosome transport in neurons. MAPK8IP1 directly regulates the dynamic behavior of autophagosomes by binding to motor proteins and actin. It also inhibits the binding of KIF5 and autophagosomes by binding to LC3 to ensure the unidirectional retrograde transport of autophagosomes. Furthermore, researchers found that the phosphorylation state of MAPK8IP1 affects the direction of autophagosome transport. When MAPK8IP1 is in an unphosphorylated state, retrograde autophagosome transport occurs."
"Autophagy_dependent_cell_death","MAPK9","mitogen-activated protein kinase 9","ENSG00000050748.18","protein_coding",25799126,"MAPK9 promoted stress-induced mitophagy by promoting ubiquitination and proteasomal degradation of small mitochondrial ARF (smARF) and inducing excessive autophagy. smARF is a short isoform of the tumor suppressor ARF produced by alternative translational initiation at Met45 and localizes exclusively to mitochondria. Loss of MAPK9 led to the accumulation of smARF, which induced excessive autophagy that resulted in lysosomal degradation of the mitophagy adaptor p62 at steady-state. Depletion of p62 prevented MAPK9-deficient cells from mounting mitophagy upon stress and MAPK9-deficient mice displayed defective mitophagy, which caused tissue damage under hypoxic stress, hyperactivation of inflammasomes, and increased mortality in sepsis."
"Autophagy_dependent_cell_death","MBTPS2","membrane bound transcription factor peptidase, site 2","ENSG00000012174.12","protein_coding",36586072,"Through RT-qPCR, the experimental results showed that the expression level of MBTPS2 in tumor samples was relatively low. The experimental results also confirmed that MYC and MBTPS2 were related to autophagy and osteosarcoma cell metastasis. Through MYC silencing and MBTPS2 overexpression, the researchers found that autophagy in tumor cells was suppressed."
"Autophagy_dependent_cell_death","MTMR14","myotubularin related protein 14","ENSG00000163719.20","protein_coding",20595810,"MTMR14 plays an important role in regulating autophagy as a type of myotubularin protein. The modification of PIs is an important mechanism for controlling organelle and membrane traffic, and they also play an important role in the regulation of autophagy. The study explored the correlation between MTMR14 and autophagy dysregulation through double knockdown of MTMR14, which could explain certain pathological conditions such as centronuclear myopathy. The authors also discuss the function of MTMR14 as a modifier of disease severity, rather than a primary cause."
"Autophagy_dependent_cell_death","NCKAP1","NCK associated protein 1","ENSG00000061676.16","protein_coding",30459273,"NCKAP1 is related to autophagy by binding to two autophagy receptors, NDP52 and TAX1BP1, to recruit TBK1 and mediate the efficiency of xenophagy and mitophagy. Recent research indicates that the recruitment of TBK1 to NDP52 and TAX1BP1 via NCKAP1 is required for efficient xenophagy and mitophagy."
"Autophagy_dependent_cell_death","NFKB1","nuclear factor kappa B subunit 1","ENSG00000109320.14","protein_coding",27754745,"NFKB1 promotes the expression of GFRA1 by binding to the promoter region of the GFRA1 gene. GFRA1 induces autophagy through the SRC-AMPK signaling pathway."
"Autophagy_dependent_cell_death","NKX2-3","NK2 homeobox 3","ENSG00000119919.12","protein_coding",33928642,"NKX2-3 is related to autophagy by inducing autophagy through the AMPK/mTOR signaling pathway, thus inhibiting the proliferation and migration of VSMCs. The experimental results show that NKX2-3 can inhibit the proliferation and migration of VSMCs by enhancing their autophagy."
"Autophagy_dependent_cell_death","NRG1","neuregulin 1","ENSG00000157168.21","protein_coding",34559744,"NRG1 inhibits autophagy through the Akt/mTOR signaling pathway to alleviate sepsis-induced skeletal muscle atrophy. Exogenous addition of NRG1 in septic cell models can inhibit autophagy and increase cell viability by activating the Akt/mTOR signaling pathway. In the SD rat model, intravenous injection of NRG1 can also inhibit autophagy, promote weight gain in rats and alleviate atrophy in the tibialis anterior muscle."
"Autophagy_dependent_cell_death","NRG2","neuregulin 2","ENSG00000158458.21","protein_coding",12661040,"NRG2 is related to autophagy in that NRG2 can stimulate LNCaP cells to undergo autophagic cell death, meaning that NRG2 induces cell death in LNCaP cells . At the same time, the NRG2-induced cell death is also thought to be related to the PI3K pathway and PI3K inhibitors can inhibit NRG2-induced cell death."
"Autophagy_dependent_cell_death","NRG3","neuregulin 3","ENSG00000185737.13","protein_coding",33577492,"NRG3 is one of the 5 Autophagy-related genes used to establish an assessment index that predicts the therapy efficacy of endometrial cancer (EC). NRG3 is related to the ERBB family signaling pathway, which can affect Autophagy through the pathway."
"Autophagy_dependent_cell_death","P4HB","prolyl 4-hydroxylase subunit beta","ENSG00000185624.16","protein_coding",32003756,"P4HB is related to autophagy, as it may interact with endoplasmic reticulum stress-related proteins (such as HSP90B1, HSPA5 and PDIA6), thereby participating in the autophagy process in renal tumor cells."
"Autophagy_dependent_cell_death","PARP1","poly(ADP-ribose) polymerase 1","ENSG00000143799.14","protein_coding",31281570,"PARP1, the founding member of the PARP family, has functions in DNA repair, replication, genome integrity, cell cycle, and metabolism, and it is able to maintain cell homeostasis. PARP1 activation and PARylation play critical roles in maintaining the autophagy pathway."
"Autophagy_dependent_cell_death","PEA15","proliferation and apoptosis adaptor protein 15","ENSG00000162734.13","protein_coding",22281705,"PEA15 is an Autophagy-promoting protein that induces TGF-beta's Autophagy in L6 and C2C12 cells through a PP2A/FoxO1-mediated mechanism. This impairs differentiation into mature muscle cells. TGF-beta transcriptionally upregulates the Autophagy-promoting gene PEA15, which in turn induces atrophic responses in skeletal muscle."
"Autophagy_dependent_cell_death","PELP1","proline, glutamate and leucine rich protein 1","ENSG00000141456.16","protein_coding",17804729,"PELP1 is recruited into autophagosomes to respond to autophagy. This process may be due to the interaction between HRS and PELP1, as HRS and PELP1 appear together in autophagosomes according to the results . Further experiments suggest that the degradation of PELP1 may be achieved through autophagy."
"Autophagy_dependent_cell_death","PEX14","peroxisomal biogenesis factor 14","ENSG00000142655.13","protein_coding",17921697,"PEX14 is the only essential component of the peroxisomal translocon required for pexophagy, responsible for the recognition and subsequent sequestration of a single peroxisome by multiple membrane layers, leading to degradation of the entire organelle by vacuolar enzymes. Additionally, PEX14 has a dual function in peroxisome formation and selective degradation."
"Autophagy_dependent_cell_death","PEX3","peroxisomal biogenesis factor 3","ENSG00000034693.15","protein_coding",29260977,"PEX3 is a protein that is important for PEXOPHAGY (a type of selective autophagy in which peroxisomes are sequestered in an RPC for lysosomal degradation). It works together with ATG30 in constructing PEXOPHAGIC RPC (receptor-protein complex). The study demonstrated that ATG30 requires ATG37 and PEX3 to recruit ATG8 and ATG11 to the PEXOPHAGIC RPC, and that the proper localization of PEX3 depends on ATG37."
"Autophagy_dependent_cell_death","PIK3R4","phosphoinositide-3-kinase regulatory subunit 4","ENSG00000196455.8","protein_coding",26018563,"PIK3R4  helps in the initiation and progression of autophagy by producing PtdIns3P."
"Autophagy_dependent_cell_death","PPP1R15A","protein phosphatase 1 regulatory subunit 15A","ENSG00000087074.9","protein_coding",32978159,"PPP1R15A is related to autophagy because PPP1R15A is a component of the PP1 phosphatase complex, which can reverse the inhibitory effect of protein synthesis by dephosphorylating eIF2¦Á. In addition, this study found that PPP1R15A regulates translation levels during starvation and promotes autophagy. The absence of PPP1R15A leads to excessive phosphorylation of eIF2¦Á and a reduction in subsequent steps of autophagy."
"Autophagy_dependent_cell_death","PRKAR1A","protein kinase cAMP-dependent type I regulatory subunit alpha","ENSG00000108946.16","protein_coding",17204847,"PRKAR1A is related to Autophagy by spatial and functional interaction with mTOR kinase, participating in the process of Autophagosome maturation. RIa localizes on LC3-positive Autophagosomal membranes and recruits mTOR kinase to inhibit its activity, thus promoting Autophagosome maturation. Additionally, the paper mentions that PRKAR1A depletion leads to Autophagy deficiency, and the accumulation of Lipofuscin-like material in the cells and tissues of CNC and PPNAD patients is a hallmark of Autophagy deficiency. Therefore, the RIa-mTOR complex plays a crucial role in the regulation of mammalian Autophagy, and PRKAR1A depletion leads to Autophagy deficiency."
"Autophagy_dependent_cell_death","PTK6","protein tyrosine kinase 6","ENSG00000101213.7","protein_coding",36690663,"PTK6 promotes the proliferation, migration, and invasion of uveal melanoma cells by inhibiting Autophagy. Meanwhile, PTK6 can bind to SOCS3 and upregulate the phosphorylation of mechanistic target of rapamycin (mTOR) to further inhibit Autophagy. Therefore, this article provides a new molecular mechanism of PTK6 in Autophagy dysfunction-mediated uveal melanoma."
"Autophagy_dependent_cell_death","RAB24","RAB24, member RAS oncogene family","ENSG00000169228.14","protein_coding",24440914,"RAB24 is localized to the endoplasmic reticulum inside cells and is thought to primarily participate in autophagosome maturation. Under normal conditions, RAB24 presents a reticular distribution around the nucleus. In contrast, in amino acid starvation-induced autophagy, the distribution of RAB24 changes into punctate spots, larger dots, ring-shaped small vesicles, and some tubular-like structures, and these structures colocalize with markers for autophagic vacuoles, such as LC3 and monodansylcadaverine. The overexpression of wt RAB24 caused an increase in autophagosomes, whereas in cells overexpressing the mutant RAB24S67L, the amount of autophagosomes decreased. These results demonstrated for the first time that RAB24 is involved in autophagy."
"Autophagy_dependent_cell_death","RAB33B","RAB33B, member RAS oncogene family","ENSG00000172007.7","protein_coding",31408960,"RAB33B is involved in both autophagic processes and membrane trafficking. In the process of autophagy, RAB33B plays a role in autophagosome formation and maturation. Meanwhile, RAB33B is also involved in the transport of various substances such as cargo movement, tethering, and fusion operating between different endomembrane compartments of the cell."
"Autophagy_dependent_cell_death","RAB5A","RAB5A, member RAS oncogene family","ENSG00000144566.11","protein_coding",31387632,"RAB5A is a direct target gene in the CLEAR network regulated by TFEB. Under TGF-¦Â induction, TFEB-driven autophagy can regulate the endocytosis of Itg¦Á5¦Â1 and promote the progression of pancreatic cancer cells.  In addition, RAB5A is also an important regulatory protein of endocytosis, playing a critical role in many tumors."
"Autophagy_dependent_cell_death","RAC1","Rac family small GTPase 1","ENSG00000136238.20","protein_coding",32122794,"RAC1 is an important regulator of cytoskeletal reorganization, gene expression, cell morphology, cell motility, and activation of the NADPH oxidase complex. The document suggests that RAC1 is one of the important regulators of autophagy and has been associated with sarcoidosis. In addition, the role of RAC1 in autophagy process is also discussed in the document. In various diseases, cell death is associated with the activation state of RAC1. Autophagy plays an important role in maintaining cellular metabolic homeostasis, cell survival, and regulating lactate-internal lipid deposition in the class organelles."
"Autophagy_dependent_cell_death","RAF1","Raf-1 proto-oncogene, serine/threonine kinase","ENSG00000132155.14","protein_coding",28513279,"RAF1 is a crucial component of the EGFR (Epidermal Growth Factor Receptor) signaling pathway. In this paper, a novel autophagy enhancer called w09 was studied, which induced cell autophagy and apoptosis by activating the EGFR-mediated RAS-RAF1-MAP2K-MAPK1/3 signaling pathway. Inhibition of the RAS-RAF1-MAP2K-MAPK1/3 pathway with U0126 or blockade of autophagy attenuated the effects of w09, suggesting that w09 induces autophagy through the RAS-RAF1-MAP2K-MAPK1/3 signaling pathway. Therefore, RAF1 plays a critical role in the process of w09-induced autophagy."
"Autophagy_dependent_cell_death","SAR1A","secretion associated Ras related GTPase 1A","ENSG00000079332.15","protein_coding",36047971,"SAR1A knockdown can induce ER stress, ROS generation, and increased autophagic activity, leading to reduced migratory and invasive ability of osteosarcoma cells. LC3I to LC3II conversion and P62 levels were decreased, which are hallmarks of autophagic activity. Additionally, SAR1A knockdown can downregulate the expression of RhoA and inhibit osteosarcoma metastasis, possibly related to ROS accumulation, increased autophagic activity, and the influence of the RhoA/YAP signaling pathway. Therefore, SAR1A can regulate osteosarcoma metastasis and invasion by affecting cell autophagic activity."
"Autophagy_dependent_cell_death","SPNS1","SPNS lysolipid transporter 1, lysophospholipid","ENSG00000169682.18","protein_coding",27875093,"SPNS1 is associated with the autophagy system through its involvement in lysosomal acidification and the fusion process between autophagosome and lysosome. In addition, the study found that there is an interaction between SPNS1 and v-ATPase, and both regulate the aging process of cells during development and the acidification state of autolysosomes."
"Autophagy_dependent_cell_death","TM9SF1","transmembrane 9 superfamily member 1","ENSG00000100926.15","protein_coding",19029833,"TM9SF1 was found to be a gene that promotes the formation of autophagosomes. Its overexpression can significantly increase the number of GFP-LC3 dots in cells, which was confirmed by transmission electron microscopy and immunoblotting. In contrast, inhibiting the expression of TM9SF1 by RNA interference can hinder cell autophagy."
"Autophagy_dependent_cell_death","VAMP3","vesicle associated membrane protein 3","ENSG00000049245.13","protein_coding",27791468,"VAMP3 is associated with autophagy by forming a complex with STX6 and VTI1B to regulate the fusion of recycling endosomes with autophagosomes, thereby promoting pathogen degradation. The study suggests that VAMP3 and VTI1B function together with STX6 to regulate the RE-GcAV fusion step, and their contribution facilitates GcAV formation to restrict bacterial proliferation in cells."
"Autophagy_dependent_cell_death","VAMP7","vesicle associated membrane protein 7","ENSG00000124333.16","protein_coding",31251111,"VAMP7A is related to autophagy by participating in the fusion process between autophagosomes and lysosomes together with STX17. VAMP7B, produced by alternative splicing, can compete with VAMP7A to bind with STX17, inhibiting the realization of cellular autophagy."
"Autophagy_dependent_cell_death","VAMP7","vesicle associated membrane protein 7","ENSG00000124333.16_PAR_Y","protein_coding",31251111,"VAMP7A is related to autophagy by participating in the fusion process between autophagosomes and lysosomes together with STX17. VAMP7B, produced by alternative splicing, can compete with VAMP7A to bind with STX17, inhibiting the realization of cellular autophagy."
"Autophagy_dependent_cell_death","VEGFA","vascular endothelial growth factor A","ENSG00000112715.26","protein_coding",30755242,"The study found that autophagy induces the expression of VEGFA in human lung cancer cells, and blocking autophagy enhances the cytotoxic and anti-angiogenic effects of anlotinib through the JAK2/STAT3/VEGFA pathway. Additionally, co-administration of anlotinib and chloroquine further reduces VEGFA levels in tumour cells."
"Autophagy_dependent_cell_death","WDR45B","WD repeat domain 45B","ENSG00000141580","protein_coding",34328055,"WDR45B is related to autophagy by its striking similarities with previously studied Vmp1 mutants. This suggests that WDR45B also regulates the same autophagosome formation pathway."
"Autophagy_dependent_cell_death","WIPI1","WD repeat domain, phosphoinositide interacting 1","ENSG00000070540.13","protein_coding",33685363,"WIPI1 is related to autophagy by promoting the fission of endosomal transport carriers and formation of autophagosomes through distinct mechanisms. WIPI1 participates in the formation and fission of vesicular endosomal transport carriers, supporting PtdIns(3,5)P2-dependent transport of endosomal cargo towards the plasma membrane, Golgi, and lysosomes."
"Autophagy_dependent_cell_death","ACER2","alkaline ceramidase 2","ENSG00000177076.6","protein_coding",28294157,"P53 directly regulates the transcription of ACER2, significantly stimulating ACER2 expression, and ACER2-mediated autophagy and apoptosis are found to be connected with ROS generation. The interaction of ACER2 with autophagy drives its impact on apoptosis. ACER2 induces autophagy and apoptosis through the production of ROS."
"Autophagy_dependent_cell_death","ADRB2","adrenoceptor beta 2","ENSG00000169252.6","protein_coding",27154061,"ADRB2 negatively regulated autophagy to promote the progression of HCC. The ADRB2 signaling pathway inhibited autophagy by increasing Akt-dependent beclin1 homodimer formation, resulting in the stabilization of HIF1¦Á and metabolic reprogramming. In addition, blocking ADRB2 signaling enhanced Sorafenib-induced autophagy and improved the anti-tumor effects of Sorafenib."
"Autophagy_dependent_cell_death","ATF6","activating transcription factor 6","ENSG00000118217.7","protein_coding",22874566,"ATF6 is essential for the successful execution of bacterial infections and IFN-induced autophagy."
"Autophagy_dependent_cell_death","ATG101","autophagy related 101","ENSG00000123395.15","protein_coding",26030876,"ATG101 has a HORMA structure similar to Atg13 and its main role is to recruit downstream factors to the Autophagy formation site and participate in Autophagy via a region called the ""WF finger""."
"Autophagy_dependent_cell_death","ATP6V0A1","ATPase H+ transporting V0 subunit a1","ENSG00000033627.18","protein_coding",22708544,"Knockdown of ATP6V0A1 can strengthen the aggregation of autophagosomes and increase GMI-induced autophagic cell death."
"Autophagy_dependent_cell_death","ATP6V0A2","ATPase H+ transporting V0 subunit a2","ENSG00000185344.15","protein_coding",35013112,"PHY34 induces autophagy inhibition and tumor cell apoptosis in ovarian cancer cells by inhibiting the ATP6V0A2 subunit localization of proteins."
"Autophagy_dependent_cell_death","ATP6V0B","ATPase H+ transporting V0 subunit b","ENSG00000117410.14","protein_coding",37099812,"ATP6V0B is a lysosomal proton pump protein that plays a critical role in the formation and maintenance of the endolysosomal system and is an essential component of autophagy. "
"Autophagy_dependent_cell_death","ATP6V0C","ATPase H+ transporting V0 subunit c","ENSG00000185883.12","protein_coding",35410580,"ATP6V0C in promoting selective autophagy and the mechanism of its interaction with SopF."
"Autophagy_dependent_cell_death","ATP6V0D1","ATPase H+ transporting V0 subunit d1","ENSG00000159720.13","protein_coding",32160081,"ATP6V0D1 is a key protein in autophagy-related molecular networks in many CNS disorders."
"Autophagy_dependent_cell_death","ATP6V0D2","ATPase H+ transporting V0 subunit d2","ENSG00000147614.4","protein_coding",35255774," ATP6V0D2 is a subunit of the H+-ATPase proton pump and an important component of autophagosomes and osteoclasts."
"Autophagy_dependent_cell_death","ATP6V0E1","ATPase H+ transporting V0 subunit e1","ENSG00000113732.9","protein_coding",34989311,"ATP6V0E1 plays an important role in both lysosomal function and the autophagic process."
"Autophagy_dependent_cell_death","ATP6V0E2","ATPase H+ transporting V0 subunit e2","ENSG00000171130.19","protein_coding",30375985,"ATP6V0E2 is a protein that is responsible for acidification inside the cell, and it also plays a role in adjusting acidity in lysosomes. Autophagy is a way for cells to clear waste, and it is critical for the formation of foam cells. The increased expression of ATG5 and P62 reflects the decrease in autophagic flux, which may be caused by the downregulation of ATP6V0E2 expression."
"Autophagy_dependent_cell_death","ATP6V1A","ATPase H+ transporting V1 subunit A","ENSG00000114573.12","protein_coding",31285595,"ATP6V1A subunit of the lysosomal v-ATPase, a protein complex that regulates mTORC1."
"Autophagy_dependent_cell_death","ATP6V1B1","ATPase H+ transporting V1 subunit B1","ENSG00000116039.13","protein_coding",34313551,"Although ATP6V1B1 is not mentioned, the V-ATPase complex it is part of plays a crucial role in lysosomal function and ALP."
"Autophagy_dependent_cell_death","ATP6V1B2","ATPase H+ transporting V1 subunit B2","ENSG00000147416.11","protein_coding",30720463,"ATP6V1B2 mutations are associated with the activation of autophagy and the maintenance of mTOR/TOR state,?ATP6V1B2 mutations can also promote pyroptosis."
"Autophagy_dependent_cell_death","ATP6V1C1","ATPase H+ transporting V1 subunit C1","ENSG00000155097.12","protein_coding",33183740,"ATP6V1C1 enhances resistance to radiotherapy-induced death, and promotes Autophagy through the PI3K/AKT/mTOR pathway."
"Autophagy_dependent_cell_death","ATP6V1C2","ATPase H+ transporting V1 subunit C2","ENSG00000143882.12","protein_coding",34899276,"ATP6V1C2 encodes vacuolar-H+ ATPase (V-ATPase), which is essential for lysosome/vacuole acidification and affects cellular processes such as endocytosis, vacuole fusion, and protein degradation. Additionally, ATP6V1C2 modulates the concentration of neurotransmitters into synaptic vesicles and is crucial in synaptic transmission."
"Autophagy_dependent_cell_death","ATP6V1D","ATPase H+ transporting V1 subunit D","ENSG00000100554.12","protein_coding",30894069,"ATP6V1D is one of the active V-ATPase subunits involved in lysosomal acidification,  related to the role of lysosome in autophagy."
"Autophagy_dependent_cell_death","ATP6V1E1","ATPase H+ transporting V1 subunit E1","ENSG00000131100.13","protein_coding",29257951,"ATP6V1E1 is related to Autophagy through the Autophagy-related gene Atg5."
"Autophagy_dependent_cell_death","ATP6V1G1","ATPase H+ transporting V1 subunit G1","ENSG00000136888.8","protein_coding",34545708,"Oxidized stress-induced ATM activation phosphorylates ATP6V1G1, maintaining lysosomal acidification to facilitate the fusion of autophagosomes."
"Autophagy_dependent_cell_death","ATP6V1G2","ATPase H+ transporting V1 subunit G2","ENSG00000213760.11","protein_coding",27704156,"ATP6V1G2 is an ATPase subunit involved in the acidification process of lysosomes, and thus involved in autophagy in cells. Treatment with ¦Á-Cypermethrin led to overexpression of the ATP6V1G2 gene, indicating changes in the cell autophagy pathway caused by this insecticide."
"Autophagy_dependent_cell_death","ATP6V1H","ATPase H+ transporting V1 subunit H","ENSG00000047249.18","protein_coding",33966596,"ATP6V1H can be regulated by CREG1,CREG1 can promote the formation and maintenance of lysosomal function, thus accelerating the process of autophagy. "
"Autophagy_dependent_cell_death","AUP1","AUP1 lipid droplet regulating VLDL assembly factor","ENSG00000115307.17","protein_coding",33590792,"AUP1 is related to Autophagy mainly because of its interaction with autophagy-related proteins HMGB and YWHA/14-3-3 proteins on LDs. AUP1 is also regarded as a key factor in aggrephagy-like mechanism via promoting the formation of aggresome to facilitate lipophagy and cholesterol efflux."
"Autophagy_dependent_cell_death","CAMKK2","calcium/calmodulin dependent protein kinase kinase 2","ENSG00000110931.19","protein_coding",34229059,"CAMKK2 phosphorylates AMPK and promotes autophagy. "
"Autophagy_dependent_cell_death","CDC37","cell division cycle 37, HSP90 cochaperone","ENSG00000105401.9","protein_coding",31276783,"The complex of CDC37 and HSP90 can regulate Ulk1- and Atg13-mediated autophagy in cells and the disintegration of CDC37/HSP90 complex triggers an autophagic clearance cascade for TDP-43 protein."
"Autophagy_dependent_cell_death","CDK5","cyclin dependent kinase 5","ENSG00000164885.13","protein_coding",35918012,"S-nitrosylation inhibits CDK5 S-sulfenylation and reduces its kinase activity, leading to attenuation of CDK5-mediated autophagy and MPTP-induced neurotoxicity."
"Autophagy_dependent_cell_death","CDK5R1","cyclin dependent kinase 5 regulatory subunit 1","ENSG00000176749.9","protein_coding",35941759,"CDK5R1 activity following starvation appears to be required for starvation-induced autophagy."
"Autophagy_dependent_cell_death","CLEC16A","C-type lectin domain containing 16A","ENSG00000038532.17","protein_coding",25979422,"CLEC16A gene is autophagy, which affects TEC antigen presentation and subsequently impacts T cell selection and reactivity."
"Autophagy_dependent_cell_death","CLU","clusterin","ENSG00000120885.22","protein_coding",33573881,"CLU protein can also be released from the endoplasmic reticulum/Golgi to the cytosol where it forms complexes and traffics them for degradation via Autophagy and/or proteasome."
"Autophagy_dependent_cell_death","CPTP","ceramide-1-phosphate transfer protein","ENSG00000224051.7","protein_coding",29164996,"CPTP regulates autophagy and inflammasome activation, through the trafficking of C1P from the trans-Golgi to target membranes. Downregulation of CPTP leads to an increase in autophagosomes and altered levels of endogenous proteins. Moreover, CPTP knockdown-induced autophagy elevates early markers of autophagosome formation and suppresses MTOR phosphorylation."
"Autophagy_dependent_cell_death","CSNK2A2","casein kinase 2 alpha 2","ENSG00000070770.10","protein_coding",36333388,"Previous research has shown that overexpression of CK2 enhances DISC activity, thereby promoting TRAIL-induced apoptosis in human colon carcinoma cell lines."
"Autophagy_dependent_cell_death","CTSA","cathepsin A","ENSG00000064601.21","protein_coding",29452206,"CTSA regulates the activity of CMA by degrading LAMP-2A. CMA is a form of autophagy involved in the degradation of cytoplasmic proteins, participating in the regulation of hepatic lipid and carbohydrate metabolism. This study found that SNX10 deficiency increased the stability of LAMP-2A, activating the CMA activity to alleviate alcohol-induced liver injury and steatosis. SNX10 controls CMA activity by regulating CTSA maturation."
"Autophagy_dependent_cell_death","CTTN","cortactin","ENSG00000085733.16","protein_coding",27715391,"CTTN regulates the stability of actin filaments to promote fusion of autophagosomes with lysosomes in Autophagy."
"Autophagy_dependent_cell_death","DDRGK1","DDRGK domain containing 1","ENSG00000198171.13","protein_coding",33879777,"DDRGK1 plays an important role in regulating autophagy by controlling lysosomal function. The study shows that deficiency of DDRGK1 leads to a dual effect on autophagy, resulting in the accumulation of autophagosomes and the inhibition of autophagosome-lysosome fusion, ultimately leading to apoptosis. The study also reveals that DDRGK1 loss leads to impaired lysosomal function, including aberrant lysosomal pH, Cathepsin D (CTSD) expression, and v-ATPase accumulation, thereby compromising the autophagy process."
"Autophagy_dependent_cell_death","DEPDC5","DEP domain containing 5, GATOR1 subcomplex subunit","ENSG00000100150.20","protein_coding",34964695,"DEPDC5 led to constitutive hyperactivation of MTORC1, resulting in early-onset myopathy and cardiac dysfunction associated with oxidative damage and accumulation of SQSTM1/p62. "
"Autophagy_dependent_cell_death","DEPP1","DEPP autophagy regulator 1","ENSG00000165507.9","protein_coding",28545464,"DEPP was found to induce autophagy in neuroblastoma cells and to mediate the formation of autophagosomes by increasing reactive oxygen species levels."
"Autophagy_dependent_cell_death","DHRSX","dehydrogenase/reductase X-linked","ENSG00000169084.15","protein_coding",25076851,"DHRSX encodes an atypical secretory protein that can promote hunger induced autophagy."
"Autophagy_dependent_cell_death","DHRSX","dehydrogenase/reductase X-linked","ENSG00000169084.15_PAR_Y","protein_coding",25076851,"DHRSX encodes an atypical secretory protein that can promote hunger induced autophagy."
"Autophagy_dependent_cell_death","EEF1A1","eukaryotic translation elongation factor 1 alpha 1","ENSG00000156508.19","protein_coding",31862491,"Targeting EEF1A1 using specific molecules resulted in the activation of autophagy in MEC-1, a prototype cell line of CLL."
"Autophagy_dependent_cell_death","EEF1A2","eukaryotic translation elongation factor 1 alpha 2","ENSG00000101210.14","protein_coding",32875694,"PE modification of EEF1A2 protein can insert into lipid monolayers, which is similar to the modification of LC3 protein and is also related to Autophagy."
"Autophagy_dependent_cell_death","EIF2AK4","eukaryotic translation initiation factor 2 alpha kinase 4","ENSG00000128829.12","protein_coding",26986695,"EIF2AK4-EIF2A/eIF2a-ATF4 pathway triggers an autophagic response of intestinal epithelial cells to Crohn's disease associated invasive Escherichia coli (AIEC) infection."
"Autophagy_dependent_cell_death","ELAPOR1","endosome-lysosome associated apoptosis and autophagy regulator 1","ENSG00000116299.17","protein_coding",34816763,"ELAPOR1 is localized in late endosomes and lysosomes within cells, which are key areas of autophagy."
"Autophagy_dependent_cell_death","EXOC1","exocyst complex component 1","ENSG00000090989.18","protein_coding",27669116,"EXOC1 is an effector of RalB and is responsible for regulating autophagosome formation during cellular starvation."
"Autophagy_dependent_cell_death","EXOC4","exocyst complex component 4","ENSG00000131558.15","protein_coding",34281478,"BECN1 can form a complex with EXOC4/SEC8, which promotes the secretion of adiponectin, C1Q and collagen domain containing and improves energy metabolism and insulin sensitivity."
"Autophagy_dependent_cell_death","EXOC7","exocyst complex component 7","ENSG00000182473.22","protein_coding",35460391,"EXOC7 is a member of the human exocyst complex, which is composed of proteins encoded by eight genes and is associated with autophagy. As the generation of exosomes depends on the involvement of the autophagy pathway, these processes can sometimes be mutually constraining."
"Autophagy_dependent_cell_death","FBXW7","F-box and WD repeat domain containing 7","ENSG00000109670.17","protein_coding",31679460,"FBXW7 overexpression significantly promoted the formation of the ATG12-ATG5-ATG16L1 protein complex and markedly enhanced the conversion of LC3-I to LC3-II induced by oxaliplatin in hepatic stellate cells. Additionally, the GFP-LC3 puncta formation assay and transmission electron microscopy demonstrated that FBXW7 enhanced autophagy in hepatic stellate cells."
"Autophagy_dependent_cell_death","FEZ1","fasciculation and elongation protein zeta 1","ENSG00000149557.14","protein_coding",25495476,"The experiment found that FEZ1 inhibits autophagy during starvation by interacting with Golgi-located SCOC. At the same time, knockdown of FEZ1 and FEZ2 or overexpression of both can increase the activity of autophagy"
"Autophagy_dependent_cell_death","FEZ2","fasciculation and elongation protein zeta 2","ENSG00000171055.15","protein_coding",25495476,"Similar to FEZ1, this study shows that FEZ2 inhibits autophagy during starvation by binding with the protein SCOC. The study also shows that FEZ2 and RAB3GAP1/2 can reciprocally regulate the autophagic process, and serve as novel conserved factors of the autophagy and proteostasis network."
"Autophagy_dependent_cell_death","FOXK1","forkhead box K1","ENSG00000164916.11","protein_coding",31911943,"FOXK1 suppresses autophagy by inhibiting the expression of autophagy-related genes. DNA damage induces CHK2 to phosphorylate FOXK1, and creates a binding site between FOXK1 and 14-3-3_, thus trapping FOXK1 in the cytoplasm. This relieves the inhibition on the expression of autophagy-related genes and promotes autophagy."
"Autophagy_dependent_cell_death","FOXK2","forkhead box K2","ENSG00000141568.21","protein_coding",31911943,"DNA damage induces CHK2-mediated FOXK phosphorylation, which confines FOXK to the cytoplasm, relieves its inhibition on the expression of autophagy-related genes, and facilitates autophagy. In addition, a significant increase in autophagy has been demonstrated in cells by reducing the expression of FOXK2."
"Autophagy_dependent_cell_death","FTH1","ferritin heavy chain 1","ENSG00000167996.16","protein_coding",31679460,"FTH1 is regulated by autophagy, which leads to high levels of iron ions that induce iron-dependent lipid peroxidation, ultimately resulting in cell death."
"Autophagy_dependent_cell_death","FTL","ferritin light chain","ENSG00000087086.15","protein_coding",32677906,"By interfering with FTL activity, ADI inhibits the protein that stores iron in the cytosol while activating the mitochondrial apoptosis pathway. When arginine is deficient, the process of chromatin autophagy appears at a later stage, stimulating cancer cells to use histone arginine and accelerating cancer cell death."
"Autophagy_dependent_cell_death","FYCO1","FYVE and coiled-coil domain autophagy adaptor 1","ENSG00000163820.16","protein_coding",35343376,"FYCO1 is a FYVE zinc finger domain adaptor protein that plays a role in microtubule-dependent, plus-end-directed transport of autophagic vesicles, delivering autophagosomes to the lysosomes for degradation. Loss of FYCO1 function can lead to the development of cataracts, and the FYCO1-dependent autophagy pathway is critical for lens morphogenesis."
"Autophagy_dependent_cell_death","GAPDH","glyceraldehyde-3-phosphate dehydrogenase","ENSG00000111640.15","protein_coding",35289711,"GAPDH (GAPC in plants) interacts with phosphatidic acid and inhibits autophagy. It competes with the autophagy-related protein ATG3 for binding to phosphatidic acid at the same binding interface."
"Autophagy_dependent_cell_death","GBA1","glucosylceramidase beta 1","ENSG00000177628.16","protein_coding",36085537,"The enzyme encoded by GBA1, glucocerebrosidase is an important degradative enzyme in lysosomes and contributes to the degradation of alpha-synuclein. Mutations in LRRK2 and GBA1 related to Parkinson's disease slow the degradation of alpha-synuclein."
"Autophagy_dependent_cell_death","GFAP","glial fibrillary acidic protein","ENSG00000131095.14","protein_coding",18276609,"AxD mutant GFAP accumulation stimulates autophagy."
"Autophagy_dependent_cell_death","GPR137B","G protein-coupled receptor 137B","ENSG00000077585.14","protein_coding",31036939,"GPR137B as a member of the lysosomal regulatory complex, affecting the activity and localization of mTORC1 kinase."
"Autophagy_dependent_cell_death","GPSM1","G protein signaling modulator 1","ENSG00000160360.13","protein_coding",32501280,"GPSM1 is one of the inhibitors of G¦Ái3, which is related to the autophagy signaling pathway. "
"Autophagy_dependent_cell_death","GSK3A","glycogen synthase kinase 3 alpha","ENSG00000105723.13","protein_coding",23549082,"GSK3A hinders the autophagy process of clearing cell debris and increases the expression of the cellular senescence marker."
"Autophagy_dependent_cell_death","HAX1","HCLS1 associated protein X-1","ENSG00000143575.16","protein_coding",29461873,"HAX1 promotes cell survival by mitigating damaged signals from endoplasmic reticulum and mitochondria. Upon oxidative stress, enhanced autophagy induction was observed in cells overexpressing HAX1 and HAX1 truncations, which leads to a suppression of mitochondrial membrane potential dissipation and apoptosis. The study also identified amino acids 127-180 in HAX1 as the functional autophagy-regulatory domain, responsible for the autophagic induction."
"Autophagy_dependent_cell_death","HGF","hepatocyte growth factor","ENSG00000019991.18","protein_coding",30786811,"HGF participates in Autophagy through the activation of MET activity. The HGF-MET signaling pathway inhibits the expression of cell cycle regulatory proteins p27kip-1 and p21cip-1, thereby enhancing the process of autophagy. The study found that the HGF-MET signal can activate autophagy through the Stathmin and COPII pathways."
"Autophagy_dependent_cell_death","HSPB1","heat shock protein family B (small) member 1","ENSG00000106211.10","protein_coding",30669930,"Mutations in HSPB1 impair macroautophagy/autophagy flux, leading to a decrease in the formation of SQSTM1/p62 bodies, and subsequent impairment of phagophore formation. The wild-type HSPB1 protein binds to the autophagy receptor SQSTM1/p62 and this interaction is disturbed by mutations in HSPB1. The impairment of autophagy might be one of the pathomechanisms by which mutations in HSPB1 lead to peripheral neuropathy."
"Autophagy_dependent_cell_death","IL4","interleukin 4","ENSG00000113520.11","protein_coding",29297752,"IL4 induces autophagy in B cells, leading to sustained cell survival and antigen presentation, and ultimately exacerbating asthma symptoms. The JAK signaling pathway promotes IL4-induced autophagy, and that IL4 promotes the formation and activation of the autophagy-specific PtdIns3K complex, which is essential for the nucleation, elongation, and formation of autophagosomes in B cells. This complex is composed of BECN1, PIK3R4, PIK3C3, and ATG14, and is responsible for recruiting essential ATG proteins to the phagophore assembly sites."
"Autophagy_dependent_cell_death","KEAP1","kelch like ECH associated protein 1","ENSG00000079999.14","protein_coding",25257172,"KEAP1 is related to autophagy through the p62/Keap1/Nrf2 system. p62 activates the antioxidant transcription factor Nrf2 by a non-canonical pathway, which is completely independent of the redox state, and involves the recruitment of Keap1 associated with the Cul3-ubiquitin E3 ligase complex responsible for degrading Nrf2. When phosphorylated at Ser351, p62 binds to aggregates of ubiquitylated proteins and increases its affinity for Keap1. This event induces Keap1 degradation via autophagy, leaving Nrf2 free to accumulate and translocate in the nucleus. Nrf2 binds to the antioxidant-responsive elements (ARE) in the promoter regions of antioxidant and detoxifying genes."
"Autophagy_dependent_cell_death","LAMTOR5","late endosomal/lysosomal adaptor, MAPK and MTOR activator 5","ENSG00000134248.14","protein_coding",31467416,"LAMTOR5 can directly interact with TLR4 and promote its localization in autophagosomes, thus promoting the autophagic degradation of TLR4. LAMTOR5 expression leads to the conversion of LC3-I to LC3-II and increased stability of p62 and reduces the activity of mTORC1, promoting the initiation of autophagy. "
"Autophagy_dependent_cell_death","MIRLET7B","microRNA let-7b","ENSG00000284520.1","miRNA",26296645,"MIRLET7B regulates autophagy by downregulating autophagy-related genes. Under ROS stimulation, the expression of autophagy-related genes in MSCs will increase, but this phenomenon will be suppressed after MIRLET7B transfection."
"Autophagy_dependent_cell_death","MTMR9","myotubularin related protein 9","ENSG00000104643.10","protein_coding",22647598,"The MTMR6/R9 complex can inhibit stress-induced apoptosis, whereas the MTMR8/R9 complex inhibits autophagy. Studies have shown that overexpression of MTMR8 and MTMR9 significantly increases the level of p62, while RNAi of both MTMR8 and MTMR9 significantly reduces the level of p62 in HeLa cells treated with 100 nM bafilomycin A1 for 3 hours. Unlike the upregulation of autophagy by the MTMR8/R9 complex, the inhibition of the MTMR8/R9 complex induces autophagy."
"Autophagy_dependent_cell_death","ORMDL3","ORMDL sphingolipid biosynthesis regulator 3","ENSG00000172057.10","protein_coding",35353673,"Increased ORMDL3 expression induces autophagy, resulting in impairing bronchial epithelial function in asthma by inhibiting intracellular calcium influx and inducing cell death. ORMDL3 is implicated in sphingolipid metabolism, the endoplasmic reticulum unfolded protein response, and concentration of intracellular calcium."
"Autophagy_dependent_cell_death","PJVK","pejvakin","ENSG00000204311.15","protein_coding",30936319,"PJVK can initiate autophagy degradation of peroxisomes damaged by oxidative stress by recruiting LC3B. In addition, PJVK can also mediate the autophagy degradation of lipid droplets by directly binding with LC3B, thereby protecting auditory cells from oxidative stress damage. PJVK regulates the autophagy process under noise-induced oxidative stress damage, providing a theoretical basis for the prevention of autophagy-related auditory injury."
"Autophagy_dependent_cell_death","PRKAG1","protein kinase AMP-activated non-catalytic subunit gamma 1","ENSG00000181929.13","protein_coding",31983282,"PRKAG1 was found to be a positive regulator of autophagy through its interaction with PRKDC. Under normal conditions, PRKDC interacts with the AMPK complex and phosphorylates its nucleotide-sensing subunit, promoting lysosomal activation of the AMPK complex. PRKDC-mediated phosphorylation of PRKAG1 primes cells for lysosomal activation by STK11 in cancer cells."
"Autophagy_dependent_cell_death","RMC1","regulator of MON1-CCZ1","ENSG00000141452.10","protein_coding",29038162,"The absence of RMC1 affects the steady-state and selective autophagy, and suppresses Autophagic flux. The study results indicate that RMC1 is an important cell membrane protein that participates in the process of intracellular waste removal. In particular, under normal conditions, Autophagic flux in cells is regulated by RMC1."
