"deathtype","gene","description","gene_id","gene_biotype","pmid","comment"
"Ferroptosis","RPL8","ribosomal protein L8","ENSG00000161016.18","protein_coding",22632970,"Required in erastin-induced ferroptosis. Silencing of it conferred against erastin-induced ferroptosis."
"Ferroptosis","IREB2","iron responsive element binding protein 2","ENSG00000136381.13","protein_coding",22632970,"Required in erastin-induced ferroptosis. Silencing of it conferred against erastin-induced ferroptosis."
"Ferroptosis","ATP5MC3","ATP synthase membrane subunit c locus 3","ENSG00000154518.10","protein_coding",22632970,"Required in erastin-induced ferroptosis. Silencing of it conferred against erastin-induced ferroptosis."
"Ferroptosis","CS","citrate synthase","ENSG00000062485.19","protein_coding",22632970,"Required in erastin-induced ferroptosis. Silencing of it conferred against erastin-induced ferroptosis."
"Ferroptosis","EMC2","ER membrane protein complex subunit 2","ENSG00000104412.8","protein_coding",22632970,"Required in erastin-induced ferroptosis. Silencing of it conferred against erastin-induced ferroptosis."
"Ferroptosis","ACSF2","acyl-CoA synthetase family member 2","ENSG00000167107.13","protein_coding",22632970,"Required in erastin-induced ferroptosis. Silencing of it conferred against erastin-induced ferroptosis."
"Ferroptosis","NOX1","NADPH oxidase 1","ENSG00000007952.18","protein_coding",22632970,"Suppresses erastin-induced ferroptosis when inhibited by inhibitor."
"Ferroptosis","CYBB","cytochrome b-245 beta chain","ENSG00000165168.9","protein_coding",22632970,"Suppresses erastin-induced ferroptosis when inhibited by inhibitor."
"Ferroptosis","NOX3","NADPH oxidase 3","ENSG00000074771.4","protein_coding",22632970,"Suppresses erastin-induced ferroptosis when inhibited by inhibitor."
"Ferroptosis","NOX4","NADPH oxidase 4","ENSG00000086991.13","protein_coding",22632970,"Suppresses erastin-induced ferroptosis when inhibited by inhibitor."
"Ferroptosis","NOX5","NADPH oxidase 5","ENSG00000290203.13","protein_coding",22632970,"Suppresses erastin-induced ferroptosis when inhibited by inhibitor."
"Ferroptosis","NOX5","NADPH oxidase 5","ENSG00000255346.11","protein_coding",22632970,"Suppresses erastin-induced ferroptosis when inhibited by inhibitor."
"Ferroptosis","DUOX1","dual oxidase 1","ENSG00000137857.18","protein_coding",22632970,"Suppresses erastin-induced ferroptosis when inhibited by inhibitor."
"Ferroptosis","DUOX2","dual oxidase 2","ENSG00000140279.13","protein_coding",22632970,"Suppresses erastin-induced ferroptosis when inhibited by inhibitor."
"Ferroptosis","G6PD","glucose-6-phosphate dehydrogenase","ENSG00000160211.20","protein_coding",22632970,"Required in erastin-induced ferroptosis."
"Ferroptosis","PGD","phosphogluconate dehydrogenase","ENSG00000142657.21","protein_coding",22632970,"Required in erastin-induced ferroptosis."
"Ferroptosis","VDAC2","voltage dependent anion channel 2","ENSG00000165637.14","protein_coding",22632970,"Required in erastin-induced ferroptosis."
"Ferroptosis","PIK3CA","phosphatidylinositol-4,5-bisphosphate 3-kinase catalytic subunit alpha","ENSG00000121879.6","protein_coding",24739485,"Inhibitor blocked ferroptotic cell death."
"Ferroptosis","FLT3","fms related receptor tyrosine kinase 3","ENSG00000122025.15","protein_coding",24739485,"Inhibitor blocked ferroptotic cell death."
"Ferroptosis","SCP2","sterol carrier protein 2","ENSG00000116171.19","protein_coding",25402683,"SCP-2 inhibitors showed anti-ferroptotic activity, which was substantiated by knocking down SCP-2 in Gpx4_?_?cells."
"Ferroptosis","TP53","tumor protein p53","ENSG00000141510.18","protein_coding",25799988,"Inhibits cystine uptake and sensitizes cells to ferroptosis. Erastin induced high levels of cell death in p53+/+ MEFs."
"Ferroptosis","ACSL4","acyl-CoA synthetase long chain family member 4","ENSG00000068366.21","protein_coding",25965523,"Deletion of this gene likely suppress ferroptosis by limiting the membrane-resident pool of oxidation-sensitive fatty acids."
"Ferroptosis","LPCAT3","lysophosphatidylcholine acyltransferase 3","ENSG00000111684.11","protein_coding",25965523,"Deletion of this gene likely suppress ferroptosis by limiting the membrane-resident pool of oxidation-sensitive fatty acids."
"Ferroptosis","NRAS","NRAS proto-oncogene, GTPase","ENSG00000213281.5","protein_coding",26157704,"NRAS12V mutant protects RMS13 cells from ferroptotic cell death."
"Ferroptosis","KRAS","KRAS proto-oncogene, GTPase","ENSG00000133703.14","protein_coding",26157704,"KRAS12V mutant protects RMS13 cells from ferroptotic cell death."
"Ferroptosis","HRAS","HRas proto-oncogene, GTPase","ENSG00000174775.18","protein_coding",26157704,"HRAS12V mutant protects RMS13 cells from ferroptotic cell death."
"Ferroptosis","TF","transferrin","ENSG00000091513.16","protein_coding",26166707,"Essential for the induction of ferroptotic cell death. Transferrin can only interact with transferrin receptor and be transported into the cell when it is loaded with iron."
"Ferroptosis","TFRC","transferrin receptor","ENSG00000072274.14","protein_coding",26166707,"RNAi of transferrin receptor (TfR) inhibited ferroptosis."
"Ferroptosis","TFR2","transferrin receptor 2","ENSG00000106327.13","protein_coding",26166707,"RNAi of transferrin receptor (TfR) inhibited ferroptosis."
"Ferroptosis","SLC38A1","solute carrier family 38 member 1","ENSG00000111371.16","protein_coding",26166707,"RNAi knockdown markedly blocked ferroptosis."
"Ferroptosis","SLC1A5","solute carrier family 1 member 5","ENSG00000105281.12","protein_coding",26166707,"Pharmacological inhibition by L-g-glutamyl-p-nitroanilide or RNAi knockdown markedly blocked ferroptosis."
"Ferroptosis","GLS2","glutaminase 2","ENSG00000135423.13","protein_coding",26166707,"Both inhibitor inhibition and gene knockdown inhibit ferroptotic cell death."
"Ferroptosis","GOT1","glutamic-oxaloacetic transaminase 1","ENSG00000120053.12","protein_coding",26166707,"RNAi reduced ferroptosis."
"Ferroptosis","CARS1","cysteinyl-tRNA synthetase 1","ENSG00000110619.18","protein_coding",26184909,"Required for ferroptosis in diverse cell contexts. Knockdown of CARS inhibited erastin-induced death by preventing the induction of lipid reactive oxygen species, without altering iron homeostasis."
"Ferroptosis","TP53","tumor protein p53","ENSG00000141510.18","protein_coding",26218928,"Wild type p53 can induce ferroptosis upon reactive oxygen species (ROS)-induced stress."
"Ferroptosis","ALOX5","arachidonate 5-lipoxygenase","ENSG00000012779.12","protein_coding",26235588,"The 5-Lipoxygenase inhibitor zileuton protected HT22 neuronal cells from erastin-induced ferroptosis."
"Ferroptosis","KEAP1","kelch like ECH associated protein 1","ENSG00000079999.14","protein_coding",26403645,"Knockdown of Keap1 reversed loss of p62-increased degradation of NRF2 in ferroptosis. Keap1 knockdown led to resistance to erastin-induced and sorafenib-induced growth inhibition with decreased ferroptotic events in the absence or presence of p62 knockdown."
"Ferroptosis","HMOX1","heme oxygenase 1","ENSG00000100292.18","protein_coding",26405158,"Zinc protoporphyrin IX, a HO-1 inhibitor, prevented Erastin-triggered ferroptotic cancer cell death. Overexpression accelerates erastin-induced cell death."
"Ferroptosis","TP53","tumor protein p53","ENSG00000141510.18","protein_coding",26943586,"p53^3KR/3KR Xrcc4^-/- MEF cells are very sensitive to ferroptosis. Stabilized in the spleens of p53^3KR/3KR Xrcc4^-/- mice which enables to prevent the development of pro-B-cell lymphomas."
"Ferroptosis","TP53","tumor protein p53","ENSG00000141510.18","protein_coding",27034505,"Incubation with erastin led to profound cell death in wild-type MEFs."
"Ferroptosis","GLS2","glutaminase 2","ENSG00000135423.13","protein_coding",27034505,"Upregulated in erastin-treated wild-type MEFs, and silencing Gls2 exihibits cell death defect in wild-type MEFs treated with erastin."
"Ferroptosis","ATG5","autophagy related 5","ENSG00000057663.16","protein_coding",27245739,"Knockout or knockdown limited erastin-induced ferroptosis."
"Ferroptosis","ATG7","autophagy related 7","ENSG00000197548.13","protein_coding",27245739,"Knockout or knockdown limited erastin-induced ferroptosis."
"Ferroptosis","NCOA4","nuclear receptor coactivator 4","ENSG00000266412.6","protein_coding",27245739,"Inhibition suppressed ferroptosis, and overexpression promoted ferroptosis."
"Ferroptosis","TF","transferrin","ENSG00000091513.16","protein_coding",27441659,"Involved in siramesine and lapatinib-induced ferroptotic cell death. Increased following treatment with lapatinib alone or in combination with siramesine. Knocking down of transferrin resulted in decreased cell death and ROS after treatment."
"Ferroptosis","ALOX5","arachidonate 5-lipoxygenase","ENSG00000012779.12","protein_coding",27506793,"Silencing ALOX genes made cells resistant to ferroptosis."
"Ferroptosis","ALOX12","arachidonate 12-lipoxygenase, 12S type","ENSG00000108839.12","protein_coding",27506793,"Silencing ALOX genes made cells resistant to ferroptosis."
"Ferroptosis","ALOX12B","arachidonate 12-lipoxygenase, 12R type","ENSG00000179477.11","protein_coding",27506793,"Silencing ALOX genes made cells resistant to ferroptosis."
"Ferroptosis","ALOX15","arachidonate 15-lipoxygenase","ENSG00000161905.13","protein_coding",27506793,"Silencing ALOX genes made cells resistant to ferroptosis."
"Ferroptosis","ALOX15B","arachidonate 15-lipoxygenase type B","ENSG00000179593.16","protein_coding",27506793,"Silencing ALOX genes made cells resistant to ferroptosis. Erastin-induced cell death was rescued by silencing either ALOX15B or ALOXE3, which supported the hypothesis that lipoxygenases are required for ferroptosis."
"Ferroptosis","ALOXE3","arachidonate lipoxygenase 3","ENSG00000179148.10","protein_coding",27506793,"Silencing ALOX genes made cells resistant to ferroptosis. Erastin-induced cell death was rescued by silencing either ALOX15B or ALOXE3, which supported the hypothesis that lipoxygenases are required for ferroptosis."
"Ferroptosis","PHKG2","phosphorylase kinase catalytic subunit gamma 2","ENSG00000156873.16","protein_coding",27506793,"U-2-OS cells became resistant to erastin upon PHKG2 silencing. Erastin-treated HT-1080 cells were rescued by shPHKG2."
"Ferroptosis","TFRC","transferrin receptor","ENSG00000072274.14","protein_coding",27514700,"The gene targets of the enriched shRNAs are potential genes that positively regulate ferroptosis."
"Ferroptosis","ACO1","aconitase 1","ENSG00000122729.19","protein_coding",27514700,"The gene targets of the enriched shRNAs are potential genes that positively regulate ferroptosis."
"Ferroptosis","IREB2","iron responsive element binding protein 2","ENSG00000136381.13","protein_coding",27514700,"The gene targets of the enriched shRNAs are potential genes that positively regulate ferroptosis."
"Ferroptosis","SLC38A1","solute carrier family 38 member 1","ENSG00000111371.16","protein_coding",27514700,"The gene targets of the enriched shRNAs are potential genes that positively regulate ferroptosis."
"Ferroptosis","GLS2","glutaminase 2","ENSG00000135423.13","protein_coding",27514700,"The gene targets of the enriched shRNAs are potential genes that positively regulate ferroptosis."
"Ferroptosis","G6PD","glucose-6-phosphate dehydrogenase","ENSG00000160211","protein_coding",27514700,"The gene targets of the enriched shRNAs are potential genes that positively regulate ferroptosis."
"Ferroptosis","ULK1","unc-51 like autophagy activating kinase 1","ENSG00000177169.10","protein_coding",27514700,"Potential positive regulators of ferroptosis. Knockout of ULK1 led to significantly lower levels of erastin-induced ferroptosis in a dose- and time-dependent manner."
"Ferroptosis","ATG3","autophagy related 3","ENSG00000144848.11","protein_coding",27514700,"Potential positive regulators of ferroptosis. Knockout of ATG3 greatly reduced the sensitivity of MEFs to ferropotosis, and reconstituting ATG3 back to these cells restored the ferroptosis sensitivity."
"Ferroptosis","ATG4D","autophagy related 4D cysteine peptidase","ENSG00000130734.10","protein_coding",27514700,"Potential positive regulators of ferroptosis."
"Ferroptosis","ATG5","autophagy related 5","ENSG00000057663.16","protein_coding",27514700,"Potential positive regulators of ferroptosis. Knockout of ATG5 led to significantly lower levels of erastin-induced ferroptosis in a dose- and time-dependent manner."
"Ferroptosis","BECN1","beclin 1","ENSG00000126581.13","protein_coding",27514700,"Potential positive regulators of ferroptosis."
"Ferroptosis","MAP1LC3A","microtubule associated protein 1 light chain 3 alpha","ENSG00000101460.13","protein_coding",27514700,"Potential positive regulators of ferroptosis."
"Ferroptosis","GABARAPL2","GABA type A receptor associated protein like 2","ENSG00000034713.8","protein_coding",27514700,"Potential positive regulators of ferroptosis."
"Ferroptosis","GABARAPL1","GABA type A receptor associated protein like 1","ENSG00000139112.11","protein_coding",27514700,"Potential positive regulators of ferroptosis."
"Ferroptosis","ATG16L1","autophagy related 16 like 1","ENSG00000085978.22","protein_coding",27514700,"Potential positive regulators of ferroptosis."
"Ferroptosis","WIPI1","WD repeat domain, phosphoinositide interacting 1","ENSG00000070540.13","protein_coding",27514700,"Potential positive regulators of ferroptosis."
"Ferroptosis","WIPI2","WD repeat domain, phosphoinositide interacting 2","ENSG00000157954.15","protein_coding",27514700,"Potential positive regulators of ferroptosis."
"Ferroptosis","SNX4","sorting nexin 4","ENSG00000114520.11","protein_coding",27514700,"Potential positive regulators of ferroptosis."
"Ferroptosis","ATG13","autophagy related 13","ENSG00000175224.17","protein_coding",27514700,"Knockout of ATG13 greatly reduced the sensitivity of MEFs to ferropotosis, and reconstituting ATG13 back to these cells restored the ferroptosis sensitivity."
"Ferroptosis","ULK2","unc-51 like autophagy activating kinase 2","ENSG00000083290.20","protein_coding",27514700,"Knockout of ULK2 led to significantly lower levels of erastin-induced ferroptosis in a dose- and time-dependent manner."
"Ferroptosis","NCOA4","nuclear receptor coactivator 4","ENSG00000266412.6","protein_coding",27514700,"Elimination of NCOA4 expression by RNAi knockdown significantly block ferroptosis"
"Ferroptosis","ACSL4","acyl-CoA synthetase long chain family member 4","ENSG00000068366.21","protein_coding",27565726,"Knockdown inhibited erastin-induced ferroptosis, whereas overexpression restored ferroptosis sensitization."
"Ferroptosis","TP53","tumor protein p53","ENSG00000141510.18","protein_coding",27705786,"p53 acetylation has a critical role in ferroptotic responses. Simultaneous loss of K98/117/161/162 acetylations is unable to induce ferroptosis, and its ability to thwart cancer growth is also abrogated."
"Ferroptosis","SAT1","spermidine/spermine N1-acetyltransferase 1","ENSG00000130066.17","protein_coding",27698118,"p53-mediated activation of SAT1 contributes to ferroptotic cell death in the presence of ROS stress. Knockdown of Sat1 partially rescued ROS-induced ferroptosis."
"Ferroptosis","ALOX15","arachidonate 15-lipoxygenase","ENSG00000161905.13","protein_coding",27698118,"SAT1- and ROS-induced ferroptosis was completely abrogated by PD146176, an ALOX15-specific inhibitor."
"Ferroptosis","ACSL4","acyl-CoA synthetase long chain family member 4","ENSG00000068366.21","protein_coding",27842066,"Inhibition of ACSL4 was effective in protecting against RSL3-induced cell death. Acsl4 KO cells are resistant to ferroptosis."
"Ferroptosis","LPCAT3","lysophosphatidylcholine acyltransferase 3","ENSG00000111684.11","protein_coding",27842066,"Knockdown of Lpcat3 increased resistance to ferroptosis triggered by RSL3."
"Ferroptosis","ALOX15","arachidonate 15-lipoxygenase","ENSG00000161905.13","protein_coding",27842066,"Liproxstatin-1 inhibited the 15-LOX enzymatic activity and suppressed ferroptosis."
"Ferroptosis","ACSL4","acyl-CoA synthetase long chain family member 4","ENSG00000068366.21","protein_coding",27842070,"An essential proferroptotic gene. Re-expression of Flag-tagged human wild-type (WT) ACSL4 (ACSL4-Flag) in Acsl4 KO Pfa1 cells restored full sensitivity to ferroptosis induction. Inhibition showed significantly prolonged survival compared to vehicle-treated mice."
"Ferroptosis","KEAP1","kelch like ECH associated protein 1","ENSG00000079999.14","protein_coding",28012440,"Keap 1 silencing decreased ferroptosis."
"Ferroptosis","EGFR","epidermal growth factor receptor","ENSG00000146648.21","protein_coding",28297659,"Cell death in activated EGFR mutant cells occurs by ferroptosis. Inhibiting EGFR and MAPK signaling rescued cell viability following cystine withdrawal."
"Ferroptosis","NOX4","NADPH oxidase 4","ENSG00000086991.13","protein_coding",28297659,"Inhibition of NADPH oxidase 4 (NOX4) blocked ferroptosis."
"Ferroptosis","MAPK3","mitogen-activated protein kinase 3","ENSG00000102882.12","protein_coding",28297659,"Inhibiting EGFR and MAPK signaling rescued cell viability following cystine withdrawal."
"Ferroptosis","MAPK1","mitogen-activated protein kinase 1","ENSG00000100030.15","protein_coding",28297659,"Inhibiting EGFR and MAPK signaling rescued cell viability following cystine withdrawal."
"Ferroptosis","BID","BH3 interacting domain death agonist","ENSG00000015475.19","protein_coding",28384611,"BID deletion prevents erastin- and glutamate-induced cell death. BID inhibition inhibited erastin-induced ferroptosis."
"Ferroptosis","ACSL4","acyl-CoA synthetase long chain family member 4","ENSG00000068366.21","protein_coding",28551825,"Knockout of Acsl4 in ferroptosis-sensitive cells conferred protection from erastin- and RSL3-induced cell death."
"Ferroptosis","ZEB1","zinc finger E-box binding homeobox 1","ENSG00000148516.23","protein_coding",28678785,"Knockout of ZEB1 prevents cell death induced by GPX4 inhibition."
"Ferroptosis","KEAP1","kelch like ECH associated protein 1","ENSG00000079999.14","protein_coding",28805788,"Keap1 inhibition promotes resistance to ferroptosis."
"Ferroptosis","DPP4","dipeptidyl peptidase 4","ENSG00000197635.11","protein_coding",28813679,"Required for ferroptosis in TP53-deficient CRC cells."
"Ferroptosis","ALOX15","arachidonate 15-lipoxygenase","ENSG00000161905.13","protein_coding",28837253,"Suppression of ferroptosis following ALOX15 silencing was detected in cancer cells. Cells with exogenous expression of ALOX15 had an increased cell death rate following RSL3 treatment."
"Ferroptosis","ALOX12","arachidonate 12-lipoxygenase, 12S type","ENSG00000108839.12","protein_coding",28837253,"12__OX inhibitors prevented cell death, whereas ALOX12 overexpression significantly enhanced cell death. ALOX12 expression was gradually elevated during the erastin or RSL3 treatments, and was stable in the late stage of ferroptosis."
"Ferroptosis","CDKN2A","cyclin dependent kinase inhibitor 2A","ENSG00000147889.18","protein_coding",28985506,"Combination of ARF induction and ROS treatment induced ferroptotic cell death. Knockdown of endogenous ARF protected cells from ROS-induced cell death."
"Ferroptosis","PEBP1","phosphatidylethanolamine binding protein 1","ENSG00000089220.5","protein_coding",29053969,"Elevated levels of PEBP1 resulted in increased sensitivity of HK2 cells to RSL3 whereas lowered contents of PEBP1 in HAEC and HT22 cells were associated with decreased sensitivity to ferroptosis."
"Ferroptosis","SOCS1","suppressor of cytokine signaling 1","ENSG00000185338.7","protein_coding",29081404,"Expression of SOCS1 sensitized cells to ferroptosis inducer. This effect of SOCS1 was efficiently blocked by ferroptosis inhibitor. Expression of SOCS1 reduced the levels of GSH, explaining in part its ability to sensitize cells to ferroptosis."
"Ferroptosis","CDO1","cysteine dioxygenase type 1","ENSG00000129596.5","protein_coding",29144989,"CDO1 suppression contributes to ferroptosis resistance."
"Ferroptosis","MYB","MYB proto-oncogene, transcription factor","ENSG00000118513.20","protein_coding",29144989,"Erastin-induced ferroptosis was restrained when c-Myb was suppressed."
"Ferroptosis","HMOX1","heme oxygenase 1","ENSG00000100292.18","protein_coding",29274359,"Inhibiting HO-1 effectively attenuated BAY-induced ferroptotic cell death. Defective HO-1 expression significantly rescued cell survival suppressed by BAY."
"Ferroptosis","MAPK8","mitogen-activated protein kinase 8","ENSG00000107643.17","protein_coding",29330409,"JNK1/2 inhibitors inhibited t-BHP-induced ferroptosis. t-BHP treatment significantly increased the protein expression of p-JNK."
"Ferroptosis","MAPK9","mitogen-activated protein kinase 9","ENSG00000050748.18","protein_coding",29330409,"JNK1/2 inhibitors inhibited t-BHP-induced ferroptosis. t-BHP treatment significantly increased the protein expression of p-JNK."
"Ferroptosis","MAPK1","mitogen-activated protein kinase 1","ENSG00000100030.15","protein_coding",29330409,"ERK1/2 inhibitors inhibited t-BHP-induced ferroptosis. t-BHP treatment significantly increased the protein expression of p-ERK."
"Ferroptosis","MAPK3","mitogen-activated protein kinase 3","ENSG00000102882.12","protein_coding",29330409,"ERK1/2 inhibitors inhibited t-BHP-induced ferroptosis. t-BHP treatment significantly increased the protein expression of p-ERK."
"Ferroptosis","SLC1A5","solute carrier family 1 member 5","ENSG00000105281.12","protein_coding",29348676,"Overexpression of SLC1A5 restored miR-137-mediated ferroptosis suppression."
"Ferroptosis","CHAC1","ChaC glutathione specific gamma-glutamylcyclotransferase 1","ENSG00000128965.13","protein_coding",29383104,"CHAC1 degradation of GSH might enhance cystine-starvation-induced cell death."
"Ferroptosis","MAPK14","mitogen-activated protein kinase 14","ENSG00000112062.12","protein_coding",29436589,"Ferroptosis was blocked by inhibiting p38 MAPK activation."
"Ferroptosis","LINC00472","long intergenic non-protein coding RNA 472","ENSG00000233237.8","lncRNA",29588351,"Increases erastin-induced growth inhibition, whereas depletion of P53RRA decreased erastin-induced growth inhibition."
"Ferroptosis","NOX4","NADPH oxidase 4","ENSG00000086991.13","protein_coding",29702192,"Activated  Nox4  contributes to  PAB-induced  ferroptotic cell death. knockdown made cells resistant to PAB-induced death."
"Ferroptosis","GOT1","glutamic-oxaloacetic transaminase 1","ENSG00000120053.12","protein_coding",30035324,"Overexpression of miR_? suppressed GOT1, which subsequently reduced ferroptosis. Overexpression of GOT1 restored miR_? mediated ferroptosis suppression."
"Ferroptosis","BECN1","beclin 1","ENSG00000126581.13","protein_coding",30057310,"Knockdown inhibits ferroptosis. Overexpression increases ferroptotic cancer cell death."
"Ferroptosis","PRKAA2","protein kinase AMP-activated catalytic subunit alpha 2","ENSG00000162409.12","protein_coding",30057310,"Inhibition of PRKAA/AMPKalpha diminishes ferroptosis."
"Ferroptosis","PRKAA1","protein kinase AMP-activated catalytic subunit alpha 1","ENSG00000132356.12","protein_coding",30057310,"Inhibition of PRKAA/AMPKalpha diminishes ferroptosis."
"Ferroptosis","ELAVL1","ELAV like RNA binding protein 1","ENSG00000066044.15","protein_coding",30081711,"ELAVL1 siRNA led to ferroptosis resistance, whereas ELAVL1 plasmid contributed to classical ferroptotic events."
"Ferroptosis","BAP1","BRCA1 associated protein 1","ENSG00000163930.10","protein_coding",30202049,"Suppresses SLC7A11-mediated cystine uptake and promotes ferroptosis. BAP1 mutants lose their abilities to repress SLC7A11 and to promote ferroptosis."
"Ferroptosis","TP53","tumor protein p53","ENSG00000141510.18","protein_coding",30321484,"Facilitates ART-induced ferroptosis. Conversely, knockdown of P53 blocked ART-induced ferroptosis."
"Ferroptosis","ABCC1","ATP binding cassette subfamily C member 1","ENSG00000103222.20","protein_coding",30726737,"Accelerates ferroptosis. Disruption of MRP1 inhibited ferroptosis potently."
"Ferroptosis","ACSL4","acyl-CoA synthetase long chain family member 4","ENSG00000068366.21","protein_coding",30737476,"Inhibition suppresses ferroptosis."
"Ferroptosis","MIR6852","microRNA 6852","ENSG00000284195.1","miRNA",30787392,"Promotes ferroptosis. Binds to LINC0033 and serves as a negative upstream regulator of CBS-mediated ferroptosis inhibition."
"Ferroptosis","ACVR1B","activin A receptor type 1B","ENSG00000135503.13","protein_coding",30804470,"Inhibition attenuated erastin-induced ferroptosis."
"Ferroptosis","TGFBR1","transforming growth factor beta receptor 1","ENSG00000106799.14","protein_coding",30804470,"Inhibition attenuated erastin-induced ferroptosis."
"Ferroptosis","BAP1","BRCA1 associated protein 1","ENSG00000163930.10","protein_coding",30907299,"Promotes ferroptosis induced by class I ferroptosis inducer."
"Ferroptosis","EPAS1","endothelial PAS domain protein 1","ENSG00000116016.14","protein_coding",30962421,"A driver of ferroptosis susceptibility. Ablation reduced susceptibility to ferroptosis."
"Ferroptosis","HILPDA","hypoxia inducible lipid droplet associated","ENSG00000135245.10","protein_coding",30962421,"Promotes ferroptosis sensitivity downstream of HIF-2alpha."
"Ferroptosis","HIF1A","hypoxia inducible factor 1 subunit alpha","ENSG00000100644.17","protein_coding",30962421,"Re-sensitized HIF-2alpha-null cells to ferroptosis.  Induce ferroptosis sensitivity in cancer cells."
"Ferroptosis","ALOX12","arachidonate 12-lipoxygenase, 12S type","ENSG00000108839.12","protein_coding",30962574,"An essential factor of p53-dependent ferroptosis. Loss of one Alox12 allele is sufficient to abrogate p53-mediated ferroptosis."
"Ferroptosis","ACSL4","acyl-CoA synthetase long chain family member 4","ENSG00000068366.21","protein_coding",30962574,"Required for ferroptosis induced by erastin. ACSL4-null cells are resistant to ferroptosis induced by either erastin."
"Ferroptosis","HMOX1","heme oxygenase 1","ENSG00000100292.18","protein_coding",31036877,"Enhances the ferroptotic process in PRDX6-silenced cells by promoting cellular accumulation of ferrous ions. Overexpression increases both erastin and RSL-3-induced lipid ROS."
"Ferroptosis","IFNG","interferon gamma","ENSG00000111537.5","protein_coding",31043744,"Interferon gamma released from CD8+ T cells downregulates the expression of SLC3A2 and SLC7A11, and as a consequence, promotes tumour cell lipid peroxidation and ferroptosis."
"Ferroptosis","ANO6","anoctamin 6","ENSG00000177119.17","protein_coding",31060306,"Essential for ferroptosis. Inhibition blocked ferroptotic cell death induced by RSL3/erastin."
"Ferroptosis","LPIN1","lipin 1","ENSG00000134324.12","protein_coding",31061954,"Overexpression of adipose lipin_? in mice facilitated the onset of hepatic ferroptosis."
"Ferroptosis","HMGB1","high mobility group box 1","ENSG00000189403.15","protein_coding",31105999,"Required for erastin-induced ferroptosis. Knockdown of HMGB1 decreased erastin-induced cell death."
"Ferroptosis","TNFAIP3","TNF alpha induced protein 3","ENSG00000118503.17","protein_coding",31160087,"Overexpression increased ROS generation and enhanced erastin-induced ferroptosis, whereas knockdown inhibited erastin-induced ferroptosis."
"Ferroptosis","TLR4","toll like receptor 4","ENSG00000136869.16","protein_coding",31196626,"Knockdown inhibited ferroptosis."
"Ferroptosis","NOX4","NADPH oxidase 4","ENSG00000086991.13","protein_coding",31196626,"Knockdown inhibited ferroptosis."
"Ferroptosis","ATF3","activating transcription factor 3","ENSG00000162772.17","protein_coding",31273299,"Promotes ferroptosis induced by erastin."
"Ferroptosis","ATM","ATM serine/threonine kinase","ENSG00000149311.20","protein_coding",31320750,"Essential for ferroptosis. Genetic knockdown and chemical inhibition of ATM both suppress ferroptotic cell death."
"Ferroptosis","YY1AP1","YY1 associated protein 1","ENSG00000163374.20","protein_coding",31341276,"Makes cells more sensitive to ferroptosis. Cells lacking YAP were no longer sensitised to ferroptosis."
"Ferroptosis","EGLN2","egl-9 family hypoxia inducible factor 2","ENSG00000269858.6","protein_coding",31355331,"Inhibiting EGLN2 activation diminished ferroptotic tumor cell death."
"Ferroptosis","MIOX","myo-inositol oxygenase","ENSG00000100253.13","protein_coding",31437128,"Overexpression exacerbates cell death, knockdown inhibits ferroptosis."
"Ferroptosis","TAFAZZIN","tafazzin, phospholipid-lysophospholipid transacylase","ENSG00000102125.17","protein_coding",31484063,"TAZ removal confers ferroptosis resistance, whereas overexpression of TAZS89A sensitizes cells to ferroptosis."
"Ferroptosis","MTDH","metadherin","ENSG00000147649.10","protein_coding",31527591,"Can enhance sensitivity to inducers of ferroptosis. Enhances the vulnerability of cancer cells to ferroptosis."
"Ferroptosis","IDH1","isocitrate dehydrogenase (NADP(+)) 1","ENSG00000138413.14","protein_coding",31591388,"Deletion of the mutant IDH1 allele or pharmacological inhibition of mutant IDH1 confers resistance to erastin-induced ferroptosis. Ectopic expression of mutant IDH1 promotes ferroptosis."
"Ferroptosis","SIRT1","sirtuin 1","ENSG00000096717.12","protein_coding",31610175,"Knockout partially mitigates ferroptosis."
"Ferroptosis","TAFAZZIN","tafazzin, phospholipid-lysophospholipid transacylase","ENSG00000102125.17","protein_coding",31641008,"TAZ removal confers ferroptosis resistance, while TAZS89A overexpression sensitizes cells to ferroptosis."
"Ferroptosis","BECN1","beclin 1","ENSG00000126581.13","protein_coding",31650158,"Overexpression aggravated isoflurane-induced cell damage by upregulating ferroptosis. This phenomenon was significantly attenuated by silencing of Beclin1."
"Ferroptosis","FBXW7","F-box and WD repeat domain containing 7","ENSG00000109670.17","protein_coding",31679460,"FBXW7 plasmid induces ferroptosis."
"Ferroptosis","PANX1","pannexin 1","ENSG00000110218.9","protein_coding",31694915,"Deletion protects against ferroptotic cell death. Silenced Panx1 expression significantly attenuated ferroptotic lipid peroxidation and iron accumulation induced by the ferroptosis inducer erastin."
"Ferroptosis","DNAJB6","DnaJ heat shock protein family (Hsp40) member B6","ENSG00000105993.15","protein_coding",31701262,"Promotes ferroptosis in esophageal squamous cell carcinoma."
"Ferroptosis","BACH1","BTB domain and CNC homolog 1","ENSG00000156273.16","protein_coding",31740582,"Promotes ferroptosis by repressing the transcription of a subset of the erastin-induced protective genes."
"Ferroptosis","ACSL4","acyl-CoA synthetase long chain family member 4","ENSG00000068366.21","protein_coding",31789401,"Overexpression induced ferroptosis. The opposite results were observed when ACSL4 was silenced."
"Ferroptosis","LONP1","lon peptidase 1, mitochondrial","ENSG00000196365.12","protein_coding",31822343,"Inhibition of LONP1 negatively regulates erastin-induced cell death."
"Ferroptosis","CD82","CD82 molecule","ENSG00000085117.12","protein_coding",33655331,"This study identified that the high expression of the KAI1 gene promoted the occurrence of ferroptosis in PC cells through its extensive effect on FPN and GPX4."
"Ferroptosis","IL1B","interleukin 1 beta","ENSG00000125538.12","protein_coding",33376672,"We observed that both IL-1Î² and FAC induced reactive oxygen species (ROS), and lipid ROS accumulation and ferroptosis related protein expression changes in chondrocytes. Ferrostatin-1, a ferroptosis specific inhibitor, attenuated the cytotoxicity, ROS and lipid-ROS accumulation and ferroptosis related protein expression changes induced by IL-1Î² and FAC and facilitated the activation of Nrf2 antioxidant system."
"Ferroptosis","CTSB","cathepsin B","ENSG00000164733.22","protein_coding",33340545,"Cathepsin B is an executioner of ferroptosis"
"Ferroptosis","POR","cytochrome p450 oxidoreductase","ENSG00000127948.17","protein_coding",33321093,"The oxidoreductases POR and CYB5R1 are required for ferroptosis. Knockdown of POR in vivo protects ConA-induced ferroptotic liver damage"
"Ferroptosis","CYB5R1","cytochrome b5 reductase 1","ENSG00000159348.13","protein_coding",33321093,"The oxidoreductases POR and CYB5R1 are required for ferroptosis. Genetic knockout of POR and CYB5R1 decreases cellular hydrogen peroxide generation, preventing lipid peroxidation and ferroptosis."
"Ferroptosis","ELOVL5","ELOVL fatty acid elongase 5","ENSG00000012660.14","protein_coding",33288688,"Biochemical and lipidomics analyses support the hypothesis that ELOVL5 and FADS1 are required to maintain intracellular levels of AA and AdA and promote ferroptosis."
"Ferroptosis","FADS1","fatty acid desaturase 1","ENSG00000149485.19","protein_coding",33288688,"Biochemical and lipidomics analyses support the hypothesis that ELOVL5 and FADS1 are required to maintain intracellular levels of AA and AdA and promote ferroptosis."
"Ferroptosis","ALOX12","arachidonate 12-lipoxygenase, 12S type","ENSG00000108839.12","protein_coding",33290842,"Hydrogen sulfide guards myoblasts from ferroptosis by inhibiting ALOX12 acetylation."
"Ferroptosis","FBXW7","F-box and WD repeat domain containing 7","ENSG00000109670.17","protein_coding",33271455,"Results revealed that FBW7 regulated lipid peroxidation and promoted ferroptosis, a non-apoptotic form of cell death."
"Ferroptosis","PTEN","phosphatase and tensin homolog","ENSG00000171862.14","protein_coding",33229547,"Notably, we found that cancer cells carrying PIK3CA activating mutation or PTEN deletion appeared to be more resistant to RSL3. These mutations lead to the activation of the oncogenic PI3K-AKT signaling pathway. Therefore, sustained activation of the PI3K-AKT-mTOR pathway protects cancer cells from ferroptotic cell death."
"Ferroptosis","NR1D1","nuclear receptor subfamily 1 group D member 1","ENSG00000126368.6","protein_coding",33068011,"Targeted inhibition of Rev-erb-Î±/Î² limits ferroptosis to ameliorate folic acid-induced AKI in mice."
"Ferroptosis","NR1D2","nuclear receptor subfamily 1 group D member 2","ENSG00000174738.13","protein_coding",33068011,"Targeted inhibition of Rev-erb-Î±/Î² limits ferroptosis to ameliorate folic acid-induced AKI in mice."
"Ferroptosis","TBK1","TANK binding kinase 1","ENSG00000183735.11","protein_coding",33312375,"hTBK1-c.978T>A mutation significantly inhibited the proliferation of NSC-34 cells via inducing cell ferroptosis, while the effect of TBK1 mutation was notably reversed by Ferrostatin-1 or p62 siRNA."
"Ferroptosis","IL6","interleukin 6","ENSG00000136244.12","protein_coding",33166496,"IL-6 exposure caused cartilage cell ferroptosis by inducing cellular oxidative stress and disturbing iron homeostasis. Overexpressing miR-10a-5p suppressed IL-6R expression, and partially abolished IL-6-induced ferroptosis."
"Ferroptosis","USP7","ubiquitin specific peptidase 7","ENSG00000187555.17","protein_coding",33157209,"USP7 promotes ferroptosis in the I/R-treated hearts via activation of p53/TfR1 pathway."
"Ferroptosis","MIR182","microRNA 182","ENSG00000207990","miRNA",33116120,"In conclusion, we demonstrated that I/R induced upregulation of miR-182-5p and miR-378a-3p, leading to activation of ferroptosis in renal injury through downregulation of GPX4 and SLC7A11."
"Ferroptosis","MIR378A","microRNA 378a","ENSG00000199047.3","miRNA",33116120,"In conclusion, we demonstrated that I/R induced upregulation of miR-182-5p and miR-378a-3p, leading to activation of ferroptosis in renal injury through downregulation of GPX4 and SLC7A11."
"Ferroptosis","CTSB","cathepsin B","ENSG00000164733.22","protein_coding",33268027,"Mechanistically, nuclear CTSB accumulation causes DNA damage and subsequent activation of the stimulator of interferon response CGAMP interactor 1 (STING1/STING)-dependent DNA sensor pathway, which ultimately leads to autophagy-dependent ferroptosis."
"Ferroptosis","ACSL4","acyl-CoA synthetase long chain family member 4","ENSG00000068366.21","protein_coding",33070393,"Inhibition of ACSL4 attenuates ferroptotic damage after pulmonary ischemia-reperfusion."
"Ferroptosis","ATF4","activating transcription factor 4","ENSG00000128272.18","protein_coding",33055209,"We identify ATF4 as differentially expressed in P47 and S47 cells and show that ATF4 can reverse the redox status and rescue metabolism of S47 cells, as well as increase sensitivity to ferroptosis."
"Ferroptosis","BECN1","beclin 1","ENSG00000126581.13","protein_coding",33058849,"Beclin1 haploinsufficiency rescues low ambient temperature-induced cardiac remodeling and contractile dysfunction through inhibition of ferroptosis and mitochondrial injury."
"Ferroptosis","AQP3","aquaporin 3 (Gill blood group)","ENSG00000165272.16","protein_coding",33017631,"Further, we observed that aquaporin (AQP) 3, 5, and 8 bind nicotinamide-adenine dinucleotide phosphate oxidase 2 and regulate the permeability of extracellular H2O2, thereby contributing to ferroptosis."
"Ferroptosis","AQP5","aquaporin 5","ENSG00000161798.7","protein_coding",33017631,"Further, we observed that aquaporin (AQP) 3, 5, and 8 bind nicotinamide-adenine dinucleotide phosphate oxidase 2 and regulate the permeability of extracellular H2O2, thereby contributing to ferroptosis."
"Ferroptosis","AQP8","aquaporin 8","ENSG00000103375.11","protein_coding",33017631,"Further, we observed that aquaporin (AQP) 3, 5, and 8 bind nicotinamide-adenine dinucleotide phosphate oxidase 2 and regulate the permeability of extracellular H2O2, thereby contributing to ferroptosis."
"Ferroptosis","LINC00618","long intergenic non-protein coding RNA 618","","lncRNA",33002417,"LINC00618 also accelerates ferroptosis by increasing the levels of lipid reactive oxygen species (ROS) and iron, two surrogate markers of ferroptosis, and decreasing the expression of solute carrier family 7 member 11 (SLC7A11)"
"Ferroptosis","IREB2","iron responsive element binding protein 2","ENSG00000136381.13","protein_coding",32947011," Further studies have found that ART could lead to the accumulation of IRP 2 a in hepatic stellate cell by inhibiting the ubiquitination of it, thus inducing the increase of iron in HSC (hepatic stellate cell), which could product a large number of ROS (reactive oxide species), resulting the occurrence of ferroptosis in cells."
"Ferroptosis","MT1DP","metallothionein 1D, pseudogene","ENSG00000205361.10","transcribed_pseudogene",32929075,"We found that ectopic expression of MT1DP sensitized A549 and H1299 cells to erastin-induced ferroptosis through downregulation of NRF2."
"Ferroptosis","ACSL4","acyl-CoA synthetase long chain family member 4","ENSG00000068366.21","protein_coding",32939090,"_NA_"
"Ferroptosis","PEX10","peroxisomal biogenesis factor 10","ENSG00000157911.11","protein_coding",32939090,"Genome-wide CRISPR screens identify peroxisome components as contributors to ferroptosis susceptibility."
"Ferroptosis","KEAP1","kelch like ECH associated protein 1","ENSG00000079999.14","protein_coding",32939090,"_NA_"
"Ferroptosis","AGPAT3","1-acylglycerol-3-phosphate O-acyltransferase 3","ENSG00000160216.21","protein_coding",32939090,"_NA_"
"Ferroptosis","PEX12","peroxisomal biogenesis factor 12","ENSG00000108733.11","protein_coding",32939090,"Genome-wide CRISPR screens identify peroxisome components as contributors to ferroptosis susceptibility."
"Ferroptosis","CHP1","calcineurin like EF-hand protein 1","ENSG00000187446.12","protein_coding",32939090,"_NA_"
"Ferroptosis","GPAT4","glycerol-3-phosphate acyltransferase 4","ENSG00000158669.11","protein_coding",32939090,"_NA_"
"Ferroptosis","BRPF1","bromodomain and PHD finger containing 1","ENSG00000156983.17","protein_coding",32939090,"_NA_"
"Ferroptosis","OSBPL9","oxysterol binding protein like 9","ENSG00000117859.19","protein_coding",32939090,"_NA_"
"Ferroptosis","INTS2","integrator complex subunit 2","ENSG00000108506.13","protein_coding",32939090,"_NA_"
"Ferroptosis","MMD","monocyte to macrophage differentiation associated","ENSG00000108960.9","protein_coding",32939090,"_NA_"
"Ferroptosis","CYP4F8","cytochrome P450 family 4 subfamily F member 8","ENSG00000186526.13","protein_coding",32939090,"_NA_"
"Ferroptosis","MLLT1","MLLT1 super elongation complex subunit","ENSG00000130382.9","protein_coding",32939090,"_NA_"
"Ferroptosis","TTPA","alpha tocopherol transfer protein","ENSG00000137561.5","protein_coding",32939090,"_NA_"
"Ferroptosis","GRIA3","glutamate ionotropic receptor AMPA type subunit 3","ENSG00000125675.20","protein_coding",32939090,"_NA_"
"Ferroptosis","SELENOI","selenoprotein I","ENSG00000138018","protein_coding",32939090,"_NA_"
"Ferroptosis","POM121L12","POM121 transmembrane nucleoporin like 12","ENSG00000221900.6","protein_coding",32939090,"_NA_"
"Ferroptosis","LIG3","DNA ligase 3","ENSG00000005156.12","protein_coding",32939090,"_NA_"
"Ferroptosis","AEBP2","AE binding protein 2","ENSG00000139154.16","protein_coding",32939090,"_NA_"
"Ferroptosis","AGPS","alkylglycerone phosphate synthase","ENSG00000018510.18","protein_coding",32939090,"Genome-wide CRISPR screens identify peroxisome components as contributors to ferroptosis susceptibility."
"Ferroptosis","CDCA3","cell division cycle associated 3","ENSG00000111665.12","protein_coding",32939090,"_NA_"
"Ferroptosis","PEX2","peroxisomal biogenesis factor 2","ENSG00000164751.15","protein_coding",32939090,"Genome-wide CRISPR screens identify peroxisome components as contributors to ferroptosis susceptibility."
"Ferroptosis","LPCAT3","lysophosphatidylcholine acyltransferase 3","ENSG00000111684.11","protein_coding",32939090,"_NA_"
"Ferroptosis","PEX6","peroxisomal biogenesis factor 6","ENSG00000124587.14","protein_coding",32939090,"_NA_"
"Ferroptosis","TIMM9","translocase of inner mitochondrial membrane 9","ENSG00000100575.14","protein_coding",32939090,"_NA_"
"Ferroptosis","DCAF7","DDB1 and CUL4 associated factor 7","ENSG00000136485.16","protein_coding",32939090,"_NA_"
"Ferroptosis","LCE2C","late cornified envelope 2C","ENSG00000187180.4","protein_coding",32939090,"_NA_"
"Ferroptosis","FAR1","fatty acyl-CoA reductase 1","ENSG00000197601.14","protein_coding",32939090,"Genome-wide CRISPR screens identify peroxisome components as contributors to ferroptosis susceptibility."
"Ferroptosis","PHF21A","PHD finger protein 21A","ENSG00000135365.17","protein_coding",32939090,"_NA_"
"Ferroptosis","SMAD7","SMAD family member 7","ENSG00000101665.10","protein_coding",32939090,"_NA_"
"Ferroptosis","LYRM1","LYR motif containing 1","ENSG00000102897.10","protein_coding",32939090,"_NA_"
"Ferroptosis","AMN","amnion associated transmembrane protein","ENSG00000166126.11","protein_coding",32939090,"_NA_"
"Ferroptosis","PEX3","peroxisomal biogenesis factor 3","ENSG00000034693.15","protein_coding",32939090,"Genome-wide CRISPR screens identify peroxisome components as contributors to ferroptosis susceptibility."
"Ferroptosis","MTCH1","mitochondrial carrier 1","ENSG00000137409.21","protein_coding",32939090,"_NA_"
"Ferroptosis","ZEB1","zinc finger E-box binding homeobox 1","ENSG00000148516.23","protein_coding",32896720,"CDH1 silencing or ZEB1 overexpression increased the susceptibility to ferroptosis, whereas CDH overexpression or ZEB1 silencing decreased the susceptibility, in vitro and in vivo."
"Ferroptosis","SIRT1","sirtuin 1","ENSG00000096717.12","protein_coding",32896720,"Histone deacetylase SIRT1 gene silencing or pharmacological inhibition by EX-527 suppressed EMT and consequently decreased ferroptosis, whereas SIRT inducers, resveratrol and SRT1720, increased ferroptosis."
"Ferroptosis","ACADSB","acyl-CoA dehydrogenase short/branched chain","ENSG00000196177.13","protein_coding",32776663,"Overexpression of ACADSB inhibits CRC cell migration, invasion, and proliferation, while ACADSB knockdown has the opposite effect. More importantly, the study finds that ACADSB negatively regulates expression of glutathione reductase and glutathione peroxidase 4, the two main enzymes responsible for clearing glutathione (GSH) in CRC cells."
"Ferroptosis","PVT1","Pvt1 oncogene","ENSG00000249859.14","lncRNA",32827544,"PVT1 silencing or miR-214 overexpression significantly reduced infarct size and suppressed ferroptosis in vivo."
"Ferroptosis","IARS1","isoleucyl-tRNA synthetase 1","ENSG00000196305","protein_coding",32802409,"These evidences suggested cIARS to be a positive regulator of ferroptosis in HCC cells."
"Ferroptosis","SLC39A14","solute carrier family 39 member 14","ENSG00000104635.15","protein_coding",32374849,"Loss of hepatic Slc39a14 protects against ferroptosis-induced liver fibrosis in Trf-LKO mice"
"Ferroptosis","NCOA4","nuclear receptor coactivator 4","ENSG00000266412.6","protein_coding",32810738,"Additionally, NCOA4 expression was inhibited, which reduced degradation of ferritin and suppressed ferroptosis."
"Ferroptosis","MAP3K11","mitogen-activated protein kinase kinase kinase 11","ENSG00000173327.8","protein_coding",32710001,"Inhibition of MLK3 improves cardiac function and inhibits ferroptosis at week 8 of TAC."
"Ferroptosis","GSK3B","glycogen synthase kinase 3 beta","ENSG00000082701.17","protein_coding",32642794,"Silence of GSK-3Î² blocked erastin-induced ferroptosis with less production of ROS and malondialdehyde (MDA) via upregulation of GPX4 and downregulation of arachidonate 15-lipoxygenase (Alox15), overexpression of GSK-3Î² enhanced erastin-triggered ferroptosis with elevated ROS and MDA"
"Ferroptosis","MAPK8","mitogen-activated protein kinase 8","ENSG00000107643.17","protein_coding",32782585,"Knockdown of JNK results in loss of SAS__nduced cell proliferation inhibition and cell death."
"Ferroptosis","BRD7","bromodomain containing 7","ENSG00000166164.16","protein_coding",32863216,"Upregulated BRD7 expression contributes to HSC ferroptosis."
"Ferroptosis","TP53","tumor protein p53","ENSG00000141510.18","protein_coding",32863216,"Additionally, p53 knockdown and S392A mutant both can reduced the classical ferroptotic events by BRD7 knockin, including redox-active iron overload, lipid ROS accumulation, GSH depletion, and lipid peroxidation."
"Ferroptosis","SLC25A28","solute carrier family 25 member 28","ENSG00000155287.12","protein_coding",32863216,"As expected, shRNA-mediated knockdown of SLC25A28 completely abolished the mitochondrial iron accumulation, and, in turn, impaired BRD7 knockin-enhanced ferroptotic cell death (Fig. 4G) and classical ferroptotic events."
"Ferroptosis","ACSL4","acyl-CoA synthetase long chain family member 4","ENSG00000068366.21","protein_coding",32593899,"Inhibition of ACSL4 suppresses ferroptosis, inflammation and lipid accumulation triggered by arsenic."
"Ferroptosis","MFN2","mitofusin 2","ENSG00000116688.18","protein_coding",32593899,"Thus, Mfn2 appeared to act as a driving role in the evolution of ferroptosis and NASH induced by NaAsO2."
"Ferroptosis","ACSL4","acyl-CoA synthetase long chain family member 4","ENSG00000068366.21","protein_coding",32541921,"Knockdown of ACSL4 expression by specific siRNA/sgRNA significantly attenuated sorafenib-induced lipid peroxidation and ferroptosis in Huh7 cells, and also rescued sorafenibinduced inhibition of xenograft tumor growth in vivo."
"Ferroptosis","SLC11A2","solute carrier family 11 member 2","ENSG00000110911.17","protein_coding",32535745,"Overexpression of DMT1 promoted H/R-induced cell ferroptosis."
"Ferroptosis","ZFAS1","ZNFX1 antisense RNA 1","ENSG00000177410.13","lncRNA",32453709,"lncRNA ZFAS1 promotes lung fibroblast-to-myofibroblast transition and ferroptosis via functioning as a ceRNA through miR-150- 5p/SLC38A1 axis."
"Ferroptosis","SLC38A1","solute carrier family 38 member 1","ENSG00000111371.16","protein_coding",32453709,"Mechanistically, silencing of lncRNA ZFAS1 attenuated ferroptosis and PF progression by lncRNA ZFAS1 acting as a competing endogenous RNA (ceRNA) and sponging miR-150-5p to downregulate SLC38A1 expression."
"Ferroptosis","TSC1","TSC complex subunit 1","ENSG00000165699.15","protein_coding",32404875,"Haploinsufficiency of Tsc1 in tubular cells prevents cisplatin-induced tubular cell death and AKI."
"Ferroptosis","PEBP1","phosphatidylethanolamine binding protein 1","ENSG00000089220.5","protein_coding",32513718,"We found that PEBP1 KO HT22 cells demonstrated very high resistance to RSL3-induced ferroptosis compared with wild-type control cells."
"Ferroptosis","TGFB1","transforming growth factor beta 1","ENSG00000105329.11","protein_coding",32471991,"Therefore, PLC/PRF/5 cells and Huh7 cells were vulnerable to RSL3 in the presence of TGF-Î²1."
"Ferroptosis","SNCA","synuclein alpha","ENSG00000145335.17","protein_coding",32341450,"Alpha synuclein aggregation drives ferroptosis: an interplay of iron, calcium and lipid peroxidation."
"Ferroptosis","SIRT3","sirtuin 3","ENSG00000142082.15","protein_coding",32329068,"SIRT3 deficiency is resistant to autophagy__ependent ferroptosis by inhibiting the AMPK/mTOR pathway and promoting GPX4 levels."
"Ferroptosis","PRKAA2","protein kinase AMP-activated catalytic subunit alpha 2","ENSG00000162409.12","protein_coding",32329068,"Suppression of AMPK impairs SIRT3__nhanced ferroptosis."
"Ferroptosis","TFRC","transferrin receptor","ENSG00000072274.14","protein_coding",32283255,"Knockdown of TFRC suppresses CP depletion-enhanced ferroptosis."
"Ferroptosis","CGAS","cyclic GMP-AMP synthase","ENSG00000164430.17","protein_coding",32186434,"The CGAS-STING1 pathway promotes zalcitabine-induced ferroptosis."
"Ferroptosis","STING1","stimulator of interferon response cGAMP interactor 1","ENSG00000184584.14","protein_coding",32186434,"The CGAS-STING1 pathway promotes zalcitabine-induced ferroptosis."
"Ferroptosis","HDDC3","HD domain containing 3","ENSG00000184508.12","protein_coding",32462112,"Ferroptosis-inducing erastin or cystine deprivation elevates MESH1, whose overexpression depletes NADPH and sensitizes cells to ferroptosis, whereas MESH1 depletion promotes ferroptosis survival by sustaining the levels of NADPH and GSH and by reducing lipid peroxidation."
"Ferroptosis","MIR761","microRNA 761","ENSG00000283899.1","miRNA",32196629,"Additionally, circ-TTBK2 knockdown or miR-761 increase could retard cell proliferation, invasion, and promote ferroptosis in glioma cells."
"Ferroptosis","MDM2","MDM2 proto-oncogene","ENSG00000135679.27","protein_coding",32079652,"MDM2 and MDMX promote ferroptosis by PPARÎ±-mediated lipid remodeling."
"Ferroptosis","MDM4","MDM4 regulator of p53","ENSG00000198625.14","protein_coding",32079652,"MDM2 and MDMX promote ferroptosis by PPARÎ±-mediated lipid remodeling."
"Ferroptosis","ALOX15","arachidonate 15-lipoxygenase","ENSG00000161905.13","protein_coding",32080625,"Indeed, knocking down (KD) of 15-LOX in M2 RAW 264.7 macrophages and EOC 20 cells resulted in significantly reduced sensitivity to ferroptosis triggered by RSL3 (Figs. 1e,f and supplementary Fig. 1e, f)."
"Ferroptosis","POR","cytochrome p450 oxidoreductase","ENSG00000127948.17","protein_coding",32080622,"These data indicate that POR is a key enzyme involved in the execution of ML210/RSL3-induced ferroptotic cell death in melanoma and ccRCC cells."
"Ferroptosis","MIR214","microRNA 214","ENSG00000283844.1","miRNA",31960438,"MicroRNA-214-3p enhances erastin-induced ferroptosis by targeting ATF4 in hepatoma cells."
"Ferroptosis","DLD","dihydrolipoamide dehydrogenase","ENSG00000091140.15","protein_coding",31931284,"DLD links to ferroptosis induced by cystine deprivation or import inhibition. DLD gene silencing caused a significant reduction in cellular and lipid ROS levels induced by cystine deprivation but did not change intracellular GSH contents."
"Ferroptosis","LONP1","lon peptidase 1, mitochondrial","ENSG00000196365.12","protein_coding",31822343,"Inhibition of LONP1 protects against erastin-induced ferroptosis in Pancreatic ductal adenocarcinoma PANC1 cells."
"Ferroptosis","ACSL4","acyl-CoA synthetase long chain family member 4","ENSG00000068366.21","protein_coding",31789401,"ACSL4 suppresses glioma cells proliferation via activating ferroptosis."
"Ferroptosis","BACH1","BTB domain and CNC homolog 1","ENSG00000156273.16","protein_coding",31740582,"These results showed that BACH1 promoted ferroptosis in MEFs."
"Ferroptosis","DNAJB6","DnaJ heat shock protein family (Hsp40) member B6","ENSG00000105993.15","protein_coding",31701262,"DNAJB6 Promotes Ferroptosis in Esophageal Squamous Cell Carcinoma."
"Ferroptosis","WWTR1","WW domain containing transcription regulator 1","ENSG00000018408.15","protein_coding",31641008,"TAZ removal confers ferroptosis resistance, while TAZS89A overexpression sensitizes cells to ferroptosis."
"Ferroptosis","SIRT1","sirtuin 1","ENSG00000096717.12","protein_coding",31610175,"Intestinal SIRT1 Deficiency Inhibits Hepatic Ferroptosis in Ethanol-Administrated Mice."
"Ferroptosis","ATM","ATM serine/threonine kinase","ENSG00000149311.20","protein_coding",31320750,"Taken together, we found ATM inhibition protects against ferroptosis by reducing the labile iron pool."
"Ferroptosis","PRKCA","protein kinase C alpha","ENSG00000154229.12","protein_coding",31173656,"Similarly, genetic knockdown of PKCÎ± significantly protected RMS cells from Erastin-induced cell death."
"Ferroptosis","LGMN","legumain","ENSG00000100600.15","protein_coding",33431801,"Legumain promotes tubular ferroptosis by facilitating chaperone-mediated autophagy of GPX4 in AKI."
"Ferroptosis","ACSL4","acyl-CoA synthetase long chain family member 4","ENSG00000068366.21","protein_coding",33444733,"ACSL4 promotes postischemic neuronal ferroptosis."
"Ferroptosis","TP53","tumor protein p53","ENSG00000141510.18","protein_coding",33927351,"p53 promotes RT-induced ferroptosis partly through antagonizing SLC7A11 induction."
"Ferroptosis","IFNG","interferon gamma","ENSG00000111537.5","protein_coding",34318944,"IFNÎ³ sensitized tumor cells to ferroptosis in vitro."
"Ferroptosis","SMPD1","sphingomyelin phosphodiesterase 1","ENSG00000166311.10","protein_coding",33414455,"Importantly, genetic activation of ASM increases ferroptosis in cancer cells induced by various FINs."
"Ferroptosis","MYCN","MYCN proto-oncogene, bHLH transcription factor","ENSG00000134323.13","protein_coding",34011924,"MYCN confers cell sensitivity to ferroptosis upon GPX4 inhibition."
"Ferroptosis","SLC11A2","solute carrier family 11 member 2","ENSG00000110911.17","protein_coding",34427071,"Conversely, DMT1 knockdown by siRNA evidently blocked temozolomide-induced ferroptosis in TG905 cells."
"Ferroptosis","IFNA1","interferon alpha 1","ENSG00000197919.6","protein_coding",34385713,"Together, our results demonstrate that the autoantibodies and the increased IFN-Î± in SLE sera downregulate the expression of GPX4 and lead to neutrophil ferroptosis."
"Ferroptosis","IFNA2","interferon alpha 2","ENSG00000188379.7","protein_coding",34385713,"Together, our results demonstrate that the autoantibodies and the increased IFN-Î± in SLE sera downregulate the expression of GPX4 and lead to neutrophil ferroptosis."
"Ferroptosis","IFNA4","interferon alpha 4","ENSG00000236637.5","protein_coding",34385713,"Together, our results demonstrate that the autoantibodies and the increased IFN-Î± in SLE sera downregulate the expression of GPX4 and lead to neutrophil ferroptosis."
"Ferroptosis","IFNA5","interferon alpha 5","ENSG00000147873.6","protein_coding",34385713,"Together, our results demonstrate that the autoantibodies and the increased IFN-Î± in SLE sera downregulate the expression of GPX4 and lead to neutrophil ferroptosis."
"Ferroptosis","IFNA6","interferon alpha 6","ENSG00000120235.5","protein_coding",34385713,"Together, our results demonstrate that the autoantibodies and the increased IFN-Î± in SLE sera downregulate the expression of GPX4 and lead to neutrophil ferroptosis."
"Ferroptosis","IFNA7","interferon alpha 7","ENSG00000214042.1","protein_coding",34385713,"Together, our results demonstrate that the autoantibodies and the increased IFN-Î± in SLE sera downregulate the expression of GPX4 and lead to neutrophil ferroptosis."
"Ferroptosis","IFNA8","interferon alpha 8","ENSG00000120242.4","protein_coding",34385713,"Together, our results demonstrate that the autoantibodies and the increased IFN-Î± in SLE sera downregulate the expression of GPX4 and lead to neutrophil ferroptosis."
"Ferroptosis","IFNA10","interferon alpha 10","ENSG00000186803.3","protein_coding",34385713,"Together, our results demonstrate that the autoantibodies and the increased IFN-Î± in SLE sera downregulate the expression of GPX4 and lead to neutrophil ferroptosis."
"Ferroptosis","IFNA13","interferon alpha 13","ENSG00000233816.4","protein_coding",34385713,"Together, our results demonstrate that the autoantibodies and the increased IFN-Î± in SLE sera downregulate the expression of GPX4 and lead to neutrophil ferroptosis."
"Ferroptosis","IFNA14","interferon alpha 14","ENSG00000228083.3","protein_coding",34385713,"Together, our results demonstrate that the autoantibodies and the increased IFN-Î± in SLE sera downregulate the expression of GPX4 and lead to neutrophil ferroptosis."
"Ferroptosis","IFNA16","interferon alpha 16","ENSG00000147885.4","protein_coding",34385713,"Together, our results demonstrate that the autoantibodies and the increased IFN-Î± in SLE sera downregulate the expression of GPX4 and lead to neutrophil ferroptosis."
"Ferroptosis","IFNA17","interferon alpha 17","ENSG00000234829.4","protein_coding",34385713,"Together, our results demonstrate that the autoantibodies and the increased IFN-Î± in SLE sera downregulate the expression of GPX4 and lead to neutrophil ferroptosis."
"Ferroptosis","IFNA21","interferon alpha 21","ENSG00000137080.4","protein_coding",34385713,"Together, our results demonstrate that the autoantibodies and the increased IFN-Î± in SLE sera downregulate the expression of GPX4 and lead to neutrophil ferroptosis."
"Ferroptosis","SMG9","SMG9 nonsense mediated mRNA decay factor","ENSG00000105771.14","protein_coding",34146907,"SMG9 drives ferroptosis by directly inhibiting GPX4 degradation."
"Ferroptosis","NR1D1","nuclear receptor subfamily 1 group D member 1","ENSG00000126368.6","protein_coding",34673015,"Kidney-specific loss of Rev-erbÎ± attenuates AAI-induced ferroptosis and renal injury in mice."
"Ferroptosis","ACSL4","acyl-CoA synthetase long chain family member 4","ENSG00000068366.21","protein_coding",34053456,"ACSL4 positively regulated ferroptosis in lung adenocarcinoma."
"Ferroptosis","PPARG","peroxisome proliferator activated receptor gamma","ENSG00000132170.24","protein_coding",34478917,"PPARG drives ferroptosis in DCs."
"Ferroptosis","TLR4","toll like receptor 4","ENSG00000136869.16","protein_coding",34343528,"Inhibition of TLR4 prevents the activation of ferroptosis following HIBD."
"Ferroptosis","IL6","interleukin 6","ENSG00000136244.12","protein_coding",34402724,"Interleukin-6 promotes ferroptosis in bronchial epithelial cells by inducing reactive oxygen species-dependent lipid peroxidation and disrupting iron homeostasis."
"Ferroptosis","MIR335","microRNA 335","ENSG00000199043.1","miRNA",33649797,"miR-335 promotes ferroptosis by targeting ferritin heavy chain 1 in in vivo and in vitro models of Parkinson's disease."
"Ferroptosis","ATF3","activating transcription factor 3","ENSG00000162772.17","protein_coding",34098867,"However, ATF3 elevated ferroptosis in SGC7901/DDP and BGC823/DDP cells."
"Ferroptosis","HMOX1","heme oxygenase 1","ENSG00000100292.18","protein_coding",33895485,"Excessive activation of HO-1 via Nrf2__LC7A11__O-1 hierarchy contributes to RPE ferroptosis."
"Ferroptosis","HMGB1","high mobility group box 1","ENSG00000189403.15","protein_coding",33565572,"Collectively, these data revealed the suppression of HMGB1 prevents against glucose-induced ferroptosis in mesangial cells."
"Ferroptosis","EPAS1","endothelial PAS domain protein 1","ENSG00000116016.14","protein_coding",34561933,"D-mannose-induced downregulation of HIF-2Î± inhibits OA progression through suppressing chondrocyte ferroptosis."
"Ferroptosis","SNX5","sorting nexin 5","ENSG00000089006.17","protein_coding",34134000,"Super-enhancer-driven Sorting Nexin 5 expression promotes dopaminergic neuronal ferroptosis in Parkinson's disease models."
"Ferroptosis","PAQR3","progestin and adipoQ receptor family member 3","ENSG00000163291.14","protein_coding",33955706,"PAQR3 aggravated ferroptosis in ALL."
"Ferroptosis","MICU1","mitochondrial calcium uptake 1","ENSG00000107745.20","protein_coding",33822458,"MICU1 deficiency suppresses cold stress-induced ferroptosis."
"Ferroptosis","NOX4","NADPH oxidase 4","ENSG00000086991.13","protein_coding",33774476,"NOX4 promotes ferroptosis by oxidative stress-induced lipid peroxidation in human astrocytes."
"Ferroptosis","TOR2A","torsin family 2 member A","ENSG00000160404.18","protein_coding",34296310,"The data clearly demonstrated that salusin-Î² might be responsible for HG-induced ferroptosis via inhibiting the Nrf-2 signaling pathway."
"Ferroptosis","MIR375","microRNA 375","ENSG00000198973.4","miRNA",34090492,"MiR-375 reduces the stemness of gastric cancer cells through triggering ferroptosis."
"Ferroptosis","MAP3K14","mitogen-activated protein kinase kinase kinase 14","ENSG00000006062.18","protein_coding",34558831,"NIK Acts Cell Autonomously to Promote Hepatocyte Ferroptosis."
"Ferroptosis","SIRT3","sirtuin 3","ENSG00000142082.15","protein_coding",33872694,"Collectively, our studies indicate that SIRT3 functions to inhibit AKT-dependent mitochondrial metabolism and EMT, leading to ferroptosis and tumor suppression."
"Ferroptosis","KDM4C","lysine demethylase 4C","ENSG00000107077.19","protein_coding",33733556,"CircKDM4C upregulates P53 by sponging hsa-let-7b-5p to induce ferroptosis in acute myeloid leukemia."
"Ferroptosis","MIR324","microRNA 324","ENSG00000199053.3","miRNA",33662669,"miR-324-3p reverses cisplatin resistance by inducing GPX4-mediated ferroptosis in lung adenocarcinoma cell line A549."
"Ferroptosis","QSOX1","quiescin sulfhydryl oxidase 1","ENSG00000116260.17","protein_coding",33770521,"QSOX1 promotes sorafenib-induced ferroptosis by downregulating NRF2 in HCC cells."
"Ferroptosis","MIB2","MIB E3 ubiquitin protein ligase 2","ENSG00000197530.13","protein_coding",34121396,"Knockdown of MIB2 alleviated neuron death and ferroptosis induced by sevoflurane exposure."
"Ferroptosis","CLTRN","collectrin, amino acid transport regulator","ENSG00000147003.7","protein_coding",33508374,"CLTRN overexpression can increase ferroptosis in HCC, and CLTRN can enhance the radiosensitivity of HCC cells through the ferroptosis pathway."
"Ferroptosis","KLF2","KLF transcription factor 2","ENSG00000127528.6","protein_coding",34520818,"Mechanistically, KLF2 deficiency is sufficient to inhibit ferroptosis on account of the impairment of transcriptional repression of GPX4 and thus promotes the migration and invasion of RCC cells."
"Ferroptosis","MIR5096","","","miRNA",34571083,"Ectopically expressed miR-5096 causes ferroptotic cell death by elevating iron accumulation and oxidation of GSH but decreases MMP."
"Ferroptosis","TFRC","transferrin receptor","ENSG00000072274.14","protein_coding",34369274,"In conclusion, TFRC increased the iron content, mediated the release of ROS, activated mitophagy, and induced lipid peroxidation, which further promoted the ferroptosis of KGN cells."
"Ferroptosis","HOTAIR","HOX transcript antisense RNA","ENSG00000228630.6","lncRNA",33906483,"Overexpression of HOTAIR reversed the ferroptosis inhibition effects of PAN in hemin-treated neurons."
"Ferroptosis","H19","H19 imprinted maternally expressed transcript","ENSG00000130600.21","lncRNA",34288826,"Over-expression of H19 suppressed cell viability and promoted ferroptosis of BMVECs."
"Ferroptosis","FOXO4","forkhead box O4","ENSG00000184481.17","protein_coding",34296293,"In addition, the inhibitory effects of ENPP2 on DOX-induced ferroptosis were significantly reduced by FoxO4 overexpression, as demonstrated by increased Fe2+ and lipid ROS activity levels, decreased SLC7A11, GPX4 and FPN1 expression, and increased NOX4 expression, which were observed following FoxO4 overexpression (Fig. 6A-C)."
"Ferroptosis","ELAVL1","ELAV like RNA binding protein 1","ENSG00000066044.15","protein_coding",33568052,"Knockdown of ELAVL1 suppresses ferroptosis and H/R injury."
"Ferroptosis","YTHDC2","YTH N6-methyladenosine RNA binding protein C2","ENSG00000047188.16","protein_coding",33785413,"YTHDC2 is an endogenous ferroptosis inducer in LUAD cells."
"Ferroptosis","DDR2","discoidin domain receptor tyrosine kinase 2","ENSG00000162733.19","protein_coding",33603168,"DDR2 elevation in recurrent tumor cells contributes to its ferroptosis sensitivity."
"Ferroptosis","SLC39A7","solute carrier family 39 member 7","ENSG00000112473.19","protein_coding",33608508,"The genetic and chemical inhibition of ZIP7 protect cells against ferroptosis."
"Ferroptosis","TRIM46","tripartite motif containing 46","ENSG00000163462.19","protein_coding",34487731,"Taken together, these data demonstrate that TRIM46 directly facilitates HG-induced ferroptosis in HRCECs."
"Ferroptosis","ACSL1","acyl-CoA synthetase long chain family member 1","ENSG00000151726.16","protein_coding",33854057,"These results demonstrate that ACSL1 promotes Î±ESA-triggered cell death."
"Ferroptosis","KDM5A","lysine demethylase 5A","ENSG00000073614.13","protein_coding",33741422,"KDM5A inhibition decreases ferroptosis sensitivity in erPCC."
"Ferroptosis","TRIM21","tripartite motif containing 21","ENSG00000132109.10","protein_coding",34233258,"Loss of TRIM21 alleviates cardiotoxicity by suppressing ferroptosis induced by the chemotherapeutic agent doxorubicin."
"Ferroptosis","HMOX1","heme oxygenase 1","ENSG00000100292.18","protein_coding",34508760,"HMOX1 upregulation promotes ferroptosis in diabetic atherosclerosis."
"Ferroptosis","DPEP1","dipeptidase 1","ENSG00000015413.10","protein_coding",34426578,"Dpep1 knockdown ameliorates cisplatin-induced apoptosis and ferroptosis."
"Ferroptosis","CYGB","cytoglobin","ENSG00000161544.10","protein_coding",33611811,"CYGB improved lipid oxidation and increased sensitivity to ferroptosis."
"Ferroptosis","IDO1","indoleamine 2,3-dioxygenase 1","ENSG00000131203.13","protein_coding",33899121,"Inhibition of IDO prevents reoxygenation-induced ferroptosis."
"Ferroptosis","GSTZ1","glutathione S-transferase zeta 1","ENSG00000100577.19","protein_coding",33931597,"GSTZ1 sensitizes hepatocellular carcinoma cells to sorafenib-induced ferroptosis via inhibition of NRF2/GPX4 axis."
"Ferroptosis","TP53","tumor protein p53","ENSG00000141510.18","protein_coding",33469287,"p53 promoted SPIO-Serum-induced ferroptosis."
"Ferroptosis","ACO1","aconitase 1","ENSG00000122729.19","protein_coding",34386079,"Overexpression of IRP1 significantly promotes erastin- and RSL3-induced ferroptosis."
"Ferroptosis","GJA1","gap junction protein alpha 1","ENSG00000152661.9","protein_coding",34785303,"Therefore, our results indicated that downregulation of Cx43 can inhibit ferroptosis by restoring the level of SLC7A11 in the system xc- transporter and alleviate cisplatin-induced AKI."
"Ferroptosis","IREB2","iron responsive element binding protein 2","ENSG00000136381.13","protein_coding",34307348,"IRP2 Silencing Attenuated Hemin-Induced Ferroptosis in Primary Neurons in vitro."
"Ferroptosis","SLC7A11","solute carrier family 7 member 11","ENSG00000151012.13","protein_coding",34722314,"SLC7A11 Induces Ferroptosis in NSCLC Cells."
"Ferroptosis","PGRMC1","progesterone receptor membrane component 1","ENSG00000101856.10","protein_coding",34749765,"Our data suggest that PGRMC1 promotes ferroptosis by xCT inhibition in PCC."
"Ferroptosis","CIRBP","cold inducible RNA binding protein","ENSG00000099622.14","protein_coding",34114349,"Suppression of CIRBP inhibits ferroptosis in HK2 cells."
"Ferroptosis","FAR1","fatty acyl-CoA reductase 1","ENSG00000197601.14","protein_coding",33731874,"Inactivation of FAR1 diminishes SFA-dependent ferroptosis."
"Ferroptosis","circPSEN1","","","circRNA",34903141,"Knockdown of circ-PSEN1 suppresses ferroptosis of HG-treated ARPE19 cells."
"Ferroptosis","USP11","ubiquitin specific peptidase 11","ENSG00000102226.10","protein_coding",34839355,"Increased expression of USP11 promotes ferroptosis."
"Ferroptosis","STING1","stimulator of interferon response cGAMP interactor 1","ENSG00000184584.14","protein_coding",34195205,"STING1 Promotes Ferroptosis Through MFN1/2-Dependent Mitochondrial Fusion."
"Ferroptosis","YAP1","Yes1 associated transcriptional regulator","ENSG00000137693.14","protein_coding",34977009,"Knockdown of YAP inhibits ferroptosis in HCC cells."
"Ferroptosis","HMOX1","heme oxygenase 1","ENSG00000100292.18","protein_coding",34388243,"Finally, inhibition or induction of Hmox1 decreased or increased cardiac ferroptosis in SCD mice, respectively."
"Ferroptosis","MIR135B","microRNA 135b","ENSG00000199059.3","miRNA",34485394,"miR-135b-3p Promotes Cardiomyocyte Ferroptosis by Targeting GPX4 and Aggravates Myocardial Ischemia/Reperfusion Injury."
"Ferroptosis","TRIM26","tripartite motif containing 26","ENSG00000234127.9","protein_coding",33869196,"TRIM26 Overexpression Promotes HSCs Ferroptosis."
"Ferroptosis","YAP1","Yes1 associated transcriptional regulator","ENSG00000137693.14","protein_coding",33707306,"The Hippo Pathway Effector YAP Promotes Ferroptosis via the E3 Ligase SKP2."
"Ferroptosis","NDRG1","N-myc downstream regulated 1","ENSG00000104419.17","protein_coding",34917147,"NDRG1 Activation Correlated with Ferroptosis Induction and EMT Inhibition."
"Ferroptosis","MIR302A","microRNA 302a","ENSG00000207927.1","miRNA",34181495,"MicroRNA-302a-3p induces ferroptosis of non-small cell lung cancer cells via targeting ferroportin."
"Ferroptosis","ASMTL-AS1","ASMTL antisense RNA 1","ENSG00000236017.8","lncRNA",34658100,"In conclusion, we first demonstrated that ASMTL-AS1 positively regulated SAT1 to promote ferroptosis and could stabilize SAT1 mRNA via recruiting U2AF2, shedding a light on a novel molecular mechanism in LUAD progression."
"Ferroptosis","ASMTL-AS1","ASMTL antisense RNA 1","ENSG00000236017.8_PAR_Y","lncRNA",34658100,"In conclusion, we first demonstrated that ASMTL-AS1 positively regulated SAT1 to promote ferroptosis and could stabilize SAT1 mRNA via recruiting U2AF2, shedding a light on a novel molecular mechanism in LUAD progression."
"Ferroptosis","ZFAS1","ZNFX1 antisense RNA 1","ENSG00000177410.13","lncRNA",34609043,"Inhibition of ZFAS1 repressed ferroptosis in mice with DbCM_?and HG__reated cardiomyocytes."
"Ferroptosis","FADS2","fatty acid desaturase 2","ENSG00000134824.14","protein_coding",34520742,"We unexpectedly found that siRNA depletion of FADS2, like treatment with DFO or the ferroptosis inhibitor ferrostatin-1 (Fer1) (Dixon et al., 2012), protected cells from ferroptosis induced by the cystine/glutamate transporter (xCT) inhibitor erastin and the GPX4 inhibitor RSL3 in Huh-7.5 cells (Figures 5A, 5B, and S5A)."
"Ferroptosis","PIEZO1","piezo type mechanosensitive ion channel component 1","ENSG00000103335.22","protein_coding",34568428,"Increased PIEZO1 expression or activation of PIEZO1 could activate Ca2+/calpain signaling, which promoted the cleavage VE-cadherin, thereby promoting ferroptosis."
"Ferroptosis","LIFR","LIF receptor subunit alpha","ENSG00000113594.10","protein_coding",34921145,"LIFR and SHP1 positively regulate ferroptosis while LCN2 negatively regulates ferroptosis."
"Ferroptosis","PTPN6","protein tyrosine phosphatase non-receptor type 6","ENSG00000111679.17","protein_coding",34921145,"LIFR and SHP1 positively regulate ferroptosis while LCN2 negatively regulates ferroptosis."
"Ferroptosis","MIR15A","microRNA 15a","ENSG00000283785.1","miRNA",34339707,"Overexpression of miR-15a-5p aggravated ferroptosis in hypoxic cardiomyocytes."
"Ferroptosis","EGR1","early growth response 1","ENSG00000120738.8","protein_coding",34339707,"Knockdown of Egr-1 alleviated ferroptosis in HL-1 cells under anoxic condition."
"Ferroptosis","ADAM23","ADAM metallopeptidase domain 23","ENSG00000114948.13","protein_coding",35003396,"Overexpression of ADAM23 suppressed tumorigenesis and promoted ferroptosis in esophageal carcinoma cells."
"Ferroptosis","ARHGEF26-AS1","ARHGEF26 antisense RNA 1","ENSG00000243069.9","lncRNA",35003396,"LncRNA ARHGEF26-AS1 Facilitated Ferroptosis but Restrained Cell Growth and Positively Regulated ADAM23 by Sponging miR-372-3p in ECC."
"Ferroptosis","ACSL4","acyl-CoA synthetase long chain family member 4","ENSG00000068366.21","protein_coding",33889074,"Inhibition of Acyl-CoA Synthetase Long-Chain Family Member 4 Suppresses Ferroptosis After Stroke."
"Ferroptosis","CPEB1","cytoplasmic polyadenylation element binding protein 1","ENSG00000214575.10","protein_coding",34184391,"CPEB1 enhances erastin-induced ferroptosis in gastric cancer cells by suppressing twist1 expression."
"Ferroptosis","COX4I2","cytochrome c oxidase subunit 4I2","ENSG00000131055.5","protein_coding",34026834,"Our research illustrated that the knockdown of Cox4i2 suppresses HHV7-induced RSC96 cell ferroptosis as well as apoptosis via the ERK signalling pathway."
"Ferroptosis","AABR07017145.1 ","","","lncRNA",34938604,"Importantly, we found that lncRNA AAB sponged and sequestered miR-30b-5p to induce the imbalance of MMP9/TIMP1, which enhanced the activation of transferrin receptor 1 (TFR-1) and then eventually led to the ferroptosis of CMECs."
"Ferroptosis","TIMP1","TIMP metallopeptidase inhibitor 1","ENSG00000102265.12","protein_coding",34938604,"Silencing TIMP1 inhibits CMEC ferroptosis by downregulation of TFR-1."
"Ferroptosis","MIR15A","microRNA 15a","ENSG00000283785.1","miRNA",34727409,"miR-15a-3p promotes ferroptosis through GPX4."
"Ferroptosis","KDM6B","lysine demethylase 6B","ENSG00000132510.11","protein_coding",34542160,"JMJD3 deficiency alleviates lipopolysaccharide__nduced acute lung injury by inhibiting alveolar epithelial ferroptosis in a Nrf2__ependent manner."
"Ferroptosis","NCOA4","nuclear receptor coactivator 4","ENSG00000266412.6","protein_coding",34634471,"Both in vivo and in vitro, NCOA4 deletion notably abrogated ferritinophagy caused by I/R injury and thus inhibited ferroptosis."
"Ferroptosis","GSK3B","glycogen synthase kinase 3 beta","ENSG00000082701.17","protein_coding",34732689,"GSK-3Î² knockdown suppresses erastin-induced ferroptosis."
"Ferroptosis","IFNG","interferon gamma","ENSG00000111537.5","protein_coding",34741776,"Interferon-Î³ induces retinal pigment epithelial cell Ferroptosis by a JAK1-2/STAT1/SLC7A11 signaling pathway in Age-related Macular Degeneration."
"Ferroptosis","METTL14","methyltransferase 14, N6-adenosine-methyltransferase subunit","ENSG00000145388.15","protein_coding",34648132,"METTL14 promotes doxorubicin-induced ferroptosis in cardiomyocytes."
"Ferroptosis","CHAC1","ChaC glutathione specific gamma-glutamylcyclotransferase 1","ENSG00000128965.13","protein_coding",34345279,"CHAC1 promotes ferroptosis."
"Ferroptosis","MIB1","MIB E3 ubiquitin protein ligase 1","ENSG00000101752.13","protein_coding",34670864,"The E3 Ligase MIB1 Promotes Proteasomal Degradation of NRF2 and Sensitizes Lung Cancer Cells to Ferroptosis."
"Ferroptosis","KDM5C","lysine demethylase 5C","ENSG00000126012.13","protein_coding",34522206,"KDM5C suppresses tumorigenicity largely by promoting ferroptosis."
"Ferroptosis","ACSL4","acyl-CoA synthetase long chain family member 4","ENSG00000068366.21","protein_coding",34734006,"Downregulation of ACSL4 inhibited sev-induced ferroptosis."
"Ferroptosis","MEG3","maternally expressed 3","ENSG00000214548.18","lncRNA",34587716,"Inhibition of Meg3 conferred protection to RBMVECs against OGD + HG-induced ferroptosis."
"Ferroptosis","CCDC6","coiled-coil domain containing 6","ENSG00000108091.11","protein_coding",34841108,"The genetic depletion of CCDC6, by shCCDC6, made the NTERA-2 cells resistant to erastin-induced ferroptosis (Fig. 5 A)."
"Ferroptosis","ATF3","activating transcription factor 3","ENSG00000162772.17","protein_coding",34112960,"Taken together, ATF3 contributes to brucine-induced glioma cell ferroptosis via increasing H2O2 and iron."
"Ferroptosis","IREB2","iron responsive element binding protein 2","ENSG00000136381.13","protein_coding",34039609,"IRP2 activation increases intracellular Fe+2 pool and sensitize cells to ferroptosis."
"Ferroptosis","CFL1","cofilin 1","ENSG00000172757.13","protein_coding",34657120,"Cofilin1 downregulation attenuates glutamate- and erastin-induced cell death."
"Ferroptosis","ALOXE3","arachidonate lipoxygenase 3","ENSG00000179148.10","protein_coding",33579899,"ALOXE3 knockdown renders GBM cells resistant to p53-induced ferroptosis."
"Ferroptosis","MIR539","microRNA 539","ENSG00000202560.4","miRNA",34601499,"miR-539 activates the SAPK/JNK signaling pathway to promote ferropotosis in colorectal cancer by directly targeting TIPE."
"Ferroptosis","KMT2D","lysine methyltransferase 2D","ENSG00000167548.18","protein_coding",34890228,"Mll4 deficiency impairs ferroptosis via rewired gene expression."
"Ferroptosis","PTGS2","prostaglandin-endoperoxide synthase 2","ENSG00000073756.13","protein_coding",24439385,"Simply a downstream marker of ferroptosis. The most upregulated gene in BJeLR cells upon treatment with either erastin or (1S, 3R)-RSL3, but ferroptotic cell death was not affected by inhibition of the enzyme."
"Ferroptosis","CHAC1","ChaC glutathione specific gamma-glutamylcyclotransferase 1","ENSG00000128965.13","protein_coding",24844246,"Up-regulated in erastin-treated samples.  A useful pharmacodynamic marker of system Xc- inhibition."
"Ferroptosis","SLC40A1","solute carrier family 40 member 1","ENSG00000138449.11","protein_coding",27773819,"Erastin-induced mRNA expression is upregulated in FANCD2-deficient cells."
"Ferroptosis","TF","transferrin","ENSG00000091513.16","protein_coding",27773819,"Erastin-induced mRNA expression is upregulated in FANCD2-deficient cells."
"Ferroptosis","TFRC","transferrin receptor","ENSG00000072274.14","protein_coding",27773819,"Erastin-induced mRNA expression is upregulated in FANCD2-deficient cells."
"Ferroptosis","FTH1","ferritin heavy chain 1","ENSG00000167996.16","protein_coding",27773819,"Erastin-induced mRNA expression is downregulated in FANCD2-deficient cells."
"Ferroptosis","GPX4","glutathione peroxidase 4","ENSG00000167468.20","protein_coding",27773819,"Erastin-induced mRNA expression is downregulated in FANCD2-deficient cells."
"Ferroptosis","HSPB1","heat shock protein family B (small) member 1","ENSG00000106211.10","protein_coding",27773819,"Erastin-induced mRNA expression is downregulated in FANCD2-deficient cells."
"Ferroptosis","NFE2L2","NFE2 like bZIP transcription factor 2","ENSG00000116044.17","protein_coding",27773819,"Erastin-induced mRNA expression is downregulated in FANCD2-deficient cells."
"Ferroptosis","GPX4","glutathione peroxidase 4","ENSG00000167468.20","protein_coding",30539824,"Upregulated in DFO-induced resistance to ferroptosis."
"Ferroptosis","FTH1","ferritin heavy chain 1","ENSG00000167996.16","protein_coding",33892112,"The present study aimed to investigate mitochondrial respiration and ferritin function as biomarkers of ferroptosis sensitivity in HepG2 and HA22T/VGH HCC cell lines, both typifying highly- and poorly-differentiated stages of tumor development."
"Ferroptosis","SLC7A11","solute carrier family 7 member 11","ENSG00000151012.13","protein_coding",22632970,"Silencing of SLC7A11 sensitized HT-1080 cells to erastin-induced death, whereas transfection of HT-1080 cells with a plasmid encoding SLC7A11 conferred protection from erastin- and sulfasalazine-induced death."
"Ferroptosis","GPX4","glutathione peroxidase 4","ENSG00000167468.20","protein_coding",24439385,"RNAi-mediated GPX4 knockdown induces ferroptosis."
"Ferroptosis","AKR1C1","aldo-keto reductase family 1 member C1","ENSG00000187134.14","protein_coding",24844246,"Up-regulated in DU-145 erastin-resistant clones. Participate in the detoxification of toxic lipid metabolites. May confer partial resistance to erastin by enhancing the detoxification of reactive aldehydes generated downstream of the oxidative destruction of the plasma membrane during ferroptosis."
"Ferroptosis","AKR1C2","aldo-keto reductase family 1 member C2","ENSG00000151632.18","protein_coding",24844246,"Up-regulated in DU-145 erastin-resistant clones. Participate in the detoxification of toxic lipid metabolites. May confer partial resistance to erastin by enhancing the detoxification of reactive aldehydes generated downstream of the oxidative destruction of the plasma membrane during ferroptosis."
"Ferroptosis","AKR1C3","aldo-keto reductase family 1 member C3","ENSG00000196139.14","protein_coding",24844246,"Up-regulated in DU-145 erastin-resistant clones. Participate in the detoxification of toxic lipid metabolites. May confer partial resistance to erastin by enhancing the detoxification of reactive aldehydes generated downstream of the oxidative destruction of the plasma membrane during ferroptosis."
"Ferroptosis","GPX4","glutathione peroxidase 4","ENSG00000167468.20","protein_coding",25402683,"Knockout of glutathione peroxidase 4 (Gpx4) causes cell death in a pathologically relevant form of ferroptosis. Knockdown renders cells more sensitive to ferroptosis-inducing agents."
"Ferroptosis","RB1","RB transcriptional corepressor 1","ENSG00000139687.16","protein_coding",25444922,"Rb knock-down cells exposed to sorafenib encounter ferroptosis. Lack of Rb sensitized HCC cells to the induction of ferroptosis."
"Ferroptosis","HSPB1","heat shock protein family B (small) member 1","ENSG00000106211.10","protein_coding",25728673,"Knockdown of HSF1 and HSPB1 enhances erastin-induced ferroptosis, whereas heat shock pretreatment and overexpression of HSPB1 inhibits erastin-induced ferroptosis."
"Ferroptosis","HSF1","heat shock transcription factor 1","ENSG00000185122.11","protein_coding",25728673,"Knockdown of HSF1 and HSPB1 enhances erastin-induced ferroptosis, whereas heat shock pretreatment and overexpression of HSPB1 inhibits erastin-induced ferroptosis."
"Ferroptosis","SLC7A11","solute carrier family 7 member 11","ENSG00000151012.13","protein_coding",25799988,"Overexpressed in human cancer specimens. Overexpression inhibits ROS-induced ferroptosis."
"Ferroptosis","GPX4","glutathione peroxidase 4","ENSG00000167468.20","protein_coding",25824823,"Ex vivo, Gpx4-deficient T cells rapidly accumulated membrane lipid peroxides and concomitantly underwent cell death driven by ferroptosis."
"Ferroptosis","GCLC","glutamate-cysteine ligase catalytic subunit","ENSG00000001084.13","protein_coding",26166707,"RNAi knockdown sensitized cell death induced by cystine starvation."
"Ferroptosis","SLC7A11","solute carrier family 7 member 11","ENSG00000151012.13","protein_coding",26218928,"Overexpression of SLC7A11 considerably abrogated ferroptosis."
"Ferroptosis","NFE2L2","NFE2 like bZIP transcription factor 2","ENSG00000116044.17","protein_coding",26403645,"NRF2 plays a central role in protecting hepatocellular carcinoma (HCC) cells against ferroptosis"
"Ferroptosis","SQSTM1","sequestosome 1","ENSG00000161011.20","protein_coding",26403645,"The interaction between p62 and Keap1 increased following erastin and sorafenib treatment. Knockdown of p62 suppressed NRF2 expression and promoted growth inhibition with increased ferroptotic events including GSH depletion, lipid ROS production, and an increase of iron levels."
"Ferroptosis","NQO1","NAD(P)H quinone dehydrogenase 1","ENSG00000181019.13","protein_coding",26403645,"Knockdown of p62, quinone oxidoreductase_?, heme oxygenase_?, and ferritin heavy chain_? by RNA interference in HCC cells promoted ferroptosis in response to erastin and sorafenib."
"Ferroptosis","HMOX1","heme oxygenase 1","ENSG00000100292.18","protein_coding",26403645,"Knockdown of p62, quinone oxidoreductase_?, heme oxygenase_?, and ferritin heavy chain_? by RNA interference in HCC cells promoted ferroptosis in response to erastin and sorafenib."
"Ferroptosis","FTH1","ferritin heavy chain 1","ENSG00000167996.16","protein_coding",26403645,"Knockdown of p62, quinone oxidoreductase_?, heme oxygenase_?, and ferritin heavy chain_? by RNA interference in HCC cells promoted ferroptosis in response to erastin and sorafenib."
"Ferroptosis","MUC1","mucin 1, cell surface associated","ENSG00000185499.17","protein_coding",26930718,"MUC1-C (C-terminal subunit) blocks erastin-induced ferroptosis and induces increases in GSH."
"Ferroptosis","SLC3A2","solute carrier family 3 member 2","ENSG00000168003.19","protein_coding",26945935,"Required for in vitro cell survival because of its role in protecting cells from ferroptosis."
"Ferroptosis","MT1G","metallothionein 1G","ENSG00000125144.14","protein_coding",27015352,"A negative regulator of ferroptosis in HCC cells. Knockdown of MT_?G by RNA interference increases glutathione depletion and lipid peroxidation, which contributes to sorafenib__nduced ferroptosis."
"Ferroptosis","NFE2L2","NFE2 like bZIP transcription factor 2","ENSG00000116044.17","protein_coding",27015352,"Required for sorafenib__nduced expression of MT_?G which is a ferroptosis suppressor."
"Ferroptosis","SLC40A1","solute carrier family 40 member 1","ENSG00000138449.11","protein_coding",27441659,"Involved in siramesine and lapatinib-induced ferroptotic cell death. Its expression is decreased after treatment with siramesine alone or in combination with lapatinib. Overexpression FPN resulted in decreased ROS and cell death whereas knockdown of FPN increased cell death after siramesine and lapatinib treatment."
"Ferroptosis","SLC7A11","solute carrier family 7 member 11","ENSG00000151012.13","protein_coding",27441659,"Knockdown increased cell death."
"Ferroptosis","GPX4","glutathione peroxidase 4","ENSG00000167468.20","protein_coding",27441659,"Knockdown increased cell death."
"Ferroptosis","SLC7A11","solute carrier family 7 member 11","ENSG00000151012.13","protein_coding",27477897,"Inhibition induces ferroptosis. Silencing of the SLC7A11 gene increases the cisplatin sensitivity of resistant HNC cells."
"Ferroptosis","CISD1","CDGSH iron sulfur domain 1","ENSG00000122873.12","protein_coding",27510639,"Genetic inhibition of CISD1 contributes to erastin-induced ferroptosis. Stabilization of the iron sulfur cluster of CISD1 inhibits ferroptosis."
"Ferroptosis","SLC7A11","solute carrier family 7 member 11","ENSG00000151012.13","protein_coding",27705786,"Elevated levels of expression are resistant to erastin-induced ferroptosis. Repression of SLC7A11 expression by p53 sensitized cells to undergo erastin-induced ferroptosis."
"Ferroptosis","FANCD2","FA complementation group D2","ENSG00000144554.13","protein_coding",27773819,"Inhibits erastin-induced ferroptosis. Plays a novel role in the negative regulation of ferroptosis."
"Ferroptosis","GPX4","glutathione peroxidase 4","ENSG00000167468.20","protein_coding",27964880,"Protects lipid peroxidation. Cell damage induced by GPx4 ablation is involved in ferroptosis."
"Ferroptosis","NFE2L2","NFE2 like bZIP transcription factor 2","ENSG00000116044.17","protein_coding",28012440,"Nrf2 activation contributes to the resistance of HNCs to artesunate-induced ferroptosis. Nrf2 inhibition sensitizes head and neck cancer cells to artesunate-induced ferroptosis."
"Ferroptosis","FTMT","ferritin mitochondrial","ENSG00000181867.3","protein_coding",28066232,"Overexpression significantly inhibited erastin-induced ferroptosis."
"Ferroptosis","HSPA5","heat shock protein family A (Hsp70) member 5","ENSG00000044574.9","protein_coding",28130223,"Negatively regulates ferroptosis. Suppression of HSPA5 expression increased erastin-induced death. Overexpressed HSPA5 inhibited erastin-induced ferroptotic cell death."
"Ferroptosis","ATF4","activating transcription factor 4","ENSG00000128272.18","protein_coding",28130223,"Inhibition of ATF4 expression increased erastin-induced cell death. ATF4 results in the induction of HSPA5, which in turn protects against GPX4 protein degradation and subsequent ferroptosis."
"Ferroptosis","SLC7A11","solute carrier family 7 member 11","ENSG00000151012.13","protein_coding",28195347,"Slc7a11 deletion increases susceptibility to iron overload-induced ferroptosis."
"Ferroptosis","GPX4","glutathione peroxidase 4","ENSG00000167468.20","protein_coding",28212525,"Ferroptosis drives neurodegeneration in Gpx4BIKO mice."
"Ferroptosis","GPX4","glutathione peroxidase 4","ENSG00000167468.20","protein_coding",28297659,"Downregulation conferred increased sensitivity to ferroptosis following cystine deprivation."
"Ferroptosis","HMOX1","heme oxygenase 1","ENSG00000100292.18","protein_coding",28515173,"Demonsrates antiferroptotic role. HO-1 deficiency promotes erastin-induced ferroptosis."
"Ferroptosis","ATF4","activating transcription factor 4","ENSG00000128272.18","protein_coding",28553953,"ATF4 expression induces acquired cell death resistance. ATF4 knockdown renders cells susceptible for ferroptosis."
"Ferroptosis","NFE2L2","NFE2 like bZIP transcription factor 2","ENSG00000116044.17","protein_coding",28805788,"Nrf2 over expression promotes resistance to ferroptosis."
"Ferroptosis","TP53","tumor protein p53","ENSG00000141510.18","protein_coding",28813679,"Inhibits ferroptosis in human colorectal cancer (CRC) cells. Loss of TP53 restored erastin sensitivity. Inhibits cell death induction by erastin in human CRC cells."
"Ferroptosis","SLC7A11","solute carrier family 7 member 11","ENSG00000151012.13","protein_coding",28813679,"Knockdown sensitized cells to erastin."
"Ferroptosis","HELLS","helicase, lymphoid specific","ENSG00000119969.16","protein_coding",28900510,"LSH inhibits ferroptosis by decreasing the intracellular levels of iron and lipid ROS."
"Ferroptosis","SCD","stearoyl-CoA desaturase","ENSG00000099194.6","protein_coding",28900510,"Depletion of the SCD1 and FADS2 metabolic genes induces ferroptosis."
"Ferroptosis","FADS2","fatty acid desaturase 2","ENSG00000134824.14","protein_coding",28900510,"Depletion of the SCD1 and FADS2 metabolic genes induces ferroptosis."
"Ferroptosis","SRC","SRC proto-oncogene, non-receptor tyrosine kinase","ENSG00000197122.13","protein_coding",28972104,"Src-STAT3 activation renders the cell unable to undergo to ferroptosis. Src inhibition decreased cell viability significantly, and that loss of viability was rescued by ferroptosis inhibitors."
"Ferroptosis","STAT3","signal transducer and activator of transcription 3","ENSG00000168610.16","protein_coding",28972104,"Src-STAT3 activation renders the cell unable to undergo to ferroptosis."
"Ferroptosis","NFE2L2","NFE2 like bZIP transcription factor 2","ENSG00000116044.17","protein_coding",28985506,"ARF-mediated ferroptosis was largely abrogated by co-expression of NRF2."
"Ferroptosis","PML","PML nuclear body scaffold","ENSG00000140464.20","protein_coding",29081404,"PML expression turned cells highly resistant to ferroptosis."
"Ferroptosis","MTOR","mechanistic target of rapamycin kinase","ENSG00000198793.14","protein_coding",29127238,"Necessary and sufficient to protect cardiomyocyte cells against ferroptotic cell death. mTOR overexpression suppressed ferroptotic cell death, whereas mTOR deletion exaggerated cell death."
"Ferroptosis","NFS1","NFS1 cysteine desulfurase","ENSG00000244005.13","protein_coding",29168506,"Suppression of NFS1 cooperates with inhibition of cysteine transport to trigger ferroptosis in vitro and slow tumour growth. Suppression of NFS1 predisposes cancer cells to ferroptosis."
"Ferroptosis","TP63","tumor protein p63","ENSG00000073282.14","protein_coding",29212036,"Delta Np63 alpha can inhibit ferroptosis independent of p53. Overexpression protects cells from ferroptosis-inducing agents."
"Ferroptosis","SLC7A11","solute carrier family 7 member 11","ENSG00000151012.13","protein_coding",29274359,"Overexperession of SLC7A11 attenuated BAY-inhibited cell viability by ferroptosis."
"Ferroptosis","TP53","tumor protein p53","ENSG00000141510.18","protein_coding",29346757,"p53 stabilization suppresses ferroptosis. p53 suppresses metabolic stress-induced ferroptosis."
"Ferroptosis","CDKN1A","cyclin dependent kinase inhibitor 1A","ENSG00000124762.14","protein_coding",29346757,"Required to to suppress ferroptosis."
"Ferroptosis","MIR137","microRNA 137","ENSG00000284202.1","miRNA",29348676,"Suppresses ferroptosis both in vitro and in vivo."
"Ferroptosis","SLC40A1","solute carrier family 40 member 1","ENSG00000138449.11","protein_coding",29436589,"Overexpression of Fpn inhibited ferroptosis."
"Ferroptosis","GPX4","glutathione peroxidase 4","ENSG00000167468.20","protein_coding",29436589,"Activation blocked ferroptosis."
"Ferroptosis","GPX4","glutathione peroxidase 4","ENSG00000167468.20","protein_coding",29463878,"GPX4-overexpressing cells were resistant to reactive oxygen species-induced cell death. Conversely, GPX4-knockdown cells were sensitive to reactive oxygen species-induced cell death."
"Ferroptosis","ENPP2","ectonucleotide pyrophosphatase/phosphodiesterase 2","ENSG00000136960.13","protein_coding",29551679,"Overexpression modestly promotes migration and proliferation and significantly inhibits erastin-induced ferroptosis."
"Ferroptosis","VDAC2","voltage dependent anion channel 2","ENSG00000165637.14","protein_coding",29569437,"Overexpression could partially protect cells from ferroptosis."
"Ferroptosis","FH","fumarate hydratase","ENSG00000091483.8","protein_coding",29917289,"FH inactivation (FH-/- ) proves synthetic lethal with inducers of ferroptosis. FH-/- sensitizes cells to multiple ferroptosis inducers."
"Ferroptosis","CISD2","CDGSH iron sulfur domain 2","ENSG00000145354.12","protein_coding",29928961,"Overexpression conferred resistance to ferroptosis. Inhibition blocked resistance to ferroptotic cell death."
"Ferroptosis","SLC40A1","solute carrier family 40 member 1","ENSG00000138449.11","protein_coding",29949159,"A negative regulator of ferroptosis by reducing intracellular iron concentration. Knockdown accelerates erastin-induced ferroptosis."
"Ferroptosis","MIR9-1","microRNA 9-1","ENSG00000207933.3","miRNA",30035324,"Overexpression of miR_? suppressed GOT1, which subsequently reduced ferroptosis. Suppression of miR_? increased the sensitivity of melanoma cells to ferroptosis inducers."
"Ferroptosis","MIR9-2","microRNA 9-2","ENSG00000284447.1","miRNA",30035324,"Overexpression of miR_? suppressed GOT1, which subsequently reduced ferroptosis. Suppression of miR_? increased the sensitivity of melanoma cells to ferroptosis inducers."
"Ferroptosis","MIR9-3","microRNA 9-3","ENSG00000284329.1","miRNA",30035324,"Overexpression of miR_? suppressed GOT1, which subsequently reduced ferroptosis. Suppression of miR_? increased the sensitivity of melanoma cells to ferroptosis inducers."
"Ferroptosis","CBS","cystathionine beta-synthase","ENSG00000160200.18","protein_coding",30258181,"Inhibition triggers ferroptosis in hepatocellular carcinoma."
"Ferroptosis","NFE2L2","NFE2 like bZIP transcription factor 2","ENSG00000116044.17","protein_coding",30339884,"Associated with resistance to ferroptosis. Inhibition of Nrf2 sensitized cells to ferroptosis."
"Ferroptosis","SQSTM1","sequestosome 1","ENSG00000161011.20","protein_coding",30339884,"Inhibition of the p62 gene significantly reduced cell viability and increased cellular lipid ROS levels in HN3R cells; this was reversed by treatment with ferrostatin-1, a ferroptosis inducer."
"Ferroptosis","GPX4","glutathione peroxidase 4","ENSG00000167468.20","protein_coding",30524291,"Overexpression GPX4 resulted in decreased cell death after RSL3 treatment. Moreover, this effect was able to be reversed by overexpression of GPX4."
"Ferroptosis","ISCU","iron-sulfur cluster assembly enzyme","ENSG00000136003.16","protein_coding",30557609,"Over expression significantly attenuated DHA induced ferroptosis."
"Ferroptosis","FTH1","ferritin heavy chain 1","ENSG00000167996.16","protein_coding",30557609,"FTH reconstituted cells exhibited the reduced lipid peroxides content and restored the DHA-induced ferroptosis."
"Ferroptosis","ACSL3","acyl-CoA synthetase long chain family member 3","ENSG00000123983.15","protein_coding",30686757,"Required for exogenous monounsaturated fatty acids to protect cells against ferroptosis. Negatively correlates with ferroptosis sensitivity."
"Ferroptosis","OTUB1","OTU deubiquitinase, ubiquitin aldehyde binding 1","ENSG00000167770.13","protein_coding",30709928,"Inactivation promotes ferroptosis by down-regulating SLC7A11 levels. Overexpression is critical for tumor growth."
"Ferroptosis","CD44","CD44 molecule (Indian blood group)","ENSG00000026508.21","protein_coding",30709928,"Knockdown sensitizes cells to ferroptosis."
"Ferroptosis","LINC00336","long intergenic non-protein coding RNA 336","ENSG00000197251.4","lncRNA",30787392,"Overexpression inhibits ferroptosis. Knockdown promotes ferroptosis."
"Ferroptosis","STAT3","signal transducer and activator of transcription 3","ENSG00000168610.16","protein_coding",30811078,"Upregulated in ferroptosis resistant cells. Inhibition increases ferroptosis."
"Ferroptosis","BRD4","bromodomain containing 4","ENSG00000141867.19","protein_coding",30988278,"Inhibition induces ferroptosis."
"Ferroptosis","PRDX6","peroxiredoxin 6","ENSG00000117592.9","protein_coding",31036877,"A negative regulator of ferroptotic cell death."
"Ferroptosis","MIR17","microRNA 17","ENSG00000284536.1","miRNA",31160087,"Protects endothelial HUVEC cells from erastin-induced ferroptosis. Overexpression significantly reduced erastin-induced growth inhibition and ROS generation of HUVEC cells."
"Ferroptosis","SCD","stearoyl-CoA desaturase","ENSG00000099194.6","protein_coding",31270077,"Inhibition of SCD1 induces ferroptotic cell death. Expression of SCD1 protects cells from ferroptosis."
"Ferroptosis","SESN2","sestrin 2","ENSG00000130766.5","protein_coding",31323261,"Has cytoprotective effect against ferroptosis. In cells expressing Sesn2, erastin-induced cell death, ROS formation, and glutathione depletion were almost completely inhibited compared to that in control cells."
"Ferroptosis","NF2","NF2, moesin-ezrin-radixin like (MERLIN) tumor suppressor","ENSG00000186575.19","protein_coding",31341276,"Genetic inactivation of NF2 rendered cancer cells more sensitive to ferroptosis. Mediates cell density-dependent inhibition of ferroptosis."
"Ferroptosis","BMAL1","basic helix-loop-helix ARNT like 1","ENSG00000133794","protein_coding",31355331,"Degration of the protein is critical for ferroptosis. Blocking ARNTL degradation diminished ferroptotic tumor cell death."
"Ferroptosis","HIF1A","hypoxia inducible factor 1 subunit alpha","ENSG00000100644.17","protein_coding",31355331,"Destabilizing HIF1A facilitated ferroptotic tumor cell death."
"Ferroptosis","JUN","Jun proto-oncogene, AP-1 transcription factor subunit","ENSG00000177606.8","protein_coding",31394193,"O-GlcNAcylated c-Jun represents an obstructive factor to ferroptosis."
"Ferroptosis","CA9","carbonic anhydrase 9","ENSG00000107159.14","protein_coding",31442913,"Inhibition induces ferroptosis."
"Ferroptosis","HSPA5","heat shock protein family A (Hsp70) member 5","ENSG00000044574.9","protein_coding",31456633,"Knockdown of GRP78 enhanced artesunate-induced ferroptosis of pancreatic cancer cells."
"Ferroptosis","TMBIM4","transmembrane BAX inhibitor motif containing 4","ENSG00000155957.19","protein_coding",31507082,"Protects against ferroptosis in HCC cells. Inhibition increased ferroptotic cel death."
"Ferroptosis","HSPA5","heat shock protein family A (Hsp70) member 5","ENSG00000044574.9","protein_coding",31519193,"Serves as a negative regulator of DHA-induced ferroptosis."
"Ferroptosis","PLIN2","perilipin 2","ENSG00000147872.10","protein_coding",31520166,"An indispensable gene and protein in the suppression of ferroptosis caused by abnormal lipometabolism in gastric carcinoma."
"Ferroptosis","MIR212","microRNA 212","ENSG00000267195.1","miRNA",31533781,"Overexpression of miR-212-5p attenuated ferroptosis while downregulation of miR-212-5p promoted ferroptotic cell death."
"Ferroptosis","Fer1HCH","Ferritin1_eavy_hainhomologue","","protein_coding",31568497,"Reduced heavy chain levels caused severe mitochondrial defects and ferroptosis."
"Ferroptosis","AIFM2","apoptosis inducing factor mitochondria associated 2","ENSG00000042286.15","protein_coding",31634899,"A glutathione-independent ferroptosis suppressor. Pharmacological targeting of FSP1 strongly synergizes with GPX4 inhibitors to trigger ferroptosis."
"Ferroptosis","AIFM2","apoptosis inducing factor mitochondria associated 2","ENSG00000042286.15","protein_coding",31634900,"A potent ferroptosis-resistance factor. Positively correlates with ferroptosis resistance."
"Ferroptosis","LAMP2","lysosomal associated membrane protein 2","ENSG00000005893.17","protein_coding",31672277,"Knockdown promoted ferroptosis."
"Ferroptosis","ZFP36","ZFP36 ring finger protein","ENSG00000128016.7","protein_coding",31679460,"ZFP36 plasmid impaired FBXW7 plasmid-induced HSC ferroptosis. Overexpression of Zfp36 impaired erastin- or sorafenib-induced ferroptosis."
"Ferroptosis","GPX4","glutathione peroxidase 4","ENSG00000167468.20","protein_coding",31685805,"Depletion or inhibition resulted in cell death by ferroptosis."
"Ferroptosis","PROM2","prominin 2","ENSG00000155066.16","protein_coding",31735663,"Induced by ferroptotic stress and promotes resistance to ferroptotic cell death. Facilitates ferroptosis resistance in mammary epithelial and breast carcinoma cells."
"Ferroptosis","CHMP5","charged multivesicular body protein 5","ENSG00000086065.14","protein_coding",31761326,"Ferroptosis activators increase ESCRT-III subunits (e.g., CHMP5 and CHMP6). Knockdown of CHMP5 or CHMP6 sensitizes human cancer cells to ferroptosis."
"Ferroptosis","CHMP6","charged multivesicular body protein 6","ENSG00000176108.9","protein_coding",31761326,"Ferroptosis activators increase ESCRT-III subunits (e.g., CHMP5 and CHMP6). Knockdown of CHMP5 or CHMP6 sensitizes human cancer cells to ferroptosis."
"Ferroptosis","AKR1C1","aldo-keto reductase family 1 member C1","ENSG00000187134.14","protein_coding",31780644,"Inhibition completely resensitizes resistant melanoma cells to ferroptosis execution."
"Ferroptosis","AKR1C2","aldo-keto reductase family 1 member C2","ENSG00000151632.18","protein_coding",31780644,"Inhibition completely resensitizes resistant melanoma cells to ferroptosis execution."
"Ferroptosis","AKR1C3","aldo-keto reductase family 1 member C3","ENSG00000196139.14","protein_coding",31780644,"Inhibition completely resensitizes resistant melanoma cells to ferroptosis execution."
"Ferroptosis","CBS","cystathionine beta-synthase","ENSG00000160200.18","protein_coding",31819185,"Knockdown in erastin-resistant cells caused ferroptotic cell death, while overexpression conferred ferroptosis resistance."
"Ferroptosis","NFE2L2","NFE2 like bZIP transcription factor 2","ENSG00000116044.17","protein_coding",31819185,"Genetically repression of NRF2 enhanced ferroptosis susceptibility."
"Ferroptosis","CAV1","caveolin 1","ENSG00000105974.13","protein_coding",31877357,"Cav-1 deficiency aggravated ferroptosis. Short hairpin RNA of Cav-1 promoted ferroptosis, which was ameliorated by Cav-1 overexpression. "
"Ferroptosis","GCH1","GTP cyclohydrolase 1","ENSG00000131979.20","protein_coding",31989025,"Gch1 overexpression and its downstream metabolites BH4/BH2 rescue from ferroptosis. Inhibition of GCH1 activity can sensitize resistant cancer cells to ferroptosis induction."
"Ferroptosis","SIRT3","sirtuin 3","ENSG00000142082.15","protein_coding",33377976,"These data indicate that inactivation of Sirt3 significantly sensitizes cells to p53-dependent ferroptosis upon ROS-induced stress."
"Ferroptosis","DAZAP1","DAZ associated protein 1","ENSG00000071626.17","protein_coding",33358859,"Furthermore, DAZAP1 significantly reduced cellular sensitivity to sorafenib (SF), which had been proven to be an inducer of ferroptosis by targeting the system Xc_?"
"Ferroptosis","PIR","pirin","ENSG00000087842.11","protein_coding",33373853,"Consequently, in cell cultures and xenograft mouse models, blocking PIR signaling enhances ferroptosis-mediated tumor growth suppression."
"Ferroptosis","GCLC","glutamate-cysteine ligase catalytic subunit","ENSG00000001084.13","protein_coding",33357455,"Non-canonical Glutamate-Cysteine Ligase Activity Protects against Ferroptosis"
"Ferroptosis","FTL","ferritin light chain","ENSG00000087086.15","protein_coding",33333054,"Ferritin upregulation prevents ferroptosis by mediating P53 and SLC7A11 expression."
"Ferroptosis","HCAR1","hydroxycarboxylic acid receptor 1","ENSG00000196917.6","protein_coding",33296645,"These observations support our hypothesis that HCAR1 and MCT1 are involved in the lactate-dependent ferroptosis resistance in tumor cells. Blocking the HCAR1/MCT1-Mediated Lactate Import Exacerbates Ferroptosis"
"Ferroptosis","SLC16A1","solute carrier family 16 member 1","ENSG00000155380.13","protein_coding",33296645,"These observations support our hypothesis that HCAR1 and MCT1 are involved in the lactate-dependent ferroptosis resistance in tumor cells. Blocking the HCAR1/MCT1-Mediated Lactate Import Exacerbates Ferroptosis"
"Ferroptosis","RRM2","ribonucleotide reductase regulatory subunit M2","ENSG00000171848.16","protein_coding",33372599,"RRM2 exerts an anti-ferroptotic role in liver cancer cells by sustaining GSH synthesis."
"Ferroptosis","SCD","stearoyl-CoA desaturase","ENSG00000099194.6","protein_coding",33264619,"Genetic and Pharmacological Inhibition of SCD1 Prevents the Growth of STK11/KEAP1 Co-mutant Cells and Sensitizes Those Cells to Ferroptosis Induction."
"Ferroptosis","NR4A1","nuclear receptor subfamily 4 group A member 1","ENSG00000123358.20","protein_coding",33271455,"Pharmacological inhibition of NR4A1 promotes ferroptosis in pancreatic cancer cells"
"Ferroptosis","PIK3CA","phosphatidylinositol-4,5-bisphosphate 3-kinase catalytic subunit alpha","ENSG00000121879.6","protein_coding",33229547,"Notably, we found that cancer cells carrying PIK3CA activating mutation or PTEN deletion appeared to be more resistant to RSL3. These mutations lead to the activation of the oncogenic PI3K-AKT signaling pathway. Therefore, sustained activation of the PI3K-AKT-mTOR pathway protects cancer cells from ferroptotic cell death."
"Ferroptosis","RPTOR","regulatory associated protein of MTOR complex 1","ENSG00000141564.16","protein_coding",33229547,"mTORC1, Instead of mTORC2, Suppresses Ferroptosis. short-hairpin RNA (shRNA)-mediated silencing of RAPTOR (a component of mTORC1) but not that of RICTOR (a component of mTORC2) sensitized MDA-MB-453 and BT474 cells to RSL3."
"Ferroptosis","SREBF1","sterol regulatory element binding transcription factor 1","ENSG00000072310.18","protein_coding",33229547,"SREBP1 Protects Cells from Ferroptosis through SCD1 Activity."
"Ferroptosis","SREBF2","sterol regulatory element binding transcription factor 2","ENSG00000198911.12","protein_coding",33203734,"The lipogenesis regulator SREBP2 directly induces transcription of the iron carrier Transferrin (TF), reducing intracellular iron pools, reactive oxygen species, and lipid peroxidation, thereby conferring resistance to inducers of ferroptosis."
"Ferroptosis","FZD7","frizzled class receptor 7","ENSG00000155760.3","protein_coding",33172933,"Conversely, FZD7 overexpression induced increased GPX4 mRNA and protein expression levels. FZD7 Marks a Cell Population Susceptible to GPX4 Inhibitors."
"Ferroptosis","NFE2L2","NFE2 like bZIP transcription factor 2","ENSG00000116044.17","protein_coding",33197769,"In FRDA fibroblasts, both treatments promoted the nuclear translocation of Nrf2 (Fig. 5A) and the inhibition of redox imbalance and ferroptosis."
"Ferroptosis","NFE2L2","NFE2 like bZIP transcription factor 2","ENSG00000116044.17","protein_coding",33152439,"Up-regulating Nrf2 alleviated the diabetes related ferroptosis in kidneys."
"Ferroptosis","P4HB","prolyl 4-hydroxylase subunit beta","ENSG00000185624.16","protein_coding",33124817,"Knockdown of these target genes sensitized cells to known ferroptosis inducers, while PACMA31, a previously reported inhibitor of P4HB, directly induced ferroptosis and was highly synergistic with erastin."
"Ferroptosis","NT5DC2","5'-nucleotidase domain containing 2","ENSG00000168268.11","protein_coding",33124817,"Knockdown of these target genes sensitized cells to known ferroptosis inducers, while PACMA31, a previously reported inhibitor of P4HB, directly induced ferroptosis and was highly synergistic with erastin."
"Ferroptosis","BCAT2","branched chain amino acid transaminase 2","ENSG00000105552.15","protein_coding",33097833,"Here, by using a high-throughput CRISPR/Cas9-based genetic screen in HepG2 hepatocellular carcinoma cells to search for metabolic proteins inhibiting ferroptosis, we identified a branched-chain amino acid aminotransferase 2 (BCAT2) as a novel suppressor of ferroptosis."
"Ferroptosis","HSF1","heat shock transcription factor 1","ENSG00000185122.11","protein_coding",33098823,"Altogether, HSF1 may function as a key defender against PA-induced ferroptosis in cardiomyocytes by maintaining cellular iron homeostasis and GPX4 expression."
"Ferroptosis","PLA2G6","phospholipase A2 group VI","ENSG00000184381.20","protein_coding",33087576,"PLA2G6 Deficiency Sensitizes Trophoblasts to Ferroptosis."
"Ferroptosis","MIR424","microRNA 424","ENSG00000284231.1","miRNA",33038905,"In the present study, we show that miR-424-5p negatively regulates ferroptosis by directly targeting ACSL4 in ovarian cancer cells."
"Ferroptosis","PARK7","Parkinsonism associated deglycase","ENSG00000116288.13","protein_coding",33024240,"Therefore, our results further implied that the C terminus of DJ-1 mediates the suppression of ferroptosis, and when the C-terminal structure is destroyed, DJ-1 inhibition of ferroptosis is abolished."
"Ferroptosis","FXN","frataxin","ENSG00000165060.15","protein_coding",33017621,"Most importantly, frataxin deficiency enhanced ferroptosis driven by ethanol via evaluating the levels of lactate dehydrogenase, cell morphological changes, mitochondrial labile iron pool, and lipid peroxidation. Conversely, restoring frataxin alleviated the sensitivity to ferroptosis. In addition, frataxin overexpression mitigated the sensitivity of ethanol-induced ferroptosis in HepG2CYP2E1+/+."
"Ferroptosis","SUV39H1","SUV39H1 histone lysine methyltransferase","ENSG00000101945.17","protein_coding",33643820,"Mechanistically, we discovered that siRNA knockdown or pharmacological inhibition of SUV39H1 induced iron accumulation and lipid peroxidation, leading to ferroptosis that disrupted ccRCC cell growth in vitro and in vivo."
"Ferroptosis","ATF2","activating transcription factor 2","ENSG00000115966.18","protein_coding",33008584,"All these results suggested that ATF2 inhibited BETi-induced ferroptosis by increasing NRF2 expression."
"Ferroptosis","CDKN1A","cyclin dependent kinase inhibitor 1A","ENSG00000124762.14","protein_coding",32979260,"While this study was performed in cancer cell lines, our results support the potential of p21 to aid in maintenance of healthy tissues by blocking the damage incurred due to ferroptosis."
"Ferroptosis","FTH1","ferritin heavy chain 1","ENSG00000167996.16","protein_coding",32959272,"FTH1 Inhibits Ferroptosis Through Ferritinophagy in the 6-OHDA Model of Parkinson's Disease."
"Ferroptosis","NFE2L2","NFE2 like bZIP transcription factor 2","ENSG00000116044.17","protein_coding",33014271,"Nrf2 Upregulation Inhibits Ferroptosis and Plays a Protective Role in IIR-ALI."
"Ferroptosis","STAT3","signal transducer and activator of transcription 3","ENSG00000168610.16","protein_coding",33014271,"STAT3 Overexpression Upregulates SLC7A11 and Ameliorates OGD/R-Induced MLE12 Ferroptosis."
"Ferroptosis","ACOT1","acyl-CoA thioesterase 1","ENSG00000184227.8","protein_coding",32934217,"Overexpression of Acot1 in cell lines showed noteworthy protection to ferroptosis, while the knock-down of Acot1 sensitized cardiomyocytes to ferroptosis by DIC."
"Ferroptosis","NFE2L2","NFE2 like bZIP transcription factor 2","ENSG00000116044.17","protein_coding",32937103,"Furthermore, Nfe2l2 (Nrf2) knockdown sensitized cells to ferroptotic cell death."
"Ferroptosis","ALDH3A2","aldehyde dehydrogenase 3 family member A2","ENSG00000072210.19","protein_coding",32458004,"Thus, our results show that loss of Aldh3a2 induces ferroptotic cell death in leukemic cells and is synthetically lethal with GPX4 inhibtion."
"Ferroptosis","NFE2L2","NFE2 like bZIP transcription factor 2","ENSG00000116044.17","protein_coding",32907551,"Nrf2 acivation inhibited seawater-induced ferroptosis in MLE-12 cells. Nrf2 deficiency aggravated lung injury and ferroptosis in mice induced by seawater drowning."
"Ferroptosis","STK11","serine/threonine kinase 11","ENSG00000118046.17","protein_coding",32883948,"Loss of function of the tumor suppressor LKB1 enhances sensitivity to ferroptosis in human non-small cell lung cancer cells."
"Ferroptosis","FNDC5","fibronectin type III domain containing 5","ENSG00000160097.20","protein_coding",32997405,"Serum irisin levels are decreased and negatively correlated with disease severity in patients with sepsis, and irisin treatment suppresses ferroptosis and restores mitochondrial function in experimental sepsis."
"Ferroptosis","IL4R","interleukin 4 receptor","ENSG00000077238.14","protein_coding",32808701,"CircIL4R knockdown impeded oncogenesis and expedited ferroptosis of HCC cells."
"Ferroptosis","CDH1","cadherin 1","ENSG00000039068.20","protein_coding",32896720,"CDH1 silencing or ZEB1 overexpression increased the susceptibility to ferroptosis, whereas CDH overexpression or ZEB1 silencing decreased the susceptibility, in vitro and in vivo."
"Ferroptosis","NFE2L2","NFE2 like bZIP transcription factor 2","ENSG00000116044.17","protein_coding",32898818,"NRF2 negatively regulates FOCAD expression. FOCAD enhances the sensitivity of NSCLC cells to the ferroptosis induced by cysteine deprivation, but not GPX4 inhibition."
"Ferroptosis","MIR214","microRNA 214","ENSG00000283844.1","miRNA",32827544,"PVT1 silencing or miR-214 overexpression significantly reduced infarct size and suppressed ferroptosis in vivo."
"Ferroptosis","NEDD4L","NEDD4 like E3 ubiquitin protein ligase","ENSG00000049759.20","protein_coding",32811647,"Here, we screened 571 UPS-related E1, E2, and E3 genes in a human pancreatic cancer cell line (PANC1) and identified the upregulation of NEDD4-like E3 ubiquitin protein ligase (NEDD4L) as a novel ferroptosis suppressor."
"Ferroptosis","SQSTM1","sequestosome 1","ENSG00000161011.20","protein_coding",32770451,"Taken together, our results indicated that high p62 expression protects SH-SY5Y cells against 6-OHDA-induced ferroptosis."
"Ferroptosis","TF","transferrin","ENSG00000091513.16","protein_coding",32374849,"Trf-LKO mice display iron-deficiency anemia, iron overload in tissues, and susceptibility to liver damage via ferroptosis."
"Ferroptosis","FTMT","ferritin mitochondrial","ENSG00000181867.3","protein_coding",32810738,"FTMT and ferritin heavy chain (FTH) cooperated to protect macrophages from RSL-3-induced ferroptosis under hypoxia as this form of cell death is linked to iron metabolism. In hypoxic macrophages either FTMT or FTH was sufficient to protect from ferroptosis"
"Ferroptosis","BRD2","bromodomain containing 2","ENSG00000204256.14","protein_coding",32937365,"Inhibition of BET and the proteasome triggers ferroptosis cell death."
"Ferroptosis","BRD3","bromodomain containing 3","ENSG00000169925.17","protein_coding",32937365,"Inhibition of BET and the proteasome triggers ferroptosis cell death."
"Ferroptosis","BRD4","bromodomain containing 4","ENSG00000141867.19","protein_coding",32937365,"Inhibition of BET and the proteasome triggers ferroptosis cell death."
"Ferroptosis","BRDT","bromodomain testis associated","ENSG00000137948.19","protein_coding",32937365,"Inhibition of BET and the proteasome triggers ferroptosis cell death."
"Ferroptosis","SCD","stearoyl-CoA desaturase","ENSG00000099194.6","protein_coding",32726752,"Collectively, this study demonstrated that SCD1 could promote tumor growth of gastric cancer cells and protect them from ferroptotic cell death."
"Ferroptosis","SLC7A11","solute carrier family 7 member 11","ENSG00000151012.13","protein_coding",32608563,"Furthermore, we found that SLC7A11 knockdown increased vulnerability of mature MO3.13 cells to ferroptosis."
"Ferroptosis","DECR1","2,4-dienoyl-CoA reductase 1","ENSG00000104325.7","protein_coding",32686647,"Collectively, these results suggest that DECR1 expression protect cells from oxidative stress and that DECR1 knockdown-induced cell death is primarily mediated by induction of ferroptosis."
"Ferroptosis","NFE2L2","NFE2 like bZIP transcription factor 2","ENSG00000116044.17","protein_coding",32642794,"Nrf2 inhibition promotes erastin__nduced ferroptosis."
"Ferroptosis","GPX4","glutathione peroxidase 4","ENSG00000167468.20","protein_coding",32634425,"Overexpression of GPX4 significantly reduced lipid peroxidation and cell death in the experimental SAH models both in vivo and in vitro."
"Ferroptosis","SLC7A11","solute carrier family 7 member 11","ENSG00000151012.13","protein_coding",32621966,"Knockout of SLC7A11 facilitates the process of ferroptosis in colorectal CSCs."
"Ferroptosis","NFE2L2","NFE2 like bZIP transcription factor 2","ENSG00000116044.17","protein_coding",32601262,"Nrf2 inhibits ferroptosis and protects against acute lung injury due to intestinal ischemia reperfusion via regulating SLC7A11 and HO-1."
"Ferroptosis","GLRX5","glutaredoxin 5","ENSG00000182512.5","protein_coding",32685019,"Inhibition of GLRX5 promotes ferroptotic cell death of HNC cells."
"Ferroptosis","GPX4","glutathione peroxidase 4","ENSG00000167468.20","protein_coding",32577235,"Glutathione peroxidase (GPX4) is critical for the reduction of toxic lipid hydroperoxides to their corresponding non-deleterious alcohols at the expense of reduced glutathione and thereby prevents cellular damage and induction of ferroptosis."
"Ferroptosis","NCOA3","nuclear receptor coactivator 3","ENSG00000124151.19","protein_coding",32536370,"NCOA3 as a coactivator synergized with NR5A2 to prevent BETi induced ferroptosis."
"Ferroptosis","NR5A2","nuclear receptor subfamily 5 group A member 2","ENSG00000116833.14","protein_coding",32536370,"NCOA3 as a coactivator synergized with NR5A2 to prevent BETi induced ferroptosis."
"Ferroptosis","GPX4","glutathione peroxidase 4","ENSG00000167468.20","protein_coding",32457486,"GPX4 depletion induces autophagy-dependent ferroptosis."
"Ferroptosis","MTOR","mechanistic target of rapamycin kinase","ENSG00000198793.14","protein_coding",32457486,"MTOR inhibitor induces GPX4 protein degradation. Interplay between MTOR and GPX4 signaling modulates autophagy dependent ferroptotic cancer cell death."
"Ferroptosis","PANX2","pannexin 2","ENSG00000073150.14","protein_coding",32547072,"PANX2 Silencing Promotes Ferroptosis in PCa Cells."
"Ferroptosis","RHEBP1","RHEB pseudogene 1","ENSG00000229927.2","pseudogene",32404875,"Rheb1 protects against cisplatin-induced tubular cell death and acute kidney injury via maintaining mitochondrial homeostasis."
"Ferroptosis","TFAP2A","transcription factor AP-2 alpha","ENSG00000137203.15","protein_coding",32432738,"TFAP2A Inhibition Promotes Ferroptosis."
"Ferroptosis","CP","ceruloplasmin","ENSG00000047457.14","protein_coding",32283255,"Ceruloplasmin suppresses ferroptosis by regulating iron homeostasis in hepatocellular carcinoma cells."
"Ferroptosis","SLC7A11","solute carrier family 7 member 11","ENSG00000151012.13","protein_coding",32322334,"Collectively, these data suggest that SLC7A11 inhibits the ferroptosis induced by IMCA."
"Ferroptosis","ARF6","ADP ribosylation factor 6","ENSG00000165527.8","protein_coding",32368394,"Abrogation of ARF6 promotes RSL3-induced ferroptosis and mitigates gemcitabine resistance in pancreatic cancer cells."
"Ferroptosis","GDF15","growth differentiation factor 15","ENSG00000130513.7","protein_coding",32209255,"GDF15 knockdown promotes erastin-induced ferroptosis by decreasing SLC7A11 expression."
"Ferroptosis","ABHD12","abhydrolase domain containing 12, lysophospholipase","ENSG00000100997.20","protein_coding",32195565,"Blockade of the lysophosphatidylserine lipase ABHD12 potentiates ferroptosis in cancer cells."
"Ferroptosis","PPP1R13L","protein phosphatase 1 regulatory subunit 13 like","ENSG00000104881.16","protein_coding",32203170,"iASPP overexpression inhibits ferroptosis, and iASPP knockdown promotes ferroptosis in vivo."
"Ferroptosis","TFAM","transcription factor A, mitochondrial","ENSG00000108064.11","protein_coding",32186434,"Zalcitabine-induced TFAM degradation promotes ferroptosis."
"Ferroptosis","KDM3B","lysine demethylase 3B","ENSG00000120733.14","protein_coding",32107878,"Overexpressed KDM3B prevents cells from Erastin-induced ferroptosis."
"Ferroptosis","RNF113A","ring finger protein 113A","ENSG00000125352","protein_coding",32152280," RNF113A deficiency indeed potentiated the production of lipid ROS, which accumulate in cells undergoing ferroptosis, upon Cisplatin stimulation, as evidenced by the quantification of BODIPY-C11 staining."
"Ferroptosis","PARK7","Parkinsonism associated deglycase","ENSG00000116288.13","protein_coding",32144268,"DJ-1 suppresses ferroptosis through preserving the activity of S-adenosyl homocysteine hydrolase."
"Ferroptosis","AHCY","adenosylhomocysteinase","ENSG00000101444.13","protein_coding",32144268,"Suppression of SAHH expression by RNA interference also promoted erastin-induced accumulation of lipid ROS (Fig. 5i, j), which phenocopied the DJ-1 KD effect."
"Ferroptosis","FXN","frataxin","ENSG00000165060.15","protein_coding",32169822,"Suppression of FXN enhanced erastin-induced ferroptosis."
"Ferroptosis","TTBK2","tau tubulin kinase 2","ENSG00000128881.18","protein_coding",32196629,"Knockdown of circ-TTBK2 suppressed cell proliferation, invasion, and promoted ferroptosis in glioma cells."
"Ferroptosis","MIR522","microRNA 522","ENSG00000283685.1","miRNA",32106859,"CAFs secreted exo-miR-522 suppresses ferroptosis of GC cells."
"Ferroptosis","IDH2","isocitrate dehydrogenase (NADP(+)) 2","ENSG00000182054.10","protein_coding",32089268,"Knockdown of IDH2 promotes ferroptosis in cells treated with erastin."
"Ferroptosis","PPARA","peroxisome proliferator activated receptor alpha","ENSG00000186951.17","protein_coding",32079652,"In the p53 KO derivatives of both HT-1080 and SK-Hep1 cells, increased PPARÎ± activity suppressed ferroptosis (Fig. 6C, D), while decreased PPARÎ± activity increased their sensitivity to ferroptosis (Fig. 6E,F)."
"Ferroptosis","NOS2","nitric oxide synthase 2","ENSG00000007171.19","protein_coding",32080625,"Knockdown (KD) of iNOS caused increased sensitivity of M1 RAW 264.7 macrophages and EOC 20 cells to RSL3 induced death that was effectively suppressed by Fer-1."
"Ferroptosis","SIAH2","siah E3 ubiquitin protein ligase 2","ENSG00000181788.4","protein_coding",32042051,"Additionally SIAH2-deficient cells are also characterized by reduced expression levels of glutathione peroxidase 4 (GPX4), rendering the knock-out cells more sensitive to ferroptosis."
"Ferroptosis","RELA","RELA proto-oncogene, NF-kB subunit","ENSG00000173039.20","protein_coding",32015337,"Deficiency of IEC NF-ÎºBp65 led to upregulated ER stress-mediated ferroptosis in colitis"
"Ferroptosis","PRKAA2","protein kinase AMP-activated catalytic subunit alpha 2","ENSG00000162409.12","protein_coding",32029897,"AMPK inactivation sensitizes cancer cells to ferroptotic cell death."
"Ferroptosis","VDR","vitamin D receptor","ENSG00000111424.12","protein_coding",31996668,"VDR activation attenuate cisplatin induced AKI by inhibiting ferroptosis."
"Ferroptosis","NEDD4","NEDD4 E3 ubiquitin protein ligase","ENSG00000069869.17","protein_coding",31974380,"Nedd4 negatively regulates erastin-induced ferroptosis."
"Ferroptosis","FXN","frataxin","ENSG00000165060.15","protein_coding",31974344,"FXN deficiency impairs thermogenesis and adipogenesis and increases susceptibility to ferroptosis in cultured adipocytes."
"Ferroptosis","AIFM2","apoptosis inducing factor mitochondria associated 2","ENSG00000042286.15","protein_coding",31964528,"AIFM2 blocks ferroptosis independent of ubiquinol metabolism."
"Ferroptosis","PRDX1","peroxiredoxin 1","ENSG00000117450.15","protein_coding",31901729,"Consistent with our previous observation, loss of PRDX1 was sufficient to induce a significant increase in lipid peroxidation (Fig. 3B)."
"Ferroptosis","AR","androgen receptor","ENSG00000169083.18","protein_coding",31896509,"Furthermore, overexpression of AR prevented ferroptosis in the presence of GPX4."
"Ferroptosis","CBS","cystathionine beta-synthase","ENSG00000160200.18","protein_coding",31819185,"CBS RNAi-induced cell death was also blocked by Fer-1 and Lip-1, indicating that inhibition of CBS in the context of system Xc- blockage caused ferroptosis."
"Ferroptosis","CHMP5","charged multivesicular body protein 5","ENSG00000086065.14","protein_coding",31761326,"Compared to the control shRNA group, suppressing CHMP5 or CHMP6 expression by shRNA increased erastin- or RSL3-induced cell death (Fig. 3B), indicating that ESCRT-III plays a pro-survival role in ferroptosis."
"Ferroptosis","CHMP6","charged multivesicular body protein 6","ENSG00000176108.9","protein_coding",31761326,"Compared to the control shRNA group, suppressing CHMP5 or CHMP6 expression by shRNA increased erastin- or RSL3-induced cell death (Fig. 3B), indicating that ESCRT-III plays a pro-survival role in ferroptosis."
"Ferroptosis","HMOX1","heme oxygenase 1","ENSG00000100292.18","protein_coding",31740582,"WT MEFs became more sensitive to ferroptosis by knockdown of Hmox1 than cells with control knockdown (Figs. S5D, S6D, and S7D)."
"Ferroptosis","ZFP36","ZFP36 ring finger protein","ENSG00000128016.7","protein_coding",31679460,"RNA-binding protein ZFP36/TTP protects against ferroptosis by regulating autophagy signaling pathway in hepatic stellate cells."
"Ferroptosis","LAMP2","lysosomal associated membrane protein 2","ENSG00000005893.17","protein_coding",31672277,"Lysosome-associated membrane protein-2 deficiency increases the risk of reactive oxygen species-induced ferroptosis in retinal pigment epithelial cells."
"Ferroptosis","MTF1","metal regulatory transcription factor 1","ENSG00000188786.10","protein_coding",31320750,"Importantly, MTF1 silencing also abolished the ferroptosis protection phenotypes of ATM silencing (Fig. 5c)."
"Ferroptosis","COPZ1","COPI coat complex subunit zeta 1","ENSG00000111481.10","protein_coding",33420375,"Knockdown of COPZ1 causes ferroptosis in GBM cells."
"Ferroptosis","NUPR1","nuclear protein 1, transcriptional regulator","ENSG00000176046.9","protein_coding",33510144,"NUPR1 is a critical repressor of ferroptosis."
"Ferroptosis","USP35","ubiquitin specific peptidase 35","ENSG00000118369.13","protein_coding",33931967,"USP35 knockdown promotes ferroptosis in lung cancer cells."
"Ferroptosis","HSF1","heat shock transcription factor 1","ENSG00000185122.11","protein_coding",34223704,"HSF1 inhibition sensitizes cancer cells to ferroptotic cell death."
"Ferroptosis","PROM2","prominin 2","ENSG00000155066.16","protein_coding",34223704,"Together, these data indicate that cells can resist ferroptosis by activating p38 and, consequently, inducing prominin2."
"Ferroptosis","PLA2G6","phospholipase A2 group VI","ENSG00000184381.20","protein_coding",34131139,"These results demonstrate that iPLA2Î² acts as a major ferroptosis repressor in a GPX4-independent manner."
"Ferroptosis","HIF1A","hypoxia inducible factor 1 subunit alpha","ENSG00000100644.17","protein_coding",33895289,"Knock-down of HIF-1Î± increases free iron level, promotes mitochondrial iron accumulation and induces ferroptosis under hypoxia."
"Ferroptosis","NEAT1","nuclear paraspeckle assembly transcript 1","ENSG00000245532.11","lncRNA",33730930,"NEAT1 knockdown and overexpression greatly increased and decreased cell death (TUNEL staining, p_?_?.05;Figure 2b, c), respectively, and affected MDA levels (p_?_?.05; Figure 2d) in A549 cells, further confirming the link between NEAT1 and ferroptosis induction."
"Ferroptosis","RRM2","ribonucleotide reductase regulatory subunit M2","ENSG00000171848.16","protein_coding",34648954,"Identification of critical ferroptosis regulators in lung adenocarcinoma that RRM2 facilitates tumor immune infiltration by inhibiting ferroptotic death."
"Ferroptosis","SLC7A11","solute carrier family 7 member 11","ENSG00000151012.13","protein_coding",33991158,"xCT inhibition induces MF-HSC ferroptosis."
"Ferroptosis","FTMT","ferritin mitochondrial","ENSG00000181867.3","protein_coding",33594527,"Overexpression of FtMt reduced osteoblastic ferroptosis under high glucose condition while silent FtMt induced mitophagy through ROS / PINK1/Parkin pathway."
"Ferroptosis","PARP1","poly(ADP-ribose) polymerase 1","ENSG00000143799.14","protein_coding",33722571,"PARP inhibition promotes ferroptosis in ovarian cancer cells."
"Ferroptosis","PARP2","poly(ADP-ribose) polymerase 2","ENSG00000129484.14","protein_coding",33722571,"PARP inhibition promotes ferroptosis in ovarian cancer cells."
"Ferroptosis","PARP3","poly(ADP-ribose) polymerase family member 3","ENSG00000041880.15","protein_coding",33722571,"PARP inhibition promotes ferroptosis in ovarian cancer cells."
"Ferroptosis","PARP4","poly(ADP-ribose) polymerase family member 4","ENSG00000102699.6","protein_coding",33722571,"PARP inhibition promotes ferroptosis in ovarian cancer cells."
"Ferroptosis","PARP6","poly(ADP-ribose) polymerase family member 6","ENSG00000137817.17","protein_coding",33722571,"PARP inhibition promotes ferroptosis in ovarian cancer cells."
"Ferroptosis","PARP8","poly(ADP-ribose) polymerase family member 8","ENSG00000151883.19","protein_coding",33722571,"PARP inhibition promotes ferroptosis in ovarian cancer cells."
"Ferroptosis","PARP9","poly(ADP-ribose) polymerase family member 9","ENSG00000138496.17","protein_coding",33722571,"PARP inhibition promotes ferroptosis in ovarian cancer cells."
"Ferroptosis","PARP10","poly(ADP-ribose) polymerase family member 10","ENSG00000178685.14","protein_coding",33722571,"PARP inhibition promotes ferroptosis in ovarian cancer cells."
"Ferroptosis","PARP11","poly(ADP-ribose) polymerase family member 11","ENSG00000111224.14","protein_coding",33722571,"PARP inhibition promotes ferroptosis in ovarian cancer cells."
"Ferroptosis","PARP12","poly(ADP-ribose) polymerase family member 12","ENSG00000059378.13","protein_coding",33722571,"PARP inhibition promotes ferroptosis in ovarian cancer cells."
"Ferroptosis","PARP14","poly(ADP-ribose) polymerase family member 14","ENSG00000173193.15","protein_coding",33722571,"PARP inhibition promotes ferroptosis in ovarian cancer cells."
"Ferroptosis","PARP15","poly(ADP-ribose) polymerase family member 15","ENSG00000173200.13","protein_coding",33722571,"PARP inhibition promotes ferroptosis in ovarian cancer cells."
"Ferroptosis","PARP16","poly(ADP-ribose) polymerase family member 16","ENSG00000138617.16","protein_coding",33722571,"PARP inhibition promotes ferroptosis in ovarian cancer cells."
"Ferroptosis","PDSS2","decaprenyl diphosphate synthase subunit 2","ENSG00000164494.12","protein_coding",33929387,"PDSS2 Inhibits the Ferroptosis of Vascular Endothelial Cells in Atherosclerosis by Activating Nrf2."
"Ferroptosis","TXN","thioredoxin","ENSG00000136810.13","protein_coding",33634378,"Our results suggest that Trx-1 inhibits ferroptosis in PD through regulating GPX4 and GSH."
"Ferroptosis","SENP1","SUMO specific peptidase 1","ENSG00000079387.14","protein_coding",33746578,"SENP1 overexpression suppresses ferroptotic cell death of H9c2 cells."
"Ferroptosis","PLA2G6","phospholipase A2 group VI","ENSG00000184381.20","protein_coding",33542532,"Phospholipase iPLA2Î² Averts Ferroptosis By Eliminating A Redox Lipid Death Signal."
"Ferroptosis","OIP5-AS1","OIP5 antisense RNA 1","ENSG00000247556.7","lncRNA",34051661,"LncRNA OIP5-AS1 inhibits ferroptosis in prostate cancer with long-term cadmium exposure through miR-128-3p/SLC7A11 signaling."
"Ferroptosis","MIR190A","microRNA 190a","ENSG00000211137.1","miRNA",34111670,"miR-190a-5p inhibits ferroptosis induced by erastin and RSL3 in H9c2 cells."
"Ferroptosis","FGF21","fibroblast growth factor 21","ENSG00000105550.10","protein_coding",34530349,"FGF21 attenuates ferroptosis by promoting HO-1 ubiquitination and degradation."
"Ferroptosis","CREB1","cAMP responsive element binding protein 1","ENSG00000118260.15","protein_coding",33846793,"CREB stimulates GPX4 transcription to inhibit ferroptosis in lung adenocarcinoma."
"Ferroptosis","CREB3","cAMP responsive element binding protein 3","ENSG00000107175.12","protein_coding",33846793,"CREB stimulates GPX4 transcription to inhibit ferroptosis in lung adenocarcinoma."
"Ferroptosis","CREB5","cAMP responsive element binding protein 5","ENSG00000146592.17","protein_coding",33846793,"CREB stimulates GPX4 transcription to inhibit ferroptosis in lung adenocarcinoma."
"Ferroptosis","FTMT","ferritin mitochondrial","ENSG00000181867.3","protein_coding",33953171,"FtMt deletion aggravates cerebral I/R-induced ferroptosis."
"Ferroptosis","GOT1","glutamic-oxaloacetic transaminase 1","ENSG00000120053.12","protein_coding",34381026,"GOT1 suppression potentiates ferroptosis sensitivity."
"Ferroptosis","TFRC","transferrin receptor","ENSG00000072274.14","protein_coding",33955709,"Tfr1 deletion activates ferroptosis in skeletal muscle upon muscular regeneration."
"Ferroptosis","GPX4","glutathione peroxidase 4","ENSG00000167468.20","protein_coding",34267193,"GPX4 deficiency induces HSPC ferroptosis in vitro."
"Ferroptosis","MIR130B","microRNA 130b","ENSG00000283871.1","miRNA",34117611,"miR-130b-3p suppresses erastin or RSL3-induced ferroptosis in melanoma cells."
"Ferroptosis","BEX1","brain expressed X-linked 1","ENSG00000133169.6","protein_coding",33745298,"Taken together, these findings demonstrate that BEX1 promotes cell survival in adrenal cells by mediating the inhibition of ferroptosis and suggest a function for BEX1 in the pathogenesis of APAs."
"Ferroptosis","ASAH2","N-acylsphingosine amidohydrolase 2","ENSG00000188611.17","protein_coding",33547170,"Our data thus indicate the Asah2 represses Hmox1 expression to reduce lipid ROS to suppress ferroptosis."
"Ferroptosis","SCD","stearoyl-CoA desaturase","ENSG00000099194.6","protein_coding",34030117,"Mechanistically, SCD1 leads to fatty acid (FA) desaturation and FABP4 derived from TEM enhances lipid droplet (LD) in cancer cells, which cooperatively protect from oxidative stress-induced ferroptosis."
"Ferroptosis","FABP4","fatty acid binding protein 4","ENSG00000170323.9","protein_coding",34030117,"Mechanistically, SCD1 leads to fatty acid (FA) desaturation and FABP4 derived from TEM enhances lipid droplet (LD) in cancer cells, which cooperatively protect from oxidative stress-induced ferroptosis."
"Ferroptosis","AKT1S1","AKT1 substrate 1","ENSG00000204673.11","protein_coding",33707434,"mTORC1 inhibition sensitizes cancer cells or tumors to ferroptosis."
"Ferroptosis","MLST8","MTOR associated protein, LST8 homolog","ENSG00000167965.18","protein_coding",33707434,"mTORC1 inhibition sensitizes cancer cells or tumors to ferroptosis."
"Ferroptosis","MTOR","mechanistic target of rapamycin kinase","ENSG00000198793.14","protein_coding",33707434,"mTORC1 inhibition sensitizes cancer cells or tumors to ferroptosis."
"Ferroptosis","RPTOR","regulatory associated protein of MTOR complex 1","ENSG00000141564.16","protein_coding",33707434,"mTORC1 inhibition sensitizes cancer cells or tumors to ferroptosis."
"Ferroptosis","CDH1","cadherin 1","ENSG00000039068.20","protein_coding",34801472,"These results indicate that the inhibition of E-cadherin or the induction of EMT enhance ferroptosis."
"Ferroptosis","SIRT1","sirtuin 1","ENSG00000096717.12","protein_coding",34000515,"SIRT1 inhibits FCs ferroptosis in excess iron."
"Ferroptosis","TYRO3","TYRO3 protein tyrosine kinase","ENSG00000092445.12","protein_coding",33855973,"Inhibition of TYRO3 enhances ferroptosis and sensitizes resistant tumors to anti-mPD-1 therapy."
"Ferroptosis","SIRT6","sirtuin 6","ENSG00000077463.15","protein_coding",34530350,"SIRT6 silencing overcomes resistance to sorafenib by promoting ferroptosis in gastric cancer."
"Ferroptosis","TMSB4X","thymosin beta 4 X-linked","ENSG00000205542.11","protein_coding",34280397,"Thymosin beta 4 alleviates non-alcoholic fatty liver by inhibiting ferroptosis via up-regulation of GPX4."
"Ferroptosis","TMSB4Y","thymosin beta 4 Y-linked","ENSG00000154620.6","protein_coding",34280397,"Thymosin beta 4 alleviates non-alcoholic fatty liver by inhibiting ferroptosis via up-regulation of GPX4."
"Ferroptosis","KIF20A","kinesin family member 20A","ENSG00000112984.12","protein_coding",33819186,"High KIF20A expression in resistant CRC cell line suppressed the intracellular ferroptosis process."
"Ferroptosis","ECH1","enoyl-CoA hydratase 1","ENSG00000104823.9","protein_coding",33813878,"Enoyl coenzyme A hydratase 1 alleviates nonalcoholic steatohepatitis in mice by suppressing hepatic ferroptosis."
"Ferroptosis","RHOT1","ras homolog family member T1","ENSG00000126858.19","protein_coding",33686957,"Circular RNA RHOT1 promotes progression and inhibits ferroptosis via mir-106a-5p/STAT3 axis in breast cancer."
"Ferroptosis","ETV4","ETS variant transcription factor 4","ENSG00000175832.13","protein_coding",34283663,"Overall, the data suggested that the knockdown of ETV4 suppressed the PTC progression by promoting ferroptosis upon SLC7A11 downregulation."
"Ferroptosis","MEG8","maternally expressed 8, small nucleolar RNA host gene","ENSG00000225746.13","lncRNA",33839417,"Silencing lncRNA MEG8 inhibits the proliferation and induces the ferroptosis of HemECs."
"Ferroptosis","VCP","valosin containing protein","ENSG00000165280.18","protein_coding",34033175,"VCP relocalization limits mitochondrial activity, GSH depletion and ferroptosis during starvation in PC3 prostate cancer cells. Moreover, the addition of a VCP inhibitor, CB-5083, in starvation media prevented VCP relocalization and triggered ferroptotic cell death."
"Ferroptosis","circ_0007142","","","circRNA",33797091,"After expression inhibition of circ_0007142, proliferation was reduced, while apoptosis and ferroptosis were facilitated in CRC cells."
"Ferroptosis","ENPP2","ectonucleotide pyrophosphatase/phosphodiesterase 2","ENSG00000136960.13","protein_coding",34296293,"These data suggested the inhibitory effects of ENPP2 on DOX-induced ferroptosis in H9c2 cells."
"Ferroptosis","RBMS1","RNA binding motif single stranded interacting protein 1","ENSG00000153250.21","protein_coding",34609966,"RBMS1 ablation inhibited the translation of SLC7A11, reduced SLC7A11-mediated cystine uptake, and promoted ferroptosis."
"Ferroptosis","KDM4A","lysine demethylase 4A","ENSG00000066135.13","protein_coding",33689883,"KDM4A knockdown promotes ferroptosis in OS cells."
"Ferroptosis","CBS","cystathionine beta-synthase","ENSG00000160200.18","protein_coding",34737229,"CBS Protects BLBC Tumors from Oxidative Stress and Ferroptotic Cell Death."
"Ferroptosis","MGST1","microsomal glutathione S-transferase 1","ENSG00000008394.13","protein_coding",33539732,"MGST1 inhibits ferroptosis in vivo."
"Ferroptosis","KIF4A","kinesin family member 4A","ENSG00000090889.12","protein_coding",34153004,"Circular RNA circKIF4A facilitates the malignant progression and suppresses ferroptosis by sponging miR-1231 and upregulating GPX4 in papillary thyroid cancer."
"Ferroptosis","MIR7-1","microRNA 7-1","ENSG00000284179","miRNA",34361070,"Knockdown of miR-7-5p Enhances Ferroptosis Signaling."
"Ferroptosis","PRDX6","peroxiredoxin 6","ENSG00000117592.9","protein_coding",33894270,"Prdx6 overexpression also eliminated ferroptosis caused by HG, which was reflected in the suppression of iron accumulation and the increase in SLC7A11 and GPX4 expression."
"Ferroptosis","circ_0067934","","","circRNA",34290668,"Circular RNA Circ_0067934 Attenuates Ferroptosis of Thyroid Cancer Cells by miR-545-3p/SLC7A11 Signaling."
"Ferroptosis","MPC1","mitochondrial pyruvate carrier 1","ENSG00000060762.19","protein_coding",33741422,"Taken together, our data suggested that MPC1 suppression increased vulnerability to ferroptosis in vivo."
"Ferroptosis","CHMP1A","charged multivesicular body protein 1A","ENSG00000131165.16","protein_coding",34426578,"Chmp1a knockdown enhances ferroptosis through increased iron accumulation."
"Ferroptosis","CAMKK2","calcium/calmodulin dependent protein kinase kinase 2","ENSG00000110931.19","protein_coding",34242660,"Then we proved that CAMKK2 negatively regulated ferroptosis through the activation of NRF2 and the suppression of lipid peroxidation."
"Ferroptosis","SOX2","SRY-box transcription factor 2","ENSG00000181449.4","protein_coding",34385181,"Stem Cell Factor SOX2 Confers Ferroptosis Resistance in Lung Cancer via Upregulation of SLC7A11."
"Ferroptosis","SRSF9","serine and arginine rich splicing factor 9","ENSG00000111786.10","protein_coding",33609745,"Furthermore, we found that SRSF9 inhibition increased erastin-induced ferroptosis by downregulating GPX4 level."
"Ferroptosis","PROK2","prokineticin 2","ENSG00000163421.9","protein_coding",34244497,"Thus, Prok2 overexpression alleviates ferroptosis by promoting expression of Fbxo10 and accelerating Acsl4 ubiquitination/degradation."
"Ferroptosis","MIR4443","microRNA 4443","ENSG00000265483.1","miRNA",33781830,"miR-4443 promotes cisplatin resistance by suppressing ferroptosis."
"Ferroptosis","SIRT2","sirtuin 2","ENSG00000068903.21","protein_coding",34102645,"SIRT2 inhibition exacerbates p53-mediated ferroptosis in mice following experimental traumatic brain injury."
"Ferroptosis","circRNA1615","","","circRNA",34712388,"circRNA1615 inhibits ferroptosis via modulation of autophagy by the miRNA152-3p/LRP6 molecular axis in cardiomyocytes of myocardial infarction."
"Ferroptosis","MIR27A","microRNA 27a","ENSG00000207808.1","miRNA",34722314,"Cell viability was reduced after downregulating miR-27a-3p in comparison with control (Figure 5A), suggesting that miR-27a-3p negatively modulated ferroptosis."
"Ferroptosis","MIR670","microRNA 670","ENSG00000211568.1","miRNA",34323631,"MicroRNA-670-3p suppresses ferroptosis of human glioblastoma cells through targeting ACSL4."
"Ferroptosis","MEF2C","myocyte enhancer factor 2C","ENSG00000081189.17","protein_coding",33984142,"MEF2C Inhibited Ferroptosis by Upregulating NF2 and E-Cadherin."
"Ferroptosis","NF2","NF2, moesin-ezrin-radixin like (MERLIN) tumor suppressor","ENSG00000186575.19","protein_coding",33984142,"Together, these results suggest that loss of NF2 might sensitize meningioma to ferroptosis-induced cytotoxicity."
"Ferroptosis","CDH1","cadherin 1","ENSG00000039068.20","protein_coding",33984142,"E-Cadherin Induced Cell Density-Dependent Inhibition of Ferroptosis."
"Ferroptosis","HSPB1","heat shock protein family B (small) member 1","ENSG00000106211.10","protein_coding",34791597,"HSP27 protects against ferroptosis of glioblastoma cells."
"Ferroptosis","EZH2","enhancer of zeste 2 polycomb repressive complex 2 subunit","ENSG00000106462.12","protein_coding",34614259,"Overexpression of EZH2 and SLC7A11 inhibits erastin-induced ferroptosis in TSCC cells."
"Ferroptosis","PEDS1","plasmanylethanolamine desaturase 1","ENSG00000240849.11","protein_coding",33731874,"TMEM189 promotes ferroptosis resistance via inhibiting expression of FAR1 through plasmalogen synthesis."
"Ferroptosis","SMPD1","sphingomyelin phosphodiesterase 1","ENSG00000166311.10","protein_coding",34401974,"Together, knockdown of Smpd1 and Taz expression responsible for CER and CL synthesis, respectively, aggravated APAP-induced mitochondrial dysfunction and ferroptosis in hepatocytes."
"Ferroptosis","ADAMTS13","ADAM metallopeptidase with thrombospondin type 1 motif 13","ENSG00000160323.19","protein_coding",34666603,"We found that ADAMTS13 alleviated CP-induced ferroptosis in AKI mice with renal function impairment and tubular damage."
"Ferroptosis","CDC25A","cell division cycle 25A","ENSG00000164045.12","protein_coding",34743185,"Overexpression of Cdc25A suppressed ferroptosis in cervical cancer cells."
"Ferroptosis","G6PD","glucose-6-phosphate dehydrogenase","ENSG00000160211.20","protein_coding",34325001,"G6PD inhibits ferroptosis in HCC cells."
"Ferroptosis","SRSF9","serine and arginine rich splicing factor 9","ENSG00000111786.10","protein_coding",34336668,"Knockdown of SFRS9 Inhibits Progression of Colorectal Cancer Through Triggering Ferroptosis Mediated by GPX4 Reduction."
"Ferroptosis","CAV1","caveolin 1","ENSG00000105974.13","protein_coding",34874578,"Higher expression of CAV1 inhibits ferroptosis of cancer cells in HNSCC."
"Ferroptosis","FNDC3B","fibronectin type III domain containing 3B","ENSG00000075420.13","protein_coding",34434890,"CircFNDC3B Represses Ferroptosis of OSCC Cells by Inducing SLC7A11 Expression."
"Ferroptosis","PPARD","peroxisome proliferator activated receptor delta","ENSG00000112033.14","protein_coding",34649350,"GW501516-activated PPARÎ´ attenuates ferroptotic death of xCT-deficient MEFs."
"Ferroptosis","CISD2","CDGSH iron sulfur domain 2","ENSG00000145354.12","protein_coding",34485112,"Knockdown of CISD2 Promotes Ferroptosis in Sorafenib-Resistant Cells."
"Ferroptosis","ENO3","enolase 3","ENSG00000108515.18","protein_coding",33987359,"In addition, overexpressed ENO3 attenuated the status of ferroptosis."
"Ferroptosis","SESN2","sestrin 2","ENSG00000130766.5","protein_coding",34482365,"Sesn2 suppresses septic-induced ferroptosis to improve the immune function of DCs."
"Ferroptosis","LCN2","lipocalin 2","ENSG00000148346.12","protein_coding",34921145,"LIFR and SHP1 positively regulate ferroptosis while LCN2 negatively regulates ferroptosis."
"Ferroptosis","MARCHF5","membrane associated ring-CH-type finger 5","ENSG00000198060.10","protein_coding",34390730,"Further, in cultured cardiomyocytes stressed with DOX, both MITOL and GPX4 were reduced, whereas forced-expression of MITOL suppressed DOX-induced ferroptosis by maintaining GPX4 content."
"Ferroptosis","TRIB2","tribbles pseudokinase 2","ENSG00000071575.12","protein_coding",34315867,"Here, we demonstrated that deletion of TRIB2 sensitized ferroptosis via lifting labile iron in liver cancer cells."
"Ferroptosis","DHODH","dihydroorotate dehydrogenase (quinone)","ENSG00000102967.12","protein_coding",33981038,"DHODH inhibits mitochondrial ferroptosis."
"Ferroptosis","SLC7A11","solute carrier family 7 member 11","ENSG00000151012.13","protein_coding",33681224,"SLC7A11 Overexpression Induces Ferroptosis Resistance."
"Ferroptosis","MIR545","microRNA 545","ENSG00000207820.1","miRNA",34954694,"These data suggest that miR-545 may increase CRC cell survival by inhibiting ferroptosis."
"Ferroptosis","OTUB1","OTU deubiquitinase, ubiquitin aldehyde binding 1","ENSG00000167770.13","protein_coding",34927544,"OTUB1 knockdown triggers ferroptosis dependent on SLC7A11 expression."
"Ferroptosis","PDK4","pyruvate dehydrogenase kinase 4","ENSG00000004799.8","protein_coding",33626342,"PDK4 inhibits ferroptosis by blocking pyruvate dehydrogenase-dependent pyruvate oxidation."
"Ferroptosis","PVT1","Pvt1 oncogene","ENSG00000249859.14","lncRNA",34966683,"Furthermore, knockdown of circPVT1 increased ferroptosis through downregulating p-Î²-catenin, GPX4, and SLC7A11 while miR-30a-5p inhibition and FZD3 overexpression reversed the phenotype by upregulating p-Î²-catenin, GPX4, and SLC7A11."
"Ferroptosis","MIR9-3HG","MIR9-3 host gene","ENSG00000255571.10","lncRNA",34953631,"BMSCs-Exo Mir9-3hg attenuates H/R-induced ferroptosis in HL-1 cells."
"Ferroptosis","ADIPOQ","adiponectin, C1Q and collagen domain containing","ENSG00000181092.10","protein_coding",34859390,"ADPN inhibited oxidation/peroxide imbalance-induced ferroptosis in placental tissues of GDM mice."
"Ferroptosis","circDTL","","","circRNA",34621297,"Inhibition of circDTL Induced Apoptosis and Ferroptosis in NSCLC Cells."
"Ferroptosis","GPX4","glutathione peroxidase 4","ENSG00000167468.20","protein_coding",34133924,"The glutathione peroxidase Gpx4 prevents lipid peroxidation and ferroptosis to sustain Treg cell activation and suppression of antitumor immunity."
"Ferroptosis","mmu_circRNA_0000309","","","circRNA",34913724,"mmu_circRNA_0000309 depletion abrogates the inhibitory effect of germacrone on ferroptosis."
"Ferroptosis","IL6","interleukin 6","ENSG00000136244.12","protein_coding",34902522,"IL-6 reverses ferroptosis in vivo and in vitro by upregulating xCT."
"Ferroptosis","PTPN18","protein tyrosine phosphatase non-receptor type 18","ENSG00000072135.13","protein_coding",33642877,"In the present study, we found that silencing of PTPN18 induced ferroptosis in KLE endometrial cancer cells."
"Ferroptosis","FTH1","ferritin heavy chain 1","ENSG00000167996.16","protein_coding",34965856,"FTH expression endows HCC cells specifically resistant to ferroptosis."
"Ferroptosis","FTH1","ferritin heavy chain 1","ENSG00000167996.16","protein_coding",33997705,"Meanwhile, we also showed that apoferritin prevented MPTP-induced ferroptosis effectively by inhibiting the up-regulation of long-chain acyl-CoA synthetase 4 (ACSL4) and the down-regulation of ferroptosis suppressor protein 1 (FSP1)."
"Ferroptosis","FTL","ferritin light chain","ENSG00000087086.15","protein_coding",33997705,"Meanwhile, we also showed that apoferritin prevented MPTP-induced ferroptosis effectively by inhibiting the up-regulation of long-chain acyl-CoA synthetase 4 (ACSL4) and the down-regulation of ferroptosis suppressor protein 1 (FSP1)."
"Ferroptosis","LCN2","lipocalin 2","ENSG00000148346.12","protein_coding",34069743,"hLcn-2 Protects Renal Tumor Cells against Erastin-Induced Ferroptotic Cell Death."
"Ferroptosis","ABCC5","ATP binding cassette subfamily C member 5","ENSG00000114770.17","protein_coding",34768109,"ABCC5 increased intracellular glutathione (GSH) and attenuated lipid peroxidation accumulation by stabilizing SLC7A11 protein, which inhibited ferroptosis."
"Ferroptosis","CISD3","CDGSH iron sulfur domain 3","ENSG00000277972.2","protein_coding",34497268,"CISD3 inhibition drives cystine-deprivation induced ferroptosis."
"Ferroptosis","MS4A15","membrane spanning 4-domains A15","ENSG00000166961.15","protein_coding",34663908,"Ms4a15 expression specifically blocks ferroptosis."
"Ferroptosis","LCN2","lipocalin 2","ENSG00000148346.12","protein_coding",34146401,"Lipocalin 2 expression promotes tumor progression and therapy resistance by inhibiting ferroptosis in colorectal cancer."
"Ferroptosis","FURIN","furin, paired basic amino acid cleaving enzyme","ENSG00000140564.13","protein_coding",33640301,"Furin protects epithelial cells from DSS-induced ferroptosis-like cell injury and alleviates experimental colitis by activating the Nrf2-Gpx4 signaling pathway."
"Ferroptosis","circRHBG","","","circRNA",34532485,"circRHBG inhibits ferroptosis in PCOS cells through the circRHBG/miR-515-5p/SLC7A11 axis in PCOS."
"Ferroptosis","GALNT14","polypeptide N-acetylgalactosaminyltransferase 14","ENSG00000158089.15","protein_coding",34643088,"Altogether, GALNT14 is involved in the ferroptosis of ovarian cancer cells, and downregulation of GALNT14 can trigger ferroptosis in ovarian cancer cells."
"Ferroptosis","KLHDC3","kelch domain containing 3","ENSG00000124702.19","protein_coding",34743205,"KLHDC3 suppresses ferroptosis in a p14ARF and SLC7A11-dependent manner."
"Ferroptosis","LINC01833","long intergenic non-protein coding RNA 1833","ENSG00000259439.3","lncRNA",34728613,"LncRNA RP11-89 facilitates tumorigenesis and ferroptosis resistance through PROM2-activated iron export by sponging miR-129-5p in bladder cancer."
"Ferroptosis","GFRA1","GDNF family receptor alpha 1","ENSG00000151892.16","protein_coding",34668628,"Downregulation of circGFRA1 promotes ferroptosis in HER_?__ositive BC."
"Ferroptosis","MAPKAP1","MAPK associated protein 1","ENSG00000119487.17","protein_coding",34949833,"mTORC2 ablation induces ferroptosis in memory CD4+ T cells."
"Ferroptosis","MLST8","MTOR associated protein, LST8 homolog","ENSG00000167965.18","protein_coding",34949833,"mTORC2 ablation induces ferroptosis in memory CD4+ T cells."
"Ferroptosis","MTOR","mechanistic target of rapamycin kinase","ENSG00000198793.14","protein_coding",34949833,"mTORC2 ablation induces ferroptosis in memory CD4+ T cells."
"Ferroptosis","PRR5","proline rich 5","ENSG00000186654.21","protein_coding",34949833,"mTORC2 ablation induces ferroptosis in memory CD4+ T cells."
"Ferroptosis","RICTOR","RPTOR independent companion of MTOR complex 2","ENSG00000164327.13","protein_coding",34949833,"mTORC2 ablation induces ferroptosis in memory CD4+ T cells."
"Ferroptosis","GSTM1","glutathione S-transferase mu 1","ENSG00000134184.13","protein_coding",34586745,"Moreover, the results suggest that GSTM1 may be a novel negative regulator of ferroptosis in addition to GPX4."
"Ferroptosis","TERT","telomerase reverse transcriptase","ENSG00000164362.21","protein_coding",34716298,"In contrast, TERT-overexpressing cells exhibited marked elevation in SLC7A11 levels and thereby inhibited ferroptosis."
"Ferroptosis","circ0097009","","","circRNA",33987373,"Knockdown of circ0097009 promotes ferroptosis in HCC."
"Ferroptosis","TMEM161B-DT","TMEM161B divergent transcript","ENSG00000247828.10","lncRNA",34689169,"Knockdown of TMEM161B-AS1 down-regulated the expression of FANCD2 and CD44 by sponging hsa-miR-27a-3p, inhibited the proliferation, migration, invasion and promoted apoptosis, ferroptosis of U87 cells and U251 cells."
"Ferroptosis","EPSTI1","epithelial stromal interaction 1","ENSG00000133106.15","protein_coding",33534779,"Silencing of circEPSTI1 induces ferroptosis mediated by SLC7A11."
"Ferroptosis","MIR18A","microRNA 18a","ENSG00000283815.1","miRNA",33579899,"miR-18a promotes glioblastoma development by down-regulating ALOXE3-mediated ferroptotic and anti-migration activities. miR-18a directly targets ALOXE3 and suppresses its expression in GBM cells."
"Ferroptosis","RARRES2","retinoic acid receptor responder 2","ENSG00000106538.10","protein_coding",33757970,"Chemerin inhibition increases oxidized lipid and enhances ferroptosis susceptibility."
"Ferroptosis","USP11","ubiquitin specific peptidase 11","ENSG00000102226.10","protein_coding",33531626,"USP11 ablation inhibits cell proliferation and sensitizes H1299 cells to ferroptosis during ROS-mediated stress."
"Ferroptosis","circRNA1615","","","circRNA",34712388,"circRNA1615 inhibited ferroptosis in cardiomyocytes, and circRNA1615 could regulate the expression of LRP6 through sponge adsorption of miR-152-3p, prevent LRP6-mediated autophagy-related ferroptosis in cardiomyocytes, and finally control the pathological process of MI."
"Ferroptosis","GFRA1","GDNF family receptor alpha 1","ENSG00000151892.16","protein_coding",34668628,"Combined with the confirmation that the decrease in the GSH/GSSG ratio results in the deactivation of GPX4, which in turn leads to more toxic lipid reactive oxygen species (ROS) accumulation and ferroptosis induction, we can deduce that knockdown of circGFRA1 promotes ferroptosis. In addition, it has been proven that the two pathways mentioned above act in parallel with each other."
"Ferroptosis","circDTL","","","circRNA",34621297,"This study found that circDTL was upregulated and acted as an oncogene during the progression of NSCLC. Interestingly, silencing of circDTL induced ferroptosis of NSCLC cells and further investigation showed that circDTL regulated ferroptosis via the miR-1287-5p/GPX4 axis. These findings underlined the importance of circRNAs in the process of ferroptosis and introduced circDTL as a regulator of ferroptosis in NSCLC."
"Ferroptosis","circRHBG","","","circRNA",34532485,"CircRNA high-throughput chips and qRT-PCR verified that circRHBG was significantly upregulated in granular cells of PCOS patients. Knockdown of circRHBG inhibits KGN and SVOG cell proliferation. Luciferase reporter assays and Ago2-RIP detection showed that circRHBG competes with SLC7A11 to bind to miR-515-5p. Subsequent experiments verified knockdown of circRHBG promotes ferroptosis in PCOS."
"Ferroptosis","FNDC3B","fibronectin type III domain containing 3B","ENSG00000075420.13","protein_coding",34434890,"Our data demonstrated that the silencing of circFNDC3B by shRNA inhibited GPX4 and SLC7A11 expression and enhanced ROS, iron, and Fe2+ levels in OSCC cells. CircFNDC3B knockdown reinforced erastin-induced inhibitory effect on OSCC cells. The depletion of circFNDC3B repressed cell proliferation and enhanced cell apoptosis of OSCC cells."
"Ferroptosis","circ_0067934","","","circRNA",34290668,"The knockdown of circ_0067934 induced thyroid cancer cell apoptosis and repressed thyroid cancer cell proliferation in vitro and in vivo. Circ_0067934 upregulated the expression of the ferroptosis-negative regulator SLC7A11 by sponging and inhibiting miR-545-3p in thyroid cancer cells. The overexpression of SLC7A11 or the inhibitor of miR-545-3p reversed circ_0067934 silencing-regulated thyroid cancer cell proliferation. "
"Ferroptosis","KIF4A","kinesin family member 4A","ENSG00000090889.12","protein_coding",34153004,"We explored circKIF4A and the result showed that it had high expression in papillary thyroid cancer. The functions of circKIF4A were explored by CCK-8, transwell, and mouse xenograft experiments. Knockdown of circKIF4A could suppress papillary thyroid cell growth and migration. In addition, RIP assays and dual luciferase vector reporter assays were further conducted. Our consequence showed circKIF4A facilitated the malignant progress of papillary thyroid tumor by sponging miR-1231 and upregulating GPX4 expression. In conclusion, our study proved that circKIF4A-miR-1231-GPX4 axis played a vital role in cancer proliferation and ferroptosis by competing endogenous RNAs."
"Ferroptosis","circ0097009","","","circRNA",33987373,"Microarray analysis and qRT-PCR verified that circRNA, circ0097009, was significantly upregulated in HCC tissues and cell lines. Knockdown of circ0097009 inhibited the proliferation and invasion of HCC cells. Luciferase reporter assays showed that circ0097009 and SLC7A11 directly bound to miR-1261. Subsequent experiments showed that circ0097009 and SLC7A11 reciprocally regulated their expression via miR-1261 sponging by circ0097009."
"Ferroptosis","circSnx12","","","circRNA",33969020,"we assessed the binding relationship between the ferroptosis-associated gene FTH1 and its target miR-224-5p. The results of luciferase reporter assay showed that miR-224-5p mimics could reduce the luciferase activity of FTH1 3'-UTR, but did not significantly affected that of FTH1 3'-UTR mutant. These findings imply that FTH1 is a direct target of miR-224-5p. Additionally, we demonstrated the regulatory relationship between miR-224-5p and circSnx12. "
"Ferroptosis","circ_0007142","","","circRNA",33797091,"circ_0007142 was found as a miR-874-3p sponge and miR-874-3p inhibitor eliminated the regulation of si-circ_0007142 in CRC cells. MiR-874-3p targeted GDPD5 and upregulation of GDPD5 reversed the miR-874-3p-triggered tumour inhibition and ferroptosis promotion in CRC cells. Moreover, GDPD5 was regulated by the circ_0007142/miR-874-3p axis. Circ_0007142 also affected CRC tumorigenesis in vivo through the regulation of miR-874-3p and GDPD5."
"Ferroptosis","RHOT1","ras homolog family member T1","ENSG00000126858.19","protein_coding",33686957,"the depletion of circRHOT1 enhanced the erastin-induced inhibition effect on cell growth of breast cancer cells. The circRHOT1 knockdown notably increased the levels of reactive oxygen species (ROS), iron, and Fe2+ in breast cancer cells. Mechanically, circRHOT1 was able to sponge microRNA-106a-5p (miR-106a-5p) and inhibited ferroptosis by down-regulating miR-106a-5p in breast cancer cells. Besides, miR-106a-5p induced ferroptosis by targeting signal transducer and activator of transcription 3 (STAT3) in the system. Moreover, the overexpression of STAT3 and miR-106a-5p inhibitor could reverse circRHOT1 knockdown-mediated breast cancer progression."
"Ferroptosis","EPSTI1","epithelial stromal interaction 1","ENSG00000133106.15","protein_coding",33534779,"circEPSTI1 (hsa_circRNA_000479) was significantly upregulated in cervical cancer. We first discovered the impact of circRNA on cell ferroptosis in cervical cancer. Interestingly, circEPSTI1 attenuates the effect of ferritin which is mediated by SLC7A11 based on lipid peroxidation measurements and reduced glutathione and glutathione (GSH/GSSG) assay."
"Ferroptosis","circIL4R","","","circRNA",32808701,"CircIL4R was abnormally overexpressed in HCC tissues and cells. CircIL4R knockdown impeded oncogenesis and expedited ferroptosis of HCC cells. CircIL4R could directly sponge microRNA-541-3p (miR-541-3p) and miR-541-3p inhibition mitigated the effects of circIL4R knockdown on HCC cells. CircIL4R acted as a miR-541-3p sponge to regulate its target glutathione peroxidase 4 (GPX4). GPX4 upregulation relieved the miR-541-3p-induced tumor inhibition and ferroptosis aggravation. CircIL4R played an oncogenic role in HCC via the miR-541-3p/GPX4 axis in vivo."
"Ferroptosis","hsa_circ_0008367","","","circRNA",32802409,"Prediction analysis and mechanistic identification revealed that cIARS physically interacted with RNA binding protein (RBP) ALKBH5, which was a negative regulator of autophagic flux in HCC. The dissociation of BCL-2/BECN1 complex, mediated by ALKBH5 silencing was effectively blocked by si-cIARS. Furthermore, the inhibition of ferroptotic events, autophagic flux and ferritinophagy resulted from si-cIARS, were significantly rescued by ALKBH5 downregulation."
"Ferroptosis","ABCB10","ATP binding cassette subfamily B member 10","ENSG00000135776.5","protein_coding",32567935,"CircABCB10 performed carcinogenic functions to suppress ferroptosis and apoptosis in rectal cancer by regulating miR-326/CCL5 axis."
"Ferroptosis","TTBK2","tau tubulin kinase 2","ENSG00000128881.18","protein_coding",32196629,"Levels of circ-TTBK2 and ITGB8 were upregulated, whereas miR-761 level was low-expressed in glioma tissues and cells. CircTTBK2 was a sponge of miR-761 to modulate ITGB8. Additionally, circ-TTBK2 knockdown or miR-761 increase could retard cell proliferation, invasion, and promote ferroptosis in glioma cells. Interestingly, miR-761 inhibitor could abolish the repressive impact of circ-TTBK2 silencing on cell growth in vitro. Also, the influence of miR-761 mimic on cell phenotypes was regained after ITGB8 upregulation. Meanwhile, circ-TTBK2 deficiency caused the decrease of tumor growth."
"Ferroptosis","LINC01833","long intergenic non-protein coding RNA 1833","ENSG00000259439","lncRNA",34728613,"We demonstrated that LINC01833 is a novel tumorigenic regulator that inhibits ferroptosis via PROM2-activated iron export."
"Ferroptosis","TMEM161B-DT","TMEM161B divergent transcript","ENSG00000247828","lncRNA",34689169,"Knockdown of TMEM161B-AS1 down-regulated the expression of FANCD2 and CD44 by sponging hsa-miR-27a-3p, inhibited the proliferation, migration, invasion and promoted apoptosis, ferroptosis of U87 cells and U251 cells. "
"Ferroptosis","ZFAS1","ZNFX1 antisense RNA 1","ENSG00000177410.13","lncRNA",34609043,"Inhibition of ZFAS1 led to reduced collagen deposition, decreased cardiomyocyte apoptosis and ferroptosis, and attenuated DbCM progression. ZFAS1 sponges miR-150-5p to downregulate CCND2 expression."
"Ferroptosis","MEG3","maternally expressed 3","ENSG00000214548","lncRNA",34587716,"Altogether, these data revealed that, by modulating GPX4 transcription and expression, the Meg3-p53 signaling pathway mediated the ferroptosis of RBMVECs upon injury induced by OGD combined with hyperglycemic reperfusion."
"Ferroptosis","PVT1","Pvt1 oncogene","ENSG00000249859.14","lncRNA",34566408,"LncPVT1 directly interacted with miR-214-3p to impede its role as a sponge of GPX4. Depletion of lncPVT1 accelerated the ferroptosis of live cancer cells, whereas miR-214-3p inhibition and GPX4 overexpression reversed this effect. Ketamine-induced cell growth suppression and ferroptosis were also suppressed by miR-214-3p inhibition and GPX4 overexpression."
"Ferroptosis","H19","H19 imprinted maternally expressed transcript","ENSG00000130600.21","lncRNA",34288826,"Over-expression of H19 suppressed cell viability and promoted ferroptosis of BMVECs. miR-106b-5p is predicted to be a target of H19. The expression of miR-106b-5p was lower in oxygen and glucose deprivation hemin-treated (OGD/H-treated) cells. Over-expression of miR-106b-5p reversed the effects of H19 on cell viability and ferroptosis in BMVECs. Furthermore, acyl-CoA synthetase long-chain family member 4 (ACSL4) was verified to be a target gene of miR-106b-5p and was highly expressed in OGD/H-treated cells. Upregulation of ACSL4 inhibited the effects of miR-106b-5p and induced BMVEC dysfunction."
"Ferroptosis","OIP5-AS1","OIP5 antisense RNA 1","ENSG00000247556.7","lncRNA",34051661,"We found that lncRNA OIP5-AS1 expression was greatly elevated in PC3 and DU145 cells upon chronic Cd exposure. Dysregulation of OIP5-AS1 expression mediated cell growth and Cd-induced ferroptosis. Mechanistically, we demonstrated that OIP5-AS1 served as an endogenous sponge of miR-128-3p to regulate the expression of SLC7A11, a surrogate marker of ferroptosis. Moreover, miR-128-3p decreased cell viability by enhancing ferroptosis."
"Ferroptosis","HOTAIR","HOX transcript antisense RNA","ENSG00000228630.6","lncRNA",33906483,"Moreover, paeonol notably inhibited ferroptosis in hemin-treated neuronal cells via inhibition of ACSL4. Additionally, HOTAIR bound to UPF1, and UPF1 promoted the degradation of ACSL4 by binding to ACSL4. Furthermore, HOTAIR overexpression reversed paeonol-induced inhibition of ferroptosis by mediating the UPF1/ACSL4 axis. Paeonol inhibits the progression of ICH by mediating the HOTAIR/UPF1/ACSL4 axis."
"Ferroptosis","MEG8","maternally expressed 8, small nucleolar RNA host gene","ENSG00000225746.13","lncRNA",33839417,"Knockdown of MEG8 increased the miR-497-5p expression and reduced the mRNA and protein levels of NOTCH2. Using a dual-luciferase assay, we confirmed the binding between MEG8 and miR-497-5p, and between the miR-497-5p and 3'UTR of NOTCH2. We further found that silencing MEG8 significantly decreased the expressions of SLC7A11 and GPX4 both in mRNA and protein level and had no effect on the level of AIFM2. Importantly, blocking miR-497-5p abrogated the effects of MEG8 loss on cell viability, MDA level and expression levels of NOTCH2, SLC7A11 and GPX4 in HemECs. Taken together, our results suggested that knockdown of long non-coding RNA MEG8 inhibited the proliferation and induced the ferroptosis of hemangioma endothelial cells by regulating miR-497-5p/NOTCH2 axis."
"Ferroptosis","NEAT1","nuclear paraspeckle assembly transcript 1","ENSG00000245532.11","lncRNA",33730930,"Erastin-induced cell death was positively correlated with ACSL4 level. NEAT1 regulated levels of ACSL4 and proteins related to the ferroptosis and classical apoptosis pathways. Levels of ACSL4, SLC7A11, and GPX4 were decreased more by NEAT1 silencing plus erastin than by erastin alone."
"Ferroptosis","H19","H19 imprinted maternally expressed transcript","ENSG00000130600.21","lncRNA",33273971,"H19 expression was positively correlated with Bcl-2 and GPX4 expression and negatively linked with Bax levels. It was demonstrated that silencing H19 downregulated Bcl-2 and GPX4 expression and upregulated Bax expression at both the mRNA and protein levels in HTR-8/SVneo trophoblast cells. In conclusion, the present findings suggested that H19 has important roles in SA by promoting apoptosis and ferroptosis."
"Ferroptosis","LINC00618","long intergenic non-protein coding RNA 618","","lncRNA",33002417,"LINC00618 promotes apoptosis by increasing the levels of BCL2-Associated X (BAX) and cleavage of caspase-3. LINC00618 also accelerates ferroptosis by increasing the levels of lipid reactive oxygen species (ROS) and iron, two surrogate markers of ferroptosis, and decreasing the expression of solute carrier family 7 member 11 (SLC7A11). Interestingly, VCR-induced ferroptosis and apoptosis are promoted by LINC00618, and LINC00618 accelerates ferroptosis in a manner dependent upon apoptosis. LINC00618 attenuates the expression of lymphoid-specific helicase (LSH), and LSH enhances the transcription of SLC7A11 after the recruitment to the promoter regions of SLC7A11, further inhibiting ferroptosis."
"Ferroptosis","MT1DP","metallothionein 1D, pseudogene","ENSG00000205361.10","transcribed_pseudogene",32929075,"In vivo analysis showed that E/M@FA-LPs had a favorable therapeutic effect on lung cancer xenografts. In short, our findings identify a novel strategy to elevate erastin-induced ferroptosis in NSCLCs acting through the MT1DP/miR-365a-3p/NRF2 axis."
"Ferroptosis","PVT1","Pvt1 oncogene","ENSG00000249859.14","lncRNA",32827544,"We found that the levels of PVT1 were upregulated and miR-214 levels were downregulated in plasma of AIS patients. NIHSS score was positively correlated with PVT1 levels but was negatively with miR-214 levels. PVT1 silencing or miR-214 overexpression significantly reduced infarct size and suppressed ferroptosis in vivo. miR-214 overexpression markedly decreased PVT1 levels. Specifically, miR-214 could bind to 3'untranslated region (3'UTR) of PVT1, TP53 or TFR1. PVT1 overexpression or miR-214 silencing markedly abolished the effects of Ferrostatin-1 on ferroptosis indicators except for TFR1 expression. Besides, miR-214 silencing counteracted the effects of PVT1 knockdown on the ferroptosis-related proteins."
"Ferroptosis","ZFAS1","ZNFX1 antisense RNA 1","ENSG00000177410.13","lncRNA",32453709,"Silencing of lncRNA ZFAS1 attenuated ferroptosis and PF progression by lncRNA ZFAS1 acting as a competing endogenous RNA (ceRNA) and sponging miR-150-5p to downregulate SLC38A1 expression."
"Ferroptosis","GABPB1-AS1","GABPB1 antisense RNA 1","ENSG00000244879.10","lncRNA",31700067,"GABPB1-AS1 was upregulated by erastin which inhibited the translation of GABPB1, leading to the inhibition of peroxidase gene expression and causing the accumulation of ROS and MDA and HepG2 cell death."
"Ferroptosis","RP11-274B21.9","","ENSG00000271344.1","lncRNA",31186710,"The lncRNA function analysis revealed that the ferroptosis pathway, which was associated with SLC7A11, was one of the significant pathways affected. The downregulation of SLC7A11 induced by XAV939 may suppress the development of NSCLC via the ferroptosis pathway."
"Ferroptosis","LINC00973","","ENSG00000240476.1","lncRNA",31186710,"The lncRNA function analysis revealed that the ferroptosis pathway, which was associated with SLC7A11, was one of the significant pathways affected. The downregulation of SLC7A11 induced by XAV939 may suppress the development of NSCLC via the ferroptosis pathway."
"Ferroptosis","LINC00886","long intergenic non-protein coding RNA 886","ENSG00000240875.6","lncRNA",31186710,"The lncRNA function analysis revealed that the ferroptosis pathway, which was associated with SLC7A11, was one of the significant pathways affected. The downregulation of SLC7A11 induced by XAV939 may suppress the development of NSCLC via the ferroptosis pathway."
"Ferroptosis","PCBP2-OT1","PCBP2 overlapping transcript 1","ENSG00000282977.1","lncRNA",31186710,"The lncRNA function analysis revealed that the ferroptosis pathway, which was associated with SLC7A11, was one of the significant pathways affected. The downregulation of SLC7A11 induced by XAV939 may suppress the development of NSCLC via the ferroptosis pathway."
"Ferroptosis","RP1-228H13.5","novel transcript, sense overlapping with ZNF643","ENSG00000260920","lncRNA",31186710,"The lncRNA function analysis revealed that the ferroptosis pathway, which was associated with SLC7A11, was one of the significant pathways affected. The downregulation of SLC7A11 induced by XAV939 may suppress the development of NSCLC via the ferroptosis pathway."
"Ferroptosis","LINC00336","long intergenic non-protein coding RNA 336","ENSG00000197251.4","lncRNA",30787392,"LINC00336 functions as an oncogene to facilitate tumor cell proliferation, inhibit ferroptosis, and induce tumor formation in an ELAVL1-dependent manner."
"Ferroptosis","LINC00472","lncRNA","ENSG00000233237","lncRNA",29588351,"LncRNAs can directly interact with the functional domain of signaling proteins in the cytoplasm, thus regulating p53 modulators to suppress cancer progression."
"Ferroptosis","ASMTL-AS1","ASMTL antisense RNA 1","ENSG00000236017.8","lncRNA",34658100,"mechanism assays were done to confirm the relationship among ASMTL-AS1, SAT1 and U2AF2. Results showed that ASMTL-AS1 was down-regulated in LUAD cells and ASMTL-AS1 up-regulation resulted in retarded LUAD cell and xenograft tumor growth along with stimulated ferroptosis. ASMTL-AS1 recruited U2AF2 to stabilize SAT1 mRNA. Furthermore, SAT1 exerted a cancer suppressor role in LUAD cells."
"Ferroptosis","ASMTL-AS1","ASMTL antisense RNA 1","ENSG00000236017.8_PAR_Y","lncRNA",34658100,"mechanism assays were done to confirm the relationship among ASMTL-AS1, SAT1 and U2AF2. Results showed that ASMTL-AS1 was down-regulated in LUAD cells and ASMTL-AS1 up-regulation resulted in retarded LUAD cell and xenograft tumor growth along with stimulated ferroptosis. ASMTL-AS1 recruited U2AF2 to stabilize SAT1 mRNA. Furthermore, SAT1 exerted a cancer suppressor role in LUAD cells."
"Ferroptosis","H19","H19 imprinted maternally expressed transcript","ENSG00000130600.21","lncRNA",34644456,"Autophagy inducers and H19 can reverse the production of lipid reactive oxygen species and the inhibition of autophagy induced by metformin. The present study suggests that metformin may induce ferroptosis by inhibiting autophagy via H19, and this discovery may facilitate the development of novel therapies for the treatment of breast cancer."
"Ferroptosis","MIR15A","microRNA 15a","ENSG00000283785.1","miRNA",34727409,"Here we identified miR-15a-3p positively regulates ferroptosis via directly targeting glutathione peroxidase glutathione peroxidase 4 (GPX4) in CRC. Overexpression of miR-15a-3p repressed GPX4 through binding to the 3'-untranslated region of GPX4, resulting in increased reactive oxygen species level, intracellular Fe2+ level, and malondialdehyde accumulation in vitro and in vivo. Correspondingly, suppression of miR-15a-3p reduced the sensitivity of CRC cells to erastin and GPX4. Taken together, these data demonstrate that miR-15a-3p regulates ferroptosis through targeting GPX4 in CRC cells, illustrating the novel role of microRNA in ferroptosis."
"Ferroptosis","MIR539","microRNA 539","ENSG00000202560.4","miRNA",34601499,"We aimed to investigate the functions and mechanisms of miR-539 in CRC proliferation. Functionally, miR-539 can bind to and regulate the expression of TIPE, and miR-539 activates SAPK/JNK to downregulate the expression of glutathione peroxidase 4 (GPX4) and promote ferroptosis. Our data reveal the novel role of miR-539 in regulating ferroptosis in CRC via activation of the SAPK/JNK axis, providing new insight into the mechanism of abnormal proliferation in CRC and a novel potential therapeutic target for advanced CRC."
"Ferroptosis","MIR7-1","microRNA 7-1","ENSG00000284179","miRNA",34361070,"Knockdown of miR-7-5p increased reactive oxygen species (ROS), mitochondrial membrane potential, and intracellular Fe2+ amount. Furthermore, miR-7-5p knockdown results in the down-regulation of the iron storage gene expression such as ferritin, up-regulation of the ferroptosis marker ALOX12 gene expression, and increases of Liperfluo amount. H2O2 treatment after ALOX12 overexpression led to the enhancement of intracellular H2O2 amount and lipid peroxidation. By contrast, miR-7-5p knockdown seemed not to be involved in COX-2 and glycolysis signaling but affected the morphology of CRR cells."
"Ferroptosis","MIR15A","MicroRNA 15a","ENSG00000283785","miRNA",34339707,"Silencing transcription factor early growth response-1 (Egr-1) inhibited the level of miR-15a-5p, increased the protein expression of GPX4, accompanied by reduced ferroptosis and alleviated myocardial injury. In summary, these results provide a novel signaling pathway during the progression of acute myocardial infarction, namely Egr-1/miR-15a-5p/GPX4/ferroptosis."
"Ferroptosis","MIR670","microRNA 670","ENSG00000211568.1","miRNA",34323631,"miR-670-3p level was elevated in human glioblastoma, but decreased upon ferroptotic stimulation. miR-670-3p inhibitor suppressed, while miR-670-3p mimic promoted glioblastoma cell growth through modulating ferroptosis. Mechanistically, ACSL4 was required for the regulation on ferroptosis and growth of glioblastoma cells by miR-670-3p. Moreover, U87MG and A172 cells treated with miR-670-3p inhibitor showed an increased chemosensitivity to TMZ."
"Ferroptosis","MIR302A","microRNA 302a","ENSG00000207927.1","miRNA",34181495,"The miR-302a-3p mimic induced lipid peroxidation, iron overload and ferroptosis, thereby inhibiting cell growth and colony formation of NSCLCs cells. Conversely, the miR-302a-3p inhibitor block ederastin- or RSL3-related ferroptosis and tumor suppression. Additionally, we found that miR-302a-3p directly bound to the 3'-untranslational region of ferroportin to decrease its protein expression, and that ferroportin overexpression significantly prevented miR-302a-3p mimic-induced ferroptosis and tumor inhibition. Moreover, the miR-302a-3p mimic sensitized NSCLCs cells to cisplatin and paclitaxel chemotherapy."
"Ferroptosis","MIR382","microRNA 382","ENSG00000283170.1","miRNA",34122108,"MiR-382-5p/SLC7A11 axis was involved in lidocaine-mediated inhibition of ovarian and breast cancer cell proliferation in vitro. The miR-382-5p expression was down-regulated but SLC7A11 expression was up-regulated in clinical ovarian and breast cancer samples. Furthermore, the treatment of lidocaine repressed tumor growth of ovarian cancer cells in vivo, in which the miR-382-5p expression was increased while SLC7A11 expression was decreased. Consequently, we concluded that the lidocaine promoted ferroptosis by miR-382-5p/SLC7A11 axis in ovarian and breast cancer cells."
"Ferroptosis","MIR130B","microRNA 130b","ENSG00000283871.1","miRNA",34117611,"The results indicated that miR-130b-3p exerted an inhibitory role in erastin or RSL3-induced ferroptosis, evidenced by reductions in lipid peroxidation and ferrous ion content. By suppressing the expression of target gene DKK1, miR-130b-3p activated the Nrf2/HO-1 pathway, whereby repressing ferroptosis. miR-130b-3p blocked the antitumor activity of erastin. Further, in vitro findings were reproduced in an in vivo murine model. Together, these data suggest the potential of miR-130b-3p to inhibit ferroptosis in melanoma cells and the mechanism was related to DKK1-mediated Nrf2/HO-1 pathway."
"Ferroptosis","MIR190A","microRNA 190a","ENSG00000211137.1","miRNA",34111670,"We found that miR-190a-5p negatively regulate ferroptosis via directly targeting GLS2 in rat cardiomyocyte H9c2 cells. Forced expression of miR-190a-5p inhibited GLS2, resulting in downregulation of ROS, MDA and Fe 2+ accumulation. Meanwhile, inhibition of miR-190a-5p caused upregulation of GLS2, resulting in opposite effects which could be blocked by GLS2 inhibitor compound 968."
"Ferroptosis","MIR375","microRNA 375","ENSG00000198973.4","miRNA",34090492,"microarray and bioinformatics analysis were performed to search the potential targets of miR-375 in GC cells. Luciferase reporter, RNA immunoprecipitation, and RNA-FISH assays were carried out to verify the targeting of miR-375. Subsequently, combined with tissue microarray analysis, erastin-resistant GC cells, transmission electron microscopy, a series of agonists and oxidative stress markers, the underlying mechanisms contributing to miR-375-mediated effects were explored."
"Ferroptosis","mmu-miR-122-5p","","","miRNA",33942214,"Cells were treated with IRN following treatment with FAC after transfection with miR-122-5p inhibitor, and the results showed IRN reduced the FAC-induced decrease of miR-122-5p levels and relieved the ferroptosis by detecting ferroptotic marker proteins, iron ion concentration and oxidative stress level; after transfection with miR-122-5p inhibitor, the protective effects of IRN against FAC-induced ferroptosis in these cells were weakened. TP53 (also known as p53) was verified as a target of miR-122-5p by using dual luciferase reporter assay, and restoration of TP53 attenuated the effects of miR-122-5p on ferroptotic marker proteins expression, iron ion concentration and lipid ROS levels, as well as solute carrier family seven member 11 (SLC7A11) mRNA expression."
"Ferroptosis","MIR4443","microRNA 4443","ENSG00000265483.1","miRNA",33781830,"Through bioinformatics analysis and luciferase assays, METTL3 was confirmed as a direct target gene of miR-4443. Further mechanistic analysis showed that miR-4443 regulated the expression of FSP1 in an m6A manner via METLL3."
"Ferroptosis","circKDM4C","","","circRNA",33733556,"We found that circKDM4C acts as a sponge of hsa-let-7b-5p and thereby regulates p53 which is a target gene of hsa-let-7b-5p. Also, the expression of circKDM4C and hsa-let-7b-5p are negatively correlated, while circKDM4C and p53 are positively correlated to AML patients. Moreover, we found that circKDM4C induces ferroptosis by sponging hsa-let-7b-5p which upregulates the expression of P53. "
"Ferroptosis","MIR101-1","MicroRNA 101-1","ENSG00000199135","miRNA",33674250,"The expression levels of miR-101-3p and its target protein TBLR1 in tumour tissues and cells were detected, and their relationship with ferroptosis was clarified. Furthermore, the efficacy of nanocarriers in achieving in vivo therapeutic gene delivery was evaluated. Nanomedicine was further developed, with the anti-proliferative in vivo therapeutic effect validated using a subcutaneous xenograft cancer model. The expression level of miR-101-3p negatively correlated with clinical tumour size and TNM stage. miR-101-3p restores ferroptosis in tumour cells by directly targeting TBLR1, which in turn promotes apoptosis and inhibits proliferation."
"Ferroptosis","MIR324","microRNA 324","ENSG00000199053.3","miRNA",33662669,"We identified the glutathione peroxidase 4 (GPX4) gene as the direct target of miR-324-3p, where overexpression of the gene reversed the miR-324-3p effect of sensitizing the A549/DDP cells to cisplatin. Furthermore, the GPX4 inhibitor RSL3 could mimic the effect of miR-324-3p upregulation in increasing the sensitivity of the cisplatin-resistant cells to the drug. Significantly, miR-324-3p enhanced cisplatin-induced ferroptosis in the A549/DDP cells."
"Ferroptosis","MIR335","microRNA 335","ENSG00000199043.1","miRNA",33649797,"The luciferase 3'-untranslated region reporter results identified FTH1 as the direct target of miR-335. The silencing of FTH1 in 6-OHDA-stimulated cells enhanced the effects of miR-335 on ferroptosis and promoted PD pathology. Mechanistically, miR-335 enhanced ferroptosis through the degradation of FTH1 to increase iron release, lipid peroxidation and reactive oxygen species (ROS) accumulation, and to decrease mitochondrial membrane potential (MMP). "
"Ferroptosis","MIR324","microRNA 324","ENSG00000199053.3","miRNA",33522578,"Overexpression of miR-324-3p inhibited cancer cell viability. miR-324-3p inhibitor promoted cell viability. Further studies showed that the effect of miR-324-3p was mediated by directly targeting glutathione peroxidase 4 (GPX4). miR-324-3p bound to the 3ä½?UTR of GPX4 and led to the downregulation of GPX4. In vivo studies showed that metformin induced ferroptosis by upregulating miR-324-3p in the xenograft model of breast cancer in mice."
"Ferroptosis","MIR23A","microRNA 23a","ENSG00000207980.1","miRNA",33403590,"Acupuncture also alleviated ferroptosis and decreased miR-23a-3p expression, as evidenced by the increased NFE2L2 nuclear translocation and expressions of heme oxygenase-1 and glutathione peroxidase 4 and the decreased iron and malondialdehyde contents and reactive oxygen species accumulation. Additionally, antagomiR-23a-3p inhibited the ICH-induced increases in FJB-positive cells, release of proinflammatory cytokines, ferroptosis, and promoted NFE2L2 activation. Notably, the binding site of miR-23a-3p existed in NFE2L2. Taken together, acupuncture may alleviate the neuronal cell death, inflammation, and ferroptosis after ICH by down-regulating miR-23a-3p."
"Ferroptosis","MIR10A","microRNA 10a","ENSG00000284038.1","miRNA",33166496,"Results from current study suggests that inflammatory cytokine IL-6 appeared in IVD aggravates its degeneration by inducing cartilage cell ferroptosis. This is caused partially by inhibiting miR-10a-5p and subsequently derepressing IL-6R signaling pathway. Our study provides a novel mechanism explaining inflammatory cytokine-caused cartilage cell death in degenerative IVD, and makes IL-6/miR-10a-5p/IL-6R axis a potential therapeutic target for intervention of IDD."
"Ferroptosis","MIR182","microRNA 182","ENSG00000207990.3","miRNA",33116120,"We identified that miR-182-5p and miR-378a-3p were upregulated in the ferroptosis and H/R-induced injury, and correlates reversely with glutathione peroxidases 4 (GPX4) and solute carrier family 7 member 11 (SLC7A11) expression in renal I/R injury tissues, respectively. In vitro studies showed that miR-182-5p and miR-378a-3p induced ferroptosis in cells. We further found that miR-182-5p and miR-378a-3p regulated the expression of GPX4 and SLC7A11 negatively by directly binding to the 3'UTR of GPX4 and SLC7A11 mRNA. In vivo study showed that silencing miR-182-5p and miR-378a-3p alleviated the I/R-induced renal injury in rats."
"Ferroptosis","MIR378A","microRNA 378a","ENSG00000199047.3","miRNA",33116120,"We identified that miR-182-5p and miR-378a-3p were upregulated in the ferroptosis and H/R-induced injury, and correlates reversely with glutathione peroxidases 4 (GPX4) and solute carrier family 7 member 11 (SLC7A11) expression in renal I/R injury tissues, respectively. In vitro studies showed that miR-182-5p and miR-378a-3p induced ferroptosis in cells. We further found that miR-182-5p and miR-378a-3p regulated the expression of GPX4 and SLC7A11 negatively by directly binding to the 3'UTR of GPX4 and SLC7A11 mRNA. In vivo study showed that silencing miR-182-5p and miR-378a-3p alleviated the I/R-induced renal injury in rats."
"Ferroptosis","MIR137","microRNA 137","ENSG00000284202.1","miRNA",33100224,"miR-137 overexpression boosts the neuroprotective effects of EPC-EXs against apoptosis and mitochondrial dysfunction in oxyHb-treated SH-SY5Y cells. Furthermore, EXsmiR-137 rather than EXs can restore the decrease in miR-137 levels and inhibit ferroptosis, and the protection mechanism might involve the miR-137-COX2/PGE2 signaling pathway."
"Ferroptosis","MIR424","microRNA 424","ENSG00000284231.1","miRNA",33038905,"We show that miR-424-5p negatively regulates ferroptosis by directly targeting ACSL4 in ovarian cancer cells. Upregulation of miR-424-5p suppressed ACSL4 by directly binding to its 3'-UTR, which subsequently reduced erastin- and RSL3-induced ferroptosis. Meanwhile, knockdown of miR-424-5p increased the sensitivity of ovarian cancer cells to erastin and RSL3. Furthermore, ACSL4 was upregulated in ovarian cancer tissues, and high ACSL4 expression predicted worse prognosis and sensitized ovarian cancer cells to erastin- and RSL3-induced ferroptosis. Importantly, decreases in lipid peroxides and ferroptotic cell death mediated by miR-424-5p could be abrogated by ACSL4 overexpression."
"Ferroptosis","MIR522","microRNA 522","ENSG00000283685.1","miRNA",32106859,"CAFs secrete exosomal miR-522 to inhibit ferroptosis in cancer cells by targeting ALOX15 and blocking lipid-ROS accumulation. Importantly, cisplatin and paclitaxel promote miR-522 secretion from CAFs by activating USP7/hnRNPA1 axis and ultimately result in decreased chemo-sensitivity."
"Ferroptosis","MIR214","microRNA 214","ENSG00000283844.1","miRNA",31960438,"The ferroptosis-promoting effects of miR-214 in hepatoma cells are attributed at least to its inhibitory effects on ATF4, which may provide a new target for therapy of hepatoma regarding ferroptosis."
"Ferroptosis","MIR30B","microRNA 30b","ENSG00000207582.1","miRNA",31926626,"Microarrays, bioinformatic analysis, and luciferase reporter assay revealed that upregulation of miR-30b-5p in PE models plays a pivotal role in ferroptosis, by downregulating Cys2/glutamate antiporter and PAX3 and decreasing ferroportin 1 (an iron exporter) expression, resulting in decreased GSH and increased labile Fe2+. Inhibition of miR-30b-5p expression and supplementation with ferroptosis inhibitors attenuated the PE symptoms in rat models, making miR-30b-5p a potential therapeutic target for PE."
"Ferroptosis","MIR4715","microRNA 4715","ENSG00000266517.1","miRNA",31740746,"Inhibition of AURKA or reconstitution of miR-4715-3p induced cell death and inhibited GPX4. miR-4715-3p reconstitution enhanced cisplatin sensitivity."
"Ferroptosis","MIR103A1","microRNA 103a-1","ENSG00000199035","miRNA",31606381,"PG treatment significantly promoted ferroptosis and anti-tumorigenesis by down-regulating inhibitory effect of miR-103a-3p on GLS2 expression."
"Ferroptosis","MIR212","microRNA 212","ENSG00000267195.1","miRNA",31533781,"miR-212-5p was significantly downregulated after TBI and functionally suppressed ferroptosis by directly targeting Ptgs2. Administration of miR-212-5p in CCI mice significantly improved learning and spatial memory."
"Ferroptosis","MIR7-1","microRNA 7-1","ENSG00000284179","miRNA",31472959,"MiR-7-5p may control radioresistance in various cancer cells at the clinically relevant dose of irradiation. MiR-7-5p downregulates mitoferrin and reduces Fe2+, which influences ferroptosis. "
"Ferroptosis","MIR17","microRNA 17","ENSG00000284536.1","miRNA",31160087,"This study revealed a novel mechanism through which miR-17-92 protects endothelial cells from erastin-induced ferroptosis by targeting the A20-ACSL4 axis."
"Ferroptosis","MIR18A","microRNA 18a","ENSG00000283815.1","miRNA",31160087,"This study revealed a novel mechanism through which miR-17-92 protects endothelial cells from erastin-induced ferroptosis by targeting the A20-ACSL4 axis."
"Ferroptosis","MIR19A","microRNA 19a","ENSG00000284204.1","miRNA",31160087,"This study revealed a novel mechanism through which miR-17-92 protects endothelial cells from erastin-induced ferroptosis by targeting the A20-ACSL4 axis."
"Ferroptosis","MIR20A","microRNA 20a","ENSG00000283762.1","miRNA",31160087,"This study revealed a novel mechanism through which miR-17-92 protects endothelial cells from erastin-induced ferroptosis by targeting the A20-ACSL4 axis."
"Ferroptosis","MIR19B1","microRNA 19b-1","ENSG00000284375","miRNA",31160087,"This study revealed a novel mechanism through which miR-17-92 protects endothelial cells from erastin-induced ferroptosis by targeting the A20-ACSL4 axis."
"Ferroptosis","hsa-miR-92","","","miRNA",31160087,"This study revealed a novel mechanism through which miR-17-92 protects endothelial cells from erastin-induced ferroptosis by targeting the A20-ACSL4 axis."
"Ferroptosis","hsa-miR-9","","","miRNA",30035324,"Overexpression of miR-9 suppressed GOT1 by directly binding to its 3'-UTR, which subsequently reduced erastin- and RSL3-induced ferroptosis."
"Ferroptosis","MIR137","microRNA 137","ENSG00000284202.1","miRNA",29348676,"MiR-137 negatively regulates ferroptosis by directly targeting glutamine transporter SLC1A5 in melanoma cells."
"Ferroptosis","MIR27A","microRNA 27a","ENSG00000207808.1","miRNA",34722314,"miR-27a-3p, was an essential modulator of ferroptosis via directly targeting SLC7A11 in NSCLC cells. Overexpressing miR-27a-3p led to SLC7A11 suppression via directly binding to its 3'-UTR, followed by the reduction of erastin-caused ferroptosis. In contrast, inhibited miR-27a-3p resulted in an increase in NSCLC cells' sensitivity to erastin. Of importance, the accumulated lipid ROS and cell death of iron peptide mediated by anti-miR-27a-3p can be eliminated by impeding the glutamylation process."
"Ferroptosis","MIR5096","","","miRNA",34571083,"We demonstrated SLC7A11 as a target of miR-5096 by 3'UTR luciferase assay and further validated it by identifying reduced mRNA and protein levels of SLC7A11 upon miR-5096 overexpression. miR-5096-induced ferroptotic cell death in human breast cancer cells was confirmed by concurrently increased ROS, OH-, lipid ROS, and iron accumulation levels and decreased GSH and mitochondrial membrane potential with mitochondrial shrinkage and partial cristae loss."
"Ferroptosis","MIR34A","microRNA 34a","ENSG00000284357.1","miRNA",34558789,"The molecular mechanisms leading to apoptosis and ferroptosis at least included the participation of the miR-34a-5p/Sirt1 axis, in which miR-34a-5p promoted CdCl2 -induced neurotoxicity through targeting Sirt1. Knocking out miR-34a-5p attenuated CdCl2 -induced damage of PC12 cells, cytotoxicity and neurotoxicity."
"Ferroptosis","mmu-miR-124-3p","","","miRNA",33068460,"Based on prediction of website tools, expression level of potential miRNAs in ICH tissues and results of luciferase reporter assays, miR-124 was identified to regulate Fpn expression post-ICH. Higher serum miR-124 levels were correlated with poor neurologic scores of aged ICH patients. Administration of miR-124 antagomir enhanced Fpn expression and attenuated iron accumulation in aged mice model. Both apoptosis and ferroptosis, but not necroptosis, were regulated by miR-124/Fpn signaling manipulation."
"Ferroptosis","MIR19B1","microRNA 19b-1","ENSG00000284375","miRNA",30460115,"Interactome analysis between these down-regulated gene and up-regulated miRNAs altered by bromelain in CaCO2 cells compared to in DLD-1 cells indicated that ACSL-4 is a key regulatory molecule."
"Ferroptosis","MIR130A","microRNA 130a","ENSG00000208009.1","miRNA",30460115,"Interactome analysis between these down-regulated gene and up-regulated miRNAs altered by bromelain in CaCO2 cells compared to in DLD-1 cells indicated that ACSL-4 is a key regulatory molecule."
"Ferroptosis","MIR150","microRNA 150","ENSG00000207782.3","miRNA",30460115,"Interactome analysis between these down-regulated gene and up-regulated miRNAs altered by bromelain in CaCO2 cells compared to in DLD-1 cells indicated that ACSL-4 is a key regulatory molecule."
"Ferroptosis","MIR144","microRNA 144","ENSG00000283819.1","miRNA",30460115,"Interactome analysis between these down-regulated gene and up-regulated miRNAs altered by bromelain in CaCO2 cells compared to in DLD-1 cells indicated that ACSL-4 is a key regulatory molecule."
"Ferroptosis","MIR16-1","microRNA 16-1","ENSG00000208006","miRNA",30460115,"Interactome analysis between these down-regulated gene and up-regulated miRNAs altered by bromelain in CaCO2 cells compared to in DLD-1 cells indicated that ACSL-4 is a key regulatory molecule."
"Ferroptosis","hsa-miR-7a-5p","","","miRNA",30460115,"Interactome analysis between these down-regulated gene and up-regulated miRNAs altered by bromelain in CaCO2 cells compared to in DLD-1 cells indicated that ACSL-4 is a key regulatory molecule."
"Ferroptosis","MIR17","microRNA 17","ENSG00000284536.1","miRNA",30460115,"Interactome analysis between these down-regulated gene and up-regulated miRNAs altered by bromelain in CaCO2 cells compared to in DLD-1 cells indicated that ACSL-4 is a key regulatory molecule."
"Ferroptosis","NEAT1","nuclear paraspeckle assembly transcript 1","ENSG00000245532.11","lncRNA",35338333,"We found that ferroptosis inducers erastin and RSL3 increased NEAT1 expression by promoting the binding of p53 to the NEAT1 promoter. Induced NEAT1 promoted the expression of MIOX by competitively binding to miR-362-3p. MIOX increased ROS production and decreased the intracellular levels of NADPH and GSH, resulting in enhanced erastin- and RSL3-induced ferroptosis. Importantly, overexpression of NEAT1 increased the anti-tumor activity of erastin and RSL3 by enhancing ferroptosis both in vitro and in vivo."
"Ferroptosis","MIR23A","microRNA 23a","ENSG00000207980.1","miRNA",34980204,"CRISPR-Cas9 knockout of miR-23a-3p improved sorafenib response in HCC cells as well as orthotopic HCC tumours. Proteomics analysis suggested that sorafenib-induced ferroptosis was the key pathway suppressed by miR-23a-3p with reduced cellular iron accumulation and lipid peroxidation. MiR-23a-3p directly targeted the 3_?-untranslated regions (UTR) of ACSL4, the key positive regulator of ferroptosis. The miR-23a-3p inhibitor rescued ACSL4 expression and induced ferrotoptic cell death in sorafenib-treated HCC cells. The co-delivery of ACSL4 siRNA and miR-23a-3p inhibitor abolished sorafenib response."
"Ferroptosis","H19","H19 imprinted maternally expressed transcript","ENSG00000130600.21","lncRNA",35224289,"Overexpression of lncRNA H19 eliminated the anticancer effect of curcumenol, while lncRNA H19 knockdown promoted ferroptosis induced by curcumenol treatment. Mechanistically, we showed that lncRNA H19 functioned as a competing endogenous RNA to bind to miR-19b-3p, thereby enhanced the transcription activity of its endogenous target, ferritin heavy chain 1 (FTH1), a marker of ferroptosis. In conclusion, our data show that the natural product curcumenol exerted its antitumor effects on lung cancer by triggering ferroptosis, and the lncRNA H19/miR-19b-3p/FTH1 axis plays an essential role in curcumenol-induced ferroptotic cell death."
"Ferroptosis","MIR23A","microRNA 23a","ENSG00000207980.1","miRNA",32535745,"HUCB- MSCs-derived exosomes inhibited ferroptosis and re- duced myocardial injury, which was abolished in exosome obtained from HUCB-MSCs with miR-23a- 3p inhibition. Our studies suggest that exosomes from HUCB-MSCs suppressed the ferroptosis of cardiomyo- cyte to mediate myocardial repair in AMI mice via delivering miR-23a-3p."
"Ferroptosis","MIR124-3","microRNA 124-3","ENSG00000207598","miRNA",35459211,"In vitro, inhibition of ferroptosis by HM-exos reduced hepatocyte injury. HM-exos contained more abundant miR-124-3p, which reduced ferroptosis of H/R-treated cells by inhibiting prostate six transmembrane epithelial antigen 3 (STEAP3), while overexpression of Steap3 reversed the effect of mir-124-3p. In addition, HM-exos from cell knocked out for miR-124-3p showed a weakened inhibitory effect on ferroptosis. Similarly, HM-exo treatment increased the content of miR-124-3p in grafts, while decreasing the level of STEAP3 and reducing the degree of hepatic ferroptosis."
"Ferroptosis","PTPN14","protein tyrosine phosphatase non-receptor type 14","ENSG00000152104.12","protein_coding",34883251,"circPtpn14 functions as miR-351-5p sponges to suppress the miRNA. Meanwhile, miR-351-5p could also target 5-LOX for mRNA degradation. CircPtpn14/miR-351-5p/5-LOX signaling may be one of the molecular mechanisms regulating ferroptosis."
"Ferroptosis","MIR140","microRNA 140","ENSG00000208017.3","miRNA",35271999,"miR-140-5p is abundant in obese ATM-Exos and promotes ferroptosis in cardiomyocytes. Solute carrier family 7 member 11 (SLC7A11) is a downstream target of miR-140-5p, which induces ferroptosis via inhibition of GSH synthesis by targeting SLC7A11. Attenuating exosomal-miR-140-5p expression alleviates ferroptosis and cardiac injury induced by obese ATM exosomes by alleviating GSH inhibition."
"Ferroptosis","NEAT1 ","nuclear paraspeckle assembly transcript 1","ENSG00000245532","lncRNA",35038133,"In vitro, it is found that NEAT1 functions as a ceRNA for miR-9-5p to facilitate TFRC and GOT1 expression. Overexpression of NEAT1 enhanced ferroptosis stress in bEnd.3 cells. Increased miR-9-5p alleviated sepsis-induced ferroptosis by suppressing the expression of TFRC and GOT1 both in vivo and in vitro."
"Ferroptosis","MIR6077","microRNA 6077","ENSG00000278596.1","miRNA",35505963,"We demonstrated that miR-6077 protects LUAD cells from cell death induced by CDDP/PEM via CDKN1A-CDK1-mediated cell-cycle arrest and KEAP1-NRF2-SLC7A11/NQO1-mediated ferroptosis, thus resulting in chemoresistance in multiple LUAD cells both in vitro and in vivo. Moreover, we found that GMDS-AS1 and LINC01128 sensitized LUAD cells to CDDP/PEM by sponging miR-6077. Collectively, these results imply the critical role of miR-6077 in LUAD's sensitivity to CDDP/PEM, thus providing a novel therapeutic strategy for overcoming chemoresistance in clinical practice."
"Ferroptosis","mmu_circRNA_0000309","","","circRNA",34913724,"mmu_mmu_circRNA_0000309, located in host gene vascular endothelial zinc finger 1 (Vezf1), showed a sharp decline in DN mice and a remarkable recovery in germacrone-challenged DN mice. mmu_circRNA_0000309 silence or miR-188-3p mimics abrogated the antiapoptosis and anti-injury effects of germacrone through aggravating mitochondria damage, and elevating reactive oxygen species and ferroptosis-related protein levels. Mechanistically, mmu_circRNA_0000309 competitively sponged miR-188-3p, and subsequently promoted glutathione peroxidase 4 (GPX4) expression, thereby inactivating ferroptosis-dependent mitochondrial damage and podocyte apoptosis. "
"Ferroptosis","MIR1287","microRNA 1287","ENSG00000284415.1","miRNA",35038953,"miR-1287-5p expression was downregulated in human osteosarcoma, but upregulated upon ferroptotic stimulation. Overexpression of miR-1287-5p significantly induced, while inhibition of miR-1287-5p suppressed ferroptosis of osteosarcoma cells, thereby modulating cell viability and colony formation. Mechanistic studies indicated that miR-1287-5p directly bound to the 3'-untranslated region of glutathione peroxidase 4 (GPX4) to inhibit its protein level and activity, and that GPX4 overexpression completely abolished the miR-1287-5p mimic-mediated ferroptotic induction and tumor suppression. Moreover, the miR-1287-5p mimic dramatically sensitized human osteosarcoma cells to cisplatin chemotherapy."
"Ferroptosis","MIR23A","microRNA 23a","ENSG00000207980.1","miRNA",35677105,"Our results demonstrated that pacing-CF-exos highly expressed miR-23a-3p by informatics analysis and experimental verification. Inhibitor-miR-23a-3p protected h9c2 cells from ferroptosis accompanying with upregulation of SLC7A11. In addition, SLC7A11 was shown to be the target gene of miR-23a-3p. In conclusion, our results suggest that CF-exos-miR-23a-3p may promote ferroptosis. The development of AF in a persistent direction could be prevented by intervening with exosomal miRNAs to reduce oxidative stress injury and ferroptosis."
"Ferroptosis","MIR15A","microRNA 15a","ENSG00000283785.1","miRNA",35069876,"The results demonstrated that transfection with miR-15a mimics decreased GPX4 protein expression. Bioinformatics analysis revealed potential binding sites between miR-15a and the 3_?-UTR region of GPX4, and RNA pull-down and the dual-luciferase reporter assays further confirmed the interaction between miR-15a and GPX4 mRNA. Both transfection with miR-15a mimics and si-GPX4 suppressed cell proliferation, elevated LDH release, accumulated intracellular ferrous iron and ROS, disrupted MMP and increased MDA levels. Taken together, the results of the present study suggest miR-15a induces ferroptosis by regulating GPX4 in prostate cancer cells, which provides evidence for investigating the therapeutic strategies of prostate cancer."
"Ferroptosis","MIR214","microRNA 214","ENSG00000283844.1","miRNA",35366755,"The relationship between TEC ferroptosis and cisplatin-induced AKI was investigated in vitro and in vivo. Ferrostatin-1(Fer-1), an inhibitor of ferroptosis, was observed to confer a protective effect against the renal tubular injury and renal failure induced by cisplatin. MicroRNAs (miRNAs) regulate the genes that have important functions in the development of cis-AKI. In the present study, GPX4 was predicted as a target of miR-214-3p. Moreover, inhibiting miR-214-3p enhanced the expressions of GPX4 and SLC7A11 while decreasing the ACSL4 expression. Furthermore, miR-214-3p down-regulation protected against TEC death and renal tubule damage both in vitro and in vivo. "
"Ferroptosis","HULC ","hepatocellular carcinoma up-regulated long non-coding RNA","ENSG00000285219","lncRNA",35615577,"HULC was found to function as a ceRNA of miR-3200-5p, and miR-3200-5p regulates ferroptosis by targeting ATF4, resulting in the inhibition of proliferation and metastasis within HCC cells. In summary, these findings illuminate some of the molecular mechanisms through which downregulation of HULC induces liver cancer cell ferroptosis by targeting the miR-3200-5p/ATF4 axis to modulate the development of hepatocellular carcinoma."
"Ferroptosis","CDK14","cyclin dependent kinase 14","ENSG00000058091.17","protein_coding",35002529,"Transmission electron microscopic observation of mitochondria, iron and reactive oxygen species assays were employed for the detection of circCDK14 effect on glioma cells' sensitivity to erastin-induced ferroptosis (Fp). Our findings indicated that circCDK14 was overexpressed in glioma tissues and cell lines, and elevated levels of circCDK14 induced poor prognosis of glioma patients."
"Ferroptosis","MIR21","microRNA 21","ENSG00000284190.1","miRNA",35738798,"MiRNAs expression profile of melanoma cells in IFN-çº?driven ferroptosis was first obtained. Then, upregulated miR-21-3p was proved to facilitate IFN-çº?mediated ferroptosis by potentiating lipid peroxidation. miR-21-3p increased the ferroptosis sensitivity by directly targeting thioredoxin reductase 1 (TXNRD1) to enhance lipid reactive oxygen species (ROS) generation. Furthermore, miR-21-3p overexpression in tumor synergized with anti-PD-1 antibody by promoting tumor cell ferroptosis. More importantly, miR-21-3p-loaded gold nanoparticles were constructed, and the systemic delivery of them increased the efficacy of anti-PD-1 antibody without prominent side effects in preclinical mice model. Ultimately, ATF3 was found to promote miR-21-3p transcription in IFN-çº?driven ferroptosis."
"Ferroptosis","MIR222","microRNA 222","ENSG00000207725.3","miRNA",34978008,"The results showed that supplementation of exosomes derived from HBV-infected LO2 cells remarkably enhanced LX-2 cell activation, evidenced by elevated hydroxyprolin (Hyp) secretion and ä¼?SMA and COL1A2 expression. miR-222 was significantly increased in HBV-Exo. Overexpressing miR-222 upregulated cell viability, secretion of Hpy, and expression of ä¼?SMA and COL1A2, which were all blocked by overexpression of TFRC. Further study showed that TFRC was a target of miR-222, and miR-222 promoted LX-2 cell activation through suppressing TFRC-induced ferroptosis in LX-2 cells. Exosomal miR-222 derived from HBV-infected hepatocytes promoted LF through inhibiting TFRC and TFRC-induced ferroptosis."
"Ferroptosis","hsa_circ_0007624","","","circRNA",35840974,"We further demonstrated that circular RNA circBCAR3 was upregulated in the esophageal cancer tissues and cells and regulated the proliferation, migration, invasion, and ferroptosis of esophageal cancer cells in vitro. CircBCAR3 expression was increased by hypoxia and rescued the effects of hypoxia on esophageal cancer cells. Silenced circBCAR3 inhibited the esophageal cancer tumor growth and metastasis in vivo. Mechanistically, E2F7-induced splicing factor QKI increased circBCAR3."
"Ferroptosis","MIR672","","","miRNA",35237382,"The luciferase reporter assay demonstrated that miR-672-3p downregulated FSP1, a glutathione-independent ferroptosis suppressor, by binding to its 3' untranslated region. Oxygen and glucose deprivation- (OGD-) treated PC12 and AGE1.HN cells were treated with miR-672-3p mimics or inhibitors in vitro. The effect of miR-672-3p mimics or inhibitor on OGD-PC12/AGE1.HN ferroptosis was evaluated by flow cytometry, immunohistochemistry, immunofluorescence, and western blotting. The miR-672-3p mimics promoted ferroptosis after SCI, whereas the miR-672-3p inhibitor inhibited this process."
"Ferroptosis","MIR30E","microRNA 30e","ENSG00000198974.3","miRNA",35068337,"EPCs-Exos inhibited Erastin-induced HUVEC ferroptosis and endothelial injury. Erastin inhibited miR-30e-5p and EPCs-Exo treatment recovered miR-30e-5p expression. miR-30e-5p was encapsulated in EPCs-Exos. After inhibiting miR-30e-5p in EPCs, the inhibitory effect of EPCs-Exos on HUVEC ferroptosis was attenuated. miR-30e-5p targeted SP1. Overexpression of SP1 partially reversed the effect of EPCs-Exos on improving HUVEC ferroptosis and increasing phosphorylation levels of AMPK. Collectively, EPCs-Exos inhibited Erastin-induced HUVEC ferroptosis by upregulating miR-30e-5p, inhibiting SP1, and activating the AMPK pathway."
"Ferroptosis","MIR545","microRNA 545","ENSG00000207820.1","miRNA",34954694,"Our results demonstrate that miR-545 overexpression inhibited, while miR-545 knockdown further increased, erastin and RSL3-induced upregulation of MDA, reactive oxygen species (ROS), and Fe2+ levels. Similarly, miR-545 overexpression partially reversed, while miR-545 knockdown enhanced, the erastin and RSL3-induced reduction in HT-29 and HCT-116 cell survival rates. Transferrin (TF) was identified as a target gene of miR-545. To determine whether miR-545 suppresses ferroptosis via TF, we overexpressed TF in HT-29 and HCT-116 cells. We found that TF overexpression blocked miR-545-induced changes in ROS, MDA, and Fe2+ levels in HT-29 and HCT-116 cells, thereby inducing CRC cell death."
"Ferroptosis","PSEN1","presenilin 1","ENSG00000080815.20","protein_coding",34903141,"circ-PSEN1 was upregulated in HG-treated ARPE19 cells and showed high resistance to RNase R and Act D. Inhibition of circ-PSEN1 in ARPE19 cells ameliorated the ferroptosis induced by HG was ameliorated, as evidenced by changes in the ferroptosis-related biomarkers/genes and decreased cell death. Subsequently, circ-PSEN1 acted as a sponge for miR-200b-3p. Inhibition of miR-200b-3p partially reversed the effects of circ-PSEN1 on ferroptosis. Furthermore, cofilin-2 (CFL2) was the target gene of miR-200b-3p, and it abrogated the inhibitory effect of miR-200b-3p on ferroptosis. Taken together, the findings indicate that knockdown of circ-PSEN1 can mitigate ferroptosis of ARPE19 cells induced by HG via the miR-200b-3p/CFL2 axis."
"Ferroptosis","ADAMTS9-AS1","ADAMTS9 antisense RNA 1","ENSG00000241158.7","lncRNA",35173188,"The regulatory role of ADAMTS9-AS1 in ferroptosis was defined and evidenced by increased reactive oxygen species (ROS) levels and malonyl dialdehyde (MDA) content and decreased expression of glutathione peroxidase 4 (GPX4) after ADAMTS9-AS1 inhibition. Mechanistically, ADAMTS9-AS1 functioned as a competing endogenous RNA (ceRNA) by sponging miR-6516-5p to derepress the expression of GPX4, the critical repressor of ferroptosis."
"Ferroptosis","MIR29A","microRNA 29a","ENSG00000284032.1","miRNA",35720183,"We confirmed high levels of miR-29a-3p in HO-1/BMMSCs exosomes. Overexpression of miR-29a-3p downregulated the expression of Ireb2 and inhibited ferroptosis. Downregulation of miR-29a-3p blocked the protective effect of HO-1/BMMSC exosomes on SHP-HR cell injury. In conclusion, ferroptosis plays an important role in HO-1/BMMSC-mediated alleviation of steatotic liver IRI. HO-1/BMMSCs could suppress ferroptosis by targeting Ireb2 via the exosomal transfer of miR-29a-3p."
"Ferroptosis","lncGm36569","","","lncRNA",35257299,"Further study demonstrated that lncGm36569 was enriched in the MSCs-exo. Through bioinformatics analysis and luciferase assay, we confirmed that lncGm36569 acted as a competitive RNA of miR-5627-5p to induce FSP1 upregulation. Furthermore, overexpression of miR-5627-5p reversed the therapeutic effects of lncGm36569 on neuronal cell ferroptosis. In conclusion, MSCs-exosomes lncGm36569 inhibited neuronal cell ferroptosis through miR-5627-5p/FSP1 axis, thereby attenuating neuronal dysfunction."
"Ferroptosis","MIR27A","microRNA 27a","ENSG00000207808.1","miRNA",36180007,"These results indicated that ferroptosis intensified over time during IS. In addition, the miRNA_?27a agonist significantly aggravated ferroptosis and reduced neurological function scores compared with those of the control group. Subsequently, a luciferase reporter gene system verified the targeted binding of miRNA_?27a to Nrf2. The results showed that miRNA_?27a inhibited Nrf2 in a targeted manner, which also exacerbated the extent of ferroptosis. However, the miRNA_?27a antagonist reversed the miR_?27a agonist_¥æ_ediated effects. Therefore, the present study indicated that miRNA_?27a may aggravate brain tissue ferroptosis during ischaemic stroke, potentially by inhibiting Nrf2."
"Ferroptosis","MIR2115","microRNA 2115","ENSG00000252466.1","miRNA",36279730,"In vivo, ferrostatin-1 attenuated ferroptosis in the PE models, significantly increasing fetal survivability. The miR-2115-3p/GOT1 pathway was screened for possible association with abnormal ferroptosis in PE. miR-2115-3p was discovered to interact with the mRNA of GOT1. Inhibition of GOT1 and overexpression of miR-2115-3p reversed the decrease in cell proliferation capacity, GSH, GSH-PX, and GPX4 levels, and the increase in ROS, ACSL4, TfR1, MDA, total Fe, and Fe (II) levels induced by hypoxia. However, simultaneous overexpression of miR-2115-3p and GOT1 reversed the above results of overexpression of miR-2115-3p."
"Ferroptosis","LINC01606","long intergenic non-protein coding RNA 1606","ENSG00000253301.6","lncRNA",35485210,"The expression of lncRNA LINC01606 was frequently upregulated in human colon cancer and strongly associated with a poor prognosis. LINC01606 functioned as an oncogene and promotes colon cancer cell growth, invasion and stemness both in vitro and in vivo. Moreover, LINC01606 protected colon cancer cells from ferroptosis by decreasing the concentration of iron, lipid reactive oxygen species, mitochondrial superoxide and increasing mitochondrial membrane potential. Mechanistically, LINC01606 enhanced the expression of stearoyl_¥æ_A desaturase 1 (SCD1), serving as a competing endogenous RNA to modulate miR_?423_?5p expression, subsequently activating the canonical Wnt/å°¾é___tenin signaling, and transcription factor binding to IGHM enhancer 3 (TFE3) increased LINC01606 transcription after recruitment to the promoter regions of LINC01606. Furthermore, we confirmed that upregulated LINC01606 and Wnt/å°¾é___tenin formed a positive feedback regulatory loop, further inhibiting ferroptosis and enhancing stemness."
"Ferroptosis","MIR138-1","microRNA 138-1","ENSG00000207954","miRNA",35302431,"In addition, AS-IV could inhibit miR-138-5p expression, increase Sirt1/Nrf2 activity, and enhance cellular antioxidant capacity by antagonizing ferroptosis-related processes, thus reducing death of RPE cells. The results of the present study contribute to the understanding of the mechanism underlying high glucose-induced cell apoptosis, and indicate that AS-IV holds potential therapeutic value for DR."
"Ferroptosis","MIR93","microRNA 93","ENSG00000207757.1","miRNA",36341347,"miR-93-5p was upregulated in the GCs of PCOS patients. Overexpression of miR-93-5p promoted apoptosis and ferroptosis in KGN cells, while knockdown of miR-93-5p showed the reverse effect. Biological analysis and subsequent experiments demonstrated that miR-93-5p negatively regulates the NF- é­_ signaling pathway."
"Ferroptosis","MIR149","microRNA 149","ENSG00000207611.1","miRNA",35532075,"Resveratrol improved LPS-induced endotoxemia cardiomyocyte injury by upregulating miR-149 and inhibiting ferroptosis. Resveratrol inhibited HMGB1 expression by upregulating miR-149. HMGB1 upregulation reversed the inhibitory effect of miR-149 on LPS-induced ferroptosis in cardiomyocytes. Resveratrol upregulated miR-149 and downregulated HMGB1 to inhibit ferroptosis and improve myocardial injury in mice with LPS-induced endotoxemia. Collectively, resveratrol upregulated miR-149, downregulated HMGB1, and inhibited the ferroptosis pathway, thus improving cardiomyocyte injury in LPS-induced endotoxemia."
"Ferroptosis","MIR142","microRNA 142","ENSG00000284353.1","miRNA",35557596,"MiR-142-3p was highly expressed in HBV-infected HCC patients and HBV-infected M1-type macrophages. Inhibition of miR-142-3p or overexpression of SLC3A2 reversed ferroptosis and inhibited the proliferation, migration, and invasion of HCC cells."
"Ferroptosis","MIR19A","microRNA 19a","ENSG00000284204.1","miRNA",35599631,"Studies have shown that miR-19a is identified as oncogenic miRNA and promotes the proliferation, migration and invasion of CRC cells. However, the relationship between miR-19a and ferroptosis in CRC remains unknown. Here, we reported that iron-responsive element-binding protein 2 (IREB2), as an inducer of ferroptosis, was negatively regulated by miR-19a. IREB2 is a direct target of miR-19a. In addition, ferroptosis was suppressed by miR-19a through inhibiting IREB2. Thus, we proposed a novel mechanism of ferroptosis mediated by miR-19a in CRC cells, which could give rise to a new strategy for the therapy of CRC."
"Ferroptosis","hsa_circ_0072464","","","circRNA",35814268,"circ_0072464 and NRF2 were downregulated, and miR-431 was upregulated in IDD. Mechanistically, circ_0072464 competitively bound to miR-431, which targeted and inhibited NRF2 expression. BMSC-derived EVs carrying circ_0072464 inhibited NPC ferroptosis to promote matrix synthesis and proliferation of NPCs by inhibiting miR-431 and upregulating NRF2. Besides, in vivo experiments also confirmed that BMSC-EVs alleviated intervertebral disc lesions in mice with IDD through the circ_0072464/miR-431/NRF2 axis. Collectively, BMSC-EV-loaded circ_0072464 inhibited NPC ferroptosis to relieve IDD via upregulation of miR-431-mediated NRF2, therefore providing a potential therapeutic target against IDD."
"Ferroptosis","MIR129-1","microRNA 129-1","ENSG00000207705.2","miRNA",36436380,"The results showed that the expression level of miR-129-3p mRNA in Se-deficient liver was significantly increased. To understand whether the miR-129-3p/SLC7A11 axis could involve in the process of ferroptosis, our further research showed that overexpression of miR-129-3p could reduce the expression of SLC7A11 and its downstream GCL, GSS, and GPX4, thereby inducing ferroptosis. These data indicates that miR-129-3p affected ferroptosis under Se deficiency conditions through the SLC7A11 pathway."
"Ferroptosis","MIR147A","microRNA 147a","ENSG00000207814.1","miRNA",35942174,"Treatment with the miR-147a mimic significantly induced ferroptosis of glioblastoma cells, and the ferroptotic inhibitors could block the miR-147a mimic-mediated tumor suppression in vitro. Conversely, the miR-147a inhibitor prevented erastin- or RSL3-induced ferroptosis and increased the viability of glioblastoma cells in vitro. Mechanistically, we determined that miR-147a directly bound to the 3'-untranslated region of SLC40A1 and inhibited SLC40A1-mediated iron export, thereby facilitating iron overload, lipid peroxidation, and ferroptosis."
"Ferroptosis","hsa_circ_0000745","","","circRNA",34957935,"Circ_0000745 expression was elevated in ALL patients and cell lines. Circ_0000745 knockdown restrained cell cycle progression and glycolysis and triggered cell apoptosis and ferroptosis. Circ_0000745 acted as a molecular sponge for miR-494-3p in ALL cells. miR-494-3p silencing partly diminished circ_0000745 knockdown-induced anti-tumor effects in ALL cells. NET1 was a target of miR-494-3p, and miR-494-3p overexpression-induced anti-tumor influences were partly counteracted by the accumulation of NET1 in ALL cells. Circ_0000745 can positively regulate NET1 expression by sponging miR-494-3p in ALL cells."
"Ferroptosis","FOXP1","forkhead box P1","ENSG00000114861.24","protein_coding",34936300,"The expression of E-cadherin was enhanced, and vimentin expression was reduced by the knockdown of circFOXP1. Moreover, the treatment of ferroptosis activator erastin or RSL3 repressed the cell viability of lung cancer cells and the overexpression of circFOXP1 rescued the phenotype. The levels of malondialdehyde (MDA), iron, and lipid reactive oxygen species (ROS) were enhanced by the silencing of circFOXP1 in both erastin and RSL3-stimulated lung cancer cells. Mechanically, circFOXP1 increased SLC7A11 expression by directly sponging miR-520a-5p in lung cancer cells. The inhibitor of miR-520a-5p or the overexpression of SLC7A11 reversed circFOXP1 shRNA-induced ferroptosis phenotypes in lung cancer cells. Importantly, circFOXP1 contributed to tumor growth of lung cancer cells by enhancing SLC7A11 in vivo."
"Ferroptosis","MIR378A","microRNA 378a","ENSG00000199047.3","miRNA",35588615,"Overexpression of SLC7A11 reversed the changes in MDA and GSH levels and cell viability induced by lead exposure. In contrast, lower expression of SLC7A11 accelerated the changes in these parameters. Consequently, we screened miRNAs that regulate SLC7A11 using TargetScan. We found that miR-378a-3p showed the highest expression among the target miRNAs regulating SLC7A11 expression. Inhibition of miR-378a-3p expression reversed the reduction in GSH and the increase in lipid ROS levels induced by lead exposure. Taken together, these findings indicate that lead exposure can cause ferroptosis and that miR-378a-3p exerted an important effect by regulating SLC7A11 expression."
"Ferroptosis","SLC16A1-AS1","SLC16A1 antisense RNA 1","ENSG00000226419.8","lncRNA",35167383,"Our study revealed that SLC16A1-AS1 has high expression and was associated with overall survival in renal cancer. Knockdown SLC16A1-AS1 inhibited cell viability, proliferation, and migration of renal cancer cells. Furthermore, it was demonstrated that SLC16A1-AS1 served as a sponge of miR-143-3p, and knockdown SLC16A1-AS1 significantly increased the enrichment of miR-143-3p. And then, SLC7A11 was identified as the target protein of miR-143-3p, and overexpression miR-143-3p remarkably inhibited the expression of SLC7A11. Moreover, knockdown SLC16A1-AS1 could aggravate this effect. Finally, through inhibiting SLC7A11 expression, silencing SLC16A1-AS1 induced ferroptosis via increasing miR-143-3p."
"Ferroptosis","NEAT1","nuclear paraspeckle assembly transcript 1","ENSG00000245532.11","lncRNA",35833822,"Knockdown of NEAT1 elevated viability and GSH level in PD cell model and reduced ROS, MDA, and Fe2+ levels. Moreover, NEAT1 functioned as a sponge to suppress miR_?150_?5p expression. Moreover, miR_?150_?5p overexpression suppressed ferroptosis in PD cell model. We subsequently found that miR_?150_?5p regulated SLC7A11 expression by directly binding to BAP1. miR_?150_?5p inhibition or BAP1 overexpression mitigated the anti_¥æ_erroptosis effect meditated by sh_¥æ_EAT1. Taken together, knockdown of NEAT1 mitigated MPP+_¥æ_nduced ferroptosis through regulating BAP1/SLC7A11 axis by sponging miR_?150_?5p, indicating the potential of NEAT1 as a promising therapeutic target for PD."
"Ferroptosis","ENSMUSG00000096768","","","lncRNA",35485136,"Mechanically, co-transfection experiments showed that overexpression of miR-706 could reverse the damage effect that was caused by lncRNA Gm47283 overexpression, via inhibiting Ptgs2 and ferroptosis. Additionally, inhibition of lncRNA Gm47283 by stem cell membrane coated siRNA could attenuate MI in vivo. Our study elucidated a novel mechanism containing lncRNA Gm47283/miR-706/Ptgs2/ferroptosis in MI, which provided a potential therapeutic for MI.Graphical Abstract. Stem cell membrane coated siRNA of lncRNA Gm47283 inhibits cardiomyocyte ferroptosis in myocardial infarction rat. Stem cell membrane-coated siRNA of lncRNA Gm47283 increases miR-706, and then miR-706 suppresses the expression of Ptgs2 to reduce lipid peroxidation toxicity, and then inhibits cardiomyocyte ferroptosis."
"Ferroptosis","MIR7212","microRNA 7212","","miRNA",35957725,"A total of 4,754 DEGs were identified between the two groups using high-throughput sequencing. The pathways in which DEGs were enriched included ferroptosis (the highest enrichment score), apoptosis, and the PI3K-Akt, NF-kappa B and IL-17 signaling pathways. Seven (Hmox1, Spp1, Socs3, Mapk14, Lcn2, Cxcl1 and Cxcl12) of the 15 hub genes were involved in the KEGG pathway. mmu-miR-7212-5p-Hmox1 was a key RNA regulatory axis in ferroptosis. m6A RNA methylation modifications were involved in SA-AKI. The correlation analyses showed the close interactions among the m6A RNA methylation regulators and important hub genes."
"Ferroptosis","ZFAS1","ZNFX1 antisense RNA 1","ENSG00000177410.13","lncRNA",36092160,"We validated that ZFAS1 may act as a competing endogenous RNA by competitively binding with microRNA-7-5p (miR-7-5p) and modulating the expression of its downstream molecule acyl-CoA synthetase long-chain family member 4 (ACSL4), which is now identified as a classic driver gene of ferroptosis process. In conclusion, our results demonstrate that HG-induced ZFAS1 elevation activates ferroptosis in hRECs and the ZFAS1/miR-7-5p/ACSL4 axis may serve as a therapeutic target for endothelial dysfunction in DR."
"Ferroptosis","MIR324","microRNA 324","ENSG00000199053.3","miRNA",35636172,"The underlying mechanism was found to be the downregulation of GPX4, independent of p53, that occurs during ICS II-induced ferroptosis. Overexpression of GPX4 reversed the ferroptosis induced by ICS II. Moreover, ICS II treatment resulted in the upregulation of miR-324-3p, which directly targets GPX4. Overall, our results suggested that ICS II-induced ferroptosis via the miR-324-3p/GPX4 axis in RCC cells could be a promising therapeutic agent for RCC."
"Ferroptosis","MIR199A2","microRNA 199a-2","ENSG00000208024.1","miRNA",36254861,"MiR-199a-5p inhibitor ameliorated ferroptosis-induced cardiomyocyte death as evidenced by the increased cell viability, the reduced reactive oxygen species (ROS) generation, lactate dehydrogenase (LDH) activity, malondialdehyde (MDA) and Fe2+ contents, and the up-regulated glutathione (GSH)/glutathione disulphide (GSSG) ratio as well as glutathione peroxidase 4 (Gpx4) protein expression in H9c2 cells-exposed to OGD/R, while miR-199a-5p mimic had the opposite effects. In addition, OGD/R led to the inhibition of Akt/eNOS signaling pathway, which was also blocked by miR-199a-5p inhibitor and aggravated by miR-199a-5p mimic. Furthermore, LY294002, an inhibitor of Akt/eNOS signaling pathway, abrogated miR-199a-5p inhibitor-induced the reduction of ferroptosis-induced cardiomyocyte death."
"Ferroptosis","MIR34C","microRNA 34c","ENSG00000207562.3","miRNA",35093695,"The results showed lower expression of miR-34c-3p in OSSC compared with normal tissues. Overexpression of miR-34c-3p in SCC-25 cells suppressed cell proliferation. In addition, the overexpression of miR-34c-3p promoted ferroptosis by increasing ROS, MDA, and iron and decreasing GSH and GPX4 levels in SCC-25 cells."
"Ferroptosis","MIR375","microRNA 375","ENSG00000198973.4","miRNA",35498204,"In the I/R rat model and CF cell model, miR-375-3p promoted fibrosis by accelerating the ferroptosis of cardiomyocytes through mediating glutathione peroxidase 4 (GPX4). Furthermore, we treated the rats or cell model with miR-375-3p antagomir (or inhibitor) and ferroptosis inhibitor Ferrostatin-1 (Fer-1). The results showed that miR-375-3p antagomir (or inhibitor) and Fer-1 promoted the antioxidant capacity of cardiac fibroblasts, reduced GPX4-mediated ferroptosis process and alleviated I/R-induced CF."
"Ferroptosis","MIR4735","microRNA 4735","ENSG00000265986.1","miRNA",35646516,"miR-4735-3p expression was reduced in human ccRCC tissues and cell lines but elevated upon ferroptotic stimulation. The miR-4735-3p mimic increased, while the miR-4735-3p inhibitor decreased oxidative stress, lipid peroxidation, iron overload, and ferroptosis of human ccRCC cell lines. Mechanistic studies identified SLC40A1 as a direct target of miR-4735-3p, and SLC40A1 overexpression significantly attenuated iron overload and ferroptosis in the miR-4735-3p mimic-treated human ccRCC cell lines."
"Ferroptosis","MIR196C","microRNA 196c","ENSRNOG00000035510.2","miRNA",36270453,"The mir-196c-3p mimic (mimics) and photothermal nanoparticles (BTN) were co-encapsulated in an injectable Gel (mimics + Gel/BTN) with NIR-II light-triggered release. Using 1064 nm light irradiation, local microenvironment photothermal-triggered on-demand noninvasive controllable delivery of miRNA was achieved, aiming to inhibit I/R-induced ferroptosis. Consequently, declined ferroptosis in cardiomyocytes and improved cardiac function, survival rate in rats was achieved through the controlled release of Gel/BTN mimics in I/R model to simultaneously inhibit ferroptosis hub genes NOX4, P53, and LOX expression."
"Ferroptosis","mmu_circ_0011938","","","circRNA",35952845,"circAFF1 was highly expressed in ICH cell model. Knockdown of circAFF1 attenuated Hb-induced neuronal ferroptosis, as evidenced by inhibiting cell viability, ROS, MDA and iron ion, and promoting GDH levels, which can be counteracted by miR-140-5p knockdown. circAFF1 can target miR-140-5p, and GSK-3å°?was a target gene of miR-140-5p. The effect of miR-140-5p on neuronal ferroptosis can be reversed by GSK-3å°?overexpression. In vivo experiments identified knockdown of circAFF1 suppress ICH injury and inhibits neuronal ferroptosis through regulating miR-140-5p/GSK-3å°?axis."
"Ferroptosis","Lnc-TC","","","lncRNA",36272464,"We observed that the expression of lncRNA TC (Lnc-TC) and CUL4B were increased, but miR-142-5p was decreased in benzene-exposed workers. Correlation analysis suggested that the ceRNAs had co-expression relationships, and were associated with blood cell counts. We further explored the role of ceRNA in vitro, and discovered that 1,4- benzoquinone (1,4-BQ) stimulated ferroptosis in AHH-1 cells by inhibiting the expression of GPX4 and SLC7A11, which was partially relieved by knockdown of Lnc-TC and CUL4B. Finally, by interfering with Lnc-TC and miR-142-5p expression, we confirmed that Lnc-TC acted as a microRNA sponge to reduce the accessibility and inhibition of miR-142-5p to CUL4B, thus increasing the expression of CUL4B."
"Ferroptosis","LINC00551","long intergenic non-protein coding RNA 551","ENSG00000272274.4","lncRNA",36570007,"This study characterized a long intergenic noncoding RNA, LINC00551, expressed at a low level in lung adenocarcinoma (LUAD) and some other cancers. Overexpression of LINC00551 suppresses cell viability while promoting autophagy and RSL-3-induced ferroptosis in LUAD cells. LINC00551 acts as a competing endogenous RNA (ceRNA) and binds with miR-4328 which up-regulates the target DNA damage-inducible transcript 4 (DDIT4). DDIT4 inhibits the activity of mTOR, promotes LUAD autophagy, and then promotes the ferroptosis of LUAD cells in an autophagy-dependent manner. "
"Ferroptosis","MIR494","microRNA 494","ENSG00000194717.4","miRNA",35936219,"Erastin could dose-dependently induce neuron injury and ferroptosis of LUHMES cells. miR-494-3p overexpression induced ROS production, mitochondrial damage, ferroptosis, and neuron injury in erastin-induced LUHMES cells. Likewise, miR-494-3p inhibition had the opposite effects. We also showed that REST was a target gene of miR-494-3p and could repress erastin-induced ferroptosis, neuron injury, ROS, and mitochondrial injury via SP1 in LUHMES cells. Moreover, we demonstrated that SP1 could interact with ACSL4. We also confirmed that miR-494-3p could aggravate the pathological changes of substantia nigra and corpus striatum in the MPTP-induced PD mouse model."
"Ferroptosis","LINC00616","long intergenic non-protein coding RNA 616","ENSG00000248307.6","lncRNA",35611986,"The lncRNA LINC00616 was upregulated in periodontitis ligament tissues of patients with periodontitis and in PDLSCs treated with LPS-PG. Inhibition of LINC00616 promoted cell viability and suppressed ferroptosis of PDLSCs. miR-370 was verified to be a target of LINC00616, and suppressed miR-370 reversed the effects of LINC00616 knockdown on cell viability and ferroptosis in PDLSCs. Additionally, miR-370 targeting the transferrin receptor protein and upregulated transferrin receptor (TFRC) abolished the effects of overexpressed miR-370 on cell viability and ferroptosis of PDLSCs. LINC00616 acted as a competitive endogenous RNA (ceRNA) to promote ferroptosis of PDLSCs via the miR-370/TFRC axis. Therefore, LINC00616 knockdown may be a promising therapeutic strategy for periodontitis."
"Ferroptosis","MIR1-1","microRNA 1-1","ENSG00000199017","miRNA",36481629,""
"Ferroptosis","MIR127","microRNA 127","ENSG00000207608.3","miRNA",35818586,"Expression levels of miR-127-5p and JAM3 were analyzed by RT-qPCR. GPX4 expression was quantified by western blotting. Results. miR-127-5p was expressed at low levels in IOMM-Lee cells, while JAM3 was highly expressed in IOMM-Lee cells. A dual luciferase assay demonstrated that miR-127-5p could target JAM3. Upregulation of miR-127-5p in IOMM-Lee cells resulted in cell cycle arrest and inhibition of cell activity. Upregulation of miR-127-5p increased LDH, MDA, and ROS levels and Fe2+ content and inhibited the expression of GPX4 protein. Upregulation of JAM3 reversed the results of miR-127-5p upregulation. Conclusion. miR-127-5p regulated meningioma formation and ferroptosis through JAM3, providing insights for the development of new treatments for meningioma."
"Ferroptosis","MIR132","microRNA 132","ENSG00000267200.1","miRNA",35249882," RT-qPCR results showed that miR-132 was significantly up-regulated in atherosclerotic plaques compared with normal vascular samples (P < 0.001). Compared with control HUVECs, HUVECs overexpressing miR-132 showed a significantly increased level of intracellular ROS (P < 0.001), and most of ROS was colocalized with mitochondria. HUVECs overexpressing miR-132 also showed significantly decreased MMP (P < 0.001) and obviously increased mtROS (P < 0.001) and opening of mPTP (P < 0.001), which led to mitochondrial REDOX respiratory chain stress disorder. The key iron death protein GPX4 was significantly down-regulated and the oxidized protein NOX4 was significantly increased in miR-132-overexpressing HUVECs."
"Ferroptosis","ADAMTS9-AS1","ADAMTS9 antisense RNA 1","ENSG00000241158.7","lncRNA",35311457,""
"Ferroptosis","LINC00976","long intergenic non-protein coding RNA 976","ENSG00000229140","lncRNA",36400758,"Knockdown of linc00976 significantly repressed proliferation and metastasis and promoted ferroptosis of CCA cells both in vitro and in vivo, whereas linc00976 overexpression exerted the opposite effect. Mechanistically, linc00976 competitively interacted with miR-3202 to upregulate GPX4 expression, thus contributing to the malignant biological behavior of CCA cells. Moreover, we demonstrated that JUND specifically interacts with the linc00976 promoter and activates linc00976 transcription. Accordingly, JUND promotes linc00976 transcription, and linc00976 plays a crucial role in accelerating CCA tumorigenesis and metastasis and inhibiting ferroptosis by modulating the miR-3202/GPX4 axis."
"Ferroptosis","hsa_circ_0004372","","","circRNA",36222337,"When co-transfected with circ0004372 siRNA and miR-124 inhibitors or miR-124 mimics and SERTAD4 overexpression vector, UII still significantly increased the expression of ä¼?SMA, Collagen I and TGF-å°?. After transfection with circ0004372 overexpression vector, miR-124 inhibitors or SERTAD4 overexpression vector and then treating with UII and Ferrostatin-1, the expression of ä¼?SMA, Collagen I and TGF-å°? was still significant; when the circ0004372 overexpression vector and miR-124 mimics or miR-124 inhibitors and SERTAD4 siRNA were co-transfected and then UII and Ferrostatin-1 were added, the expression of ä¼?SMA, Collagen I and TGF-å°? was not significantly increased. Therefore, these results indicate that UII promotes the activation of VAFs through the circ0004372/miR-124/SERTAD4/ferroptosis pathway."
"Ferroptosis","MIR744","microRNA 744","ENSG00000266297.1","miRNA",36427803,"Propofol upregulated miR-744-5p/miR-615-3p to inhibit GPX4 transcription. Upregulation of GPX4 or downregulation of miR-744-5p/miR-615-3p attenuated the inhibitory effect of propofol on CR to Cis. In vivo, propofol inhibited tumor growth and CR to Cis by upregulating miR-744-5p/miR-615-3p and inhibiting GPX4 to induce ferroptosis. In summary, propofol inhibited GPX4-mediated ferroptosis and reduces CR of NSCLC cells to Cis through the miR-744-5p/miR-615-3p axis."
"Ferroptosis","MIR615","microRNA 615","ENSG00000207571.1","miRNA",36427803,"Propofol upregulated miR-744-5p/miR-615-3p to inhibit GPX4 transcription. Upregulation of GPX4 or downregulation of miR-744-5p/miR-615-3p attenuated the inhibitory effect of propofol on CR to Cis. In vivo, propofol inhibited tumor growth and CR to Cis by upregulating miR-744-5p/miR-615-3p and inhibiting GPX4 to induce ferroptosis. In summary, propofol inhibited GPX4-mediated ferroptosis and reduces CR of NSCLC cells to Cis through the miR-744-5p/miR-615-3p axis."
"Ferroptosis","MIR338","microRNA 338","ENSG00000283604.1","miRNA",35320491,"miR-338-3p targeted the 3' untranslated regions (3'UTR) of SLC1A5 for its inhibition and degradation, and high glucose downregulated SLC1A5 by upregulating miR-338-3p in RPE cells. Next, the miR-338-3p inhibitor and SLC1A5 overexpression vectors were delivered into the RPE cells, and the following gain- and loss-of-function experiments validated that both miR-338-3p ablation and SLC1A5 upregulation abrogated the regulating effects of high glucose on cell proliferation, viability, ferroptosis and ROS production in RPE cells."
"Ferroptosis","OGFRP1","opioid growth factor receptor pseudogene 1","ENSG00000182057.5","transcribed_pseudogene",36066402,"The interaction between miR-299-3p and OGFRP1 or solute carrier family 38 member 1 (SLC38A1) was predicted by StarbaseV3.0 and verified by dual-luciferase reporter assay and Pearson's correlation coefficient. Besides, a transplantation model of human lung cancer in nude mice was established to evaluate the role of OGFRP1 in lung cancer. OGFRP1 and SLC38A1 were overexpressed, whereas miR-299-3p was lowly expressed in lung cancer tumors and cells. OGFRP1 knockdown suppressed cell proliferation and facilitated ferroptosis by promoting lipid peroxidation and iron accumulation in lung cancer. Besides, Furthermore, miR-299-3p inhibitor or SLC38A1 overexpression attenuated OGFRP1 depletion-induced suppression on cell proliferation and ferroptosis in lung cancer. Animal experiments indicated that OGFRP1 deficiency restrained tumor growth in vivo by regulating the miR-299-3p/SLC38A1 axis."
"Ferroptosis","BBOX1-AS1","BBOX1 antisense RNA 1","ENSG00000254560.6","lncRNA",36216119,"The function of BBOX1-AS1 was studied in vivo using a xenograft model and immunohistochemistry. BBOX1-AS1 expression was significantly higher in ESCC tissues, indicating poor prognosis. Inhibition of BBOX1-AS1 reduced cell proliferation, slowed cell invasion and migration, and promoted apoptosis and ferroptosis in vitro. miR-513a-3p was verified as a specific target of BBOX1-AS1 in ESCC, whereas knockdown of miR-513a-3p reversed the suppressive function of BBOX1-AS1 silencing in TE-1 cells. Moreover, solute carrier family 7 member 11 (SLC7A11) is regulated by miR-513a-3p, which is mediated by BBOX1-AS1 in ESCC cells."
"Ferroptosis","mmu_circ_0003832","","","circRNA",36153434,"Circular ASAP2 was reducing inflammation and oxidative stress in vitro model. The inhibition of ASAP2 promoted ferroptosis in model of DN. CASAP2 suppressed miR-770-5p in DN. Additionally, miR-770-5p aggravated diabetic nephropathy in mice model. MiR-770-5p promoted inflammation and oxidative stress to aggravate renal injury in mice model. MiR-770-5p was increasing inflammation and oxidative stress in vitro model. Circular ASAP2 induced SLC7A11 expression in model of DN through SOX2 by miR-770-5p."
"Ferroptosis","CERS6-AS1","CERS6 antisense RNA 1","ENSG00000227617.9","lncRNA",35777805,"High level of CERS6-AS1 and LASP1 was detected in papillary thyroid cancer tissues and cells and predicted poor prognosis. In contrast, miR-497-5p was decreased in papillary thyroid cancer tissues and cells, which was positively correlated with prognosis. Silencing CERS6-AS1 suppressed cell viability and increased ferroptosis in papillary thyroid cancer. LASP1 was modulated by CERS6-AS1 through sponging miR-497-5p. Up-regulation of LASP1 or silencing miR-497-5p could weaken the effect of CERS6-AS1 on papillary thyroid cancer cells. Silencing CERS6-AS1 restrained the growth of xenografted tumors."
"Ferroptosis","MIR27A","microRNA 27a","ENSG00000207808.1","miRNA",35786456,"The target gene of miR-27a was confirmed by dual luciferase reporter gene technique. Results After cerebral ischemia reperfusion, the level of miR-27a was up-regulated and the level of SLC7A11 was down-regulated. Inhibition of miR-27a expression reduced neurological score and cerebral infarct volume, and inhibited ferroptosis after cerebral ischemia reperfusion. Conclusion In the process of cerebral ischemia and reperfusion, the up-regulated miR-27a may induce ferroptosis through inhibiting SLC7A11, thus causing brain tissue damage."
"Ferroptosis","RPPH1","ribonuclease P RNA component H1","ENSG00000277209.1","RNase_P_RNA",36190453,"Luciferase reporter and RIP assays were implemented to reveal the underlying mechanisms. MiR-375 directly bound to circRPPH1 in gastric cancer cells. And circRPPH1 acted as an miR-375 sponge to positively regulate SLC7A11 expression, which has been confirmed to be the direct target of miR-375 in gastric cancer, and thus regulated ferroptosis. Moreover, circRPPH1 promoted the stemness of gastric cancer cells dependent on the miR-375/SLC7A11. This study provides a potential target for gastric cancer progression based on the circRPPH1/miR-375/SLC7A11 regulatory axis."
"Ferroptosis","SEMA5A-IT1","","","lncRNA",36284269,"circulating sEVs packaged with SEMA5A-IT1 could be uptaken by cardiomyocyte-like cells AC16 and increased SEMA5A-IT1 expression in AC16 cells. Upregulated SEMA5A-IT1 protected cardiomyocytes against hypoxia/reoxygenation injury, confirmed by increased cell viability, reduced cell apoptosis, and inhibited ferroptosis in AC16 cells. Mechanistically, SEMA5A-IT1 regulated the expression of B-cell CLL/lymphoma 2 (BCL2) and solute carrier family 7 member 11 (SLC7A11) through sponging miR-143-3p. Transfection of miR-143-3p mimics, BCL2, or SLC7A11 knockdown could attenuate the protective effect of SEMA5A-IT1 on cardiomyocytes."
"Ferroptosis","mmu_circ_0001751","","","circRNA",35114894,"The binding relationships between mRNAs and miRNAs were verified. circ-Carm1 was highly expressed in OGD/R-treated HT22 cells. Deficiency of circ-Carm1 restored cell viability and suppressed ferroptosis in OGD/R-induced HT22 cells. miR-3098-3p was predicted to be a target of circ-Carm1. The miR-3098-3p inhibitor partly neutralized the functions of circ-Carm1 in OGD/R-induced HT22 cells. Furthermore, acyl-CoA synthetase long-chain family member 4 (ACSL4) was confirmed to be a downstream target of miR-3098-3p and was elevated in OGD/R-induced HT22 cells. Overexpression of ACSL4 mitigated the functions of miR-3098-3p and accelerated HT22 cell dysfunction."
"Ferroptosis","MIR27A","microRNA 27a","ENSG00000207808.1","miRNA",36456793,"The relative expression levels of glutathione peroxidase 4(GPx4), solute carrier family 7 member 11 (SLC7A11) proteins were analyzed by Western Blot. The contents of GSH, Fe and malonaldehyde (MDA) were detected by corresponding detection kits, and the target gene of miR-27a was confirmed by dual luciferase reporter gene technique. It was found the relative expression level of miR-27a was increased and ferroptosis was aggravated as reperfusion time went by. Also, brain tissue injury and ferroptosis were exacerbated with agomiR-27a intervention, while these effects were reversed with antagomiR-27a intervention. In addition, the combined intervention of agomiR-27a and Fer-1 alleviated the brain tissue injury and ferroptosis."
"Ferroptosis","P4HB","prolyl 4-hydroxylase subunit beta","ENSG00000185624.16","protein_coding",35399564,"CircP4HB expression levels were increased in LUAD. It triggered glutathione (GSH) synthesis and, therefore protected LUAD cells from ferroptosis induced by erastin. CircP4HB may function as a competing endogenous RNA by modulating miR-1184 to regulate SLC7A11. CircP4HB inhibited ferroptosis by regulating miR-1184/ SLC7A11-mediated GSH synthesis. In vivo, overexpression of circP4HB promoted tumor growth and inhibited ferroptosis."
"Ferroptosis","PCAT1","prostate cancer associated transcript 1","ENSG00000253438.5","lncRNA",35402284,"Overexpression of PCAT1 inhibited ferroptosis and increased docetaxel resistance, which could be attenuated by PCAT1 knockdown. Furthermore, we revealed that PCAT1 inhibited ferroptosis by activating solute carrier family 7-member 11 (SLC7A11) expression via reducing iron accumulation and subsequent oxidative damage. Mechanistically, we demonstrated that PCAT1 interacted with c-Myc and increased its protein stability using nucleotides 1093-1367 of PCAT1 and 151-202 amino acids of c-Myc protein, thereby transcriptionally promoting SLC7A11 expression. In addition, PCAT1 facilitated SLC7A11 expression by competing for microRNA-25-3p. Finally, transcription factor AP-2 gamma (TFAP2C) activated PCAT1 expression at the transcriptional level to reduce ferroptosis susceptibility and enhance chemoresistance."
"Ferroptosis","hsa_circ_0021087","","","circRNA",35321435,"The level of circLMO1 was down-regulated in cervical cancer tissues and was associated with the International Federation of Gynecology and Obstetrics (FIGO) staging. Functionally, circLMO1 overexpression inhibited cervical cancer growth and metastasis both in vitro and in vivo, whereas circLMO1 depletion promoted cervical cancer cell proliferation and invasion. Mechanistically, circLMO1 acted as a competing endogenous RNA (ceRNA) by sponging miR-4192 to repress target gene ACSL4. CircLMO1 promoted cervical cancer cell ferroptosis through up-regulating ACSL4 expression. Overexpression of miR-4291 or knockdown of ACSL4 reversed the effect of circLMO1 on facilitating ferroptosis and repressing cervical cancer cell proliferation and invasion."
"Ferroptosis","MIR375","microRNA 375","ENSG00000198973.4","miRNA",36336986,"Chromatin immunoprecipitation and dual-luciferase assays showed that binding of IRF7 to the miR-375-3p promoter inhibited miR-375-3p expression, and miR-375-3p suppressed SLC11A2 transcription. The rescue experiments revealed that knockdown of miR-375-3p neutralized the role of silencing IRF7 in alleviating ferroptosis of colonic ECs. Overall, IRF7 upregulated SLC11A2 transcription by inhibiting miR-375-3p expression, thereby prompting ferroptosis of colonic ECs and UC progression in DSS-treated mice."
"Ferroptosis","hsa_circ_0000190","","","circRNA",35037032,"Low expression of circ_0000190 predicted dismal prognosis in GC patients. Circ_0000190 overexpression inhibited the proliferation, migration and invasion and promoted Erastin- or ras selective lethal 3 (RSL3)-mediated ferroptosis in GC cells. MiR-382-5p was a target of circ_0000190, and circ_0000190 suppressed GC progression partly via serving as miR-382-5p sponge. ZNRF3 was a target of miR-382-5p, and miR-382-5p accelerated the proliferation, motility and restrained the ferroptosis of GC cells partly via regulating ZNRF3."
"Ferroptosis","hsa_circ_0085536","","","circRNA",34966683,"CircPVT1 was significantly upregulated in ESCC cells resistant to 5-FU. Knockdown of circPVT1 enhanced the 5-FU chemosensitivity of ESCC cells resistant to 5-FU by increasing cytotoxicity and downregulating multidrug-resistant associated proteins, including P-gp and MRP1. Luciferase assay showed that circPVT1 acted as a sponge of miR-30a-5p, and Frizzled3 (FZD3) was a downstream target of miR-30a-5p. The enhanced 5-FU chemosensitivity by circPVT1 knockdown was reversed with miR-30a-5p inhibitor. Besides, the increased 5-FU chemosensitivity by miR-30a-5p mimics was reversed with FZD3 overexpression. Furthermore, knockdown of circPVT1 increased ferroptosis through downregulating p-å°?catenin, GPX4, and SLC7A11 while miR-30a-5p inhibition and FZD3 overexpression reversed the phenotype by upregulating p-å°?catenin, GPX4, and SLC7A11."
"Ferroptosis","hsa_circ_0091740","","","circRNA",35234341,"Further, we found that circ-BGN could directly bind to OTUB1 and SLC7A11, enhancing OTUB1-mediated SLC7A11 deubiquitination and thereby inhibiting ferroptosis, a newly recognized form of cell death that is distinct from apoptosis, necrosis, and autophagy. Moreover, erastin, a small-molecule ferroptosis inducer, could effectively restore the anti-tumor effect of trastuzumab."
"Ferroptosis","hsa_circ_0068565","","","circRNA",35847361,"The circACAP2 served as a ceRNA of miR-193a-5p and directly interacted with miR-193a-5p in cervical cancer cells. miR-193a-5p was able to target GPX4 and circACAP2 promoted GPX4 expression by sponging miR-193a-5p in cervical cancer cells. The knockdown of circACAP2 inhibited the cervical cancer cell viability, but the miR-193a-5p inhibitor or GPX4 overexpression could reverse the effect in the cells. The inhibition of miR-193a-5p or GPX4 overexpression repressed the circACAP2 depletion-induced levels of lipid ROS, iron, and Fe2+ in cervical cancer cells."
"Ferroptosis","hsa_circ_0031751","","","circRNA",36266731,"We found a novel circRNA circLRFN5 is downregulated in GBM and associated with GBM patients_? poor prognosis. CircLRFN5 overexpression inhibits the cell viabilities, proliferation, neurospheres formation, stemness and tumorigenesis of GSCs via inducing ferroptosis. Mechanistically, circLRFN5 binds to PRRX2 protein and promotes its degradation via a ubiquitin-mediated proteasomal pathway. PRRX2 can transcriptionally upregulate GCH1 expression in GSCs, which is a ferroptosis suppressor via generating the antioxidant tetrahydrobiopterin (BH4)."
"Ferroptosis","hsa_circ_0102187","","","circRNA",35709678,"Our results showed that the circEXOC5 expression was significantly increased in the in vivo and in vitro models of sepsis. And after inhibiting circEXOC5, it improved the lung injury of septic mice. It was confirmed in cell models that ROS levels and ferroptosis in cells were reduced after knocking down circEXOC5. In addition, the expressions of ACSL4 and Gpx4 proteins were regulated by the level of circEXOC5. Finally, we also found that circEXOC5 had a direct binding relationship with PTBP1."
"Ferroptosis","hsa_circ_0088708","","","circRNA",35945269,"Mechanistic studies revealed that circST6GALNAC6 bound to the N-terminus of small heat shock protein 1 (HSPB1) and thus blocked the erastin-induced phosphorylation of HSPB1 at the Ser-15 site, a phosphorylation site in the protective response to ferroptosis stress. In addition, protein kinase C inhibited circST6GALNAC6-induced ferroptosis by increasing the overall phosphorylation level of HSPB1, further demonstrating the role of phosphorylation activation of HSPB1 in resistance to ferroptosis. Finally, the involvement of the HSPB1/p38 MAPK pathway in the downstream signal transduction of circST6GALNAC6 in bladder cancer ferroptosis regulation was determined. The regulatory mechanism of ferroptosis sensitivity dependent on circST6GALNAC6 expression levels in bladder cancer was revealed as circRNA regulation of various protein functions."
"Ferroptosis","hsa_circ_0001681 ","","","circRNA",36182807,"Elevated levels of circRAPGEF5 lead to ferroptosis resistance via the decreased labile iron pool and attenuated lipid peroxide production in EC cells. Additionally, a series of gain- and loss-of-function experiments demonstrated that knocking down or overexpressing RBFOX2 reversed the effects of knocking down or overexpressing circRAPGEF5 in EC cells. Finally, it is revealed that circRAPGEF5 promote the formation of TFRC with exon-4 skipping and confer ferroptosis resistance in EC cells through the interaction with RBFOX2. Collectively, these findings provide new insight into the molecular mechanism in which circRNAs mediate mediates ferroptosis via modulating alternative splicing, and circRAPGEF5/RBFOX2 splicing axis could be a promising therapeutic target for treating EC."
"Ferroptosis","hsa_circ_0090971","","","circRNA",36617466,"We studied the ferroptosis-associated circRNA circSnx12. We evaluated circSnx12 expression in OC cell lines and tissues that were susceptible or resistant to cisplatin using quantitative real-time PCR. We also conducted in vitro and in vivo assays examining the function and mechanism of lnc-LBCSs. Knockdown of circSnx12 rendered cisplatin-resistant OC cells more sensitive to cisplatin in vitro and in vivo by activating ferroptosis, which was at least partially abolished by downregulation of miR-194-5p. Molecular mechanics studies indicate that circSnx12 can be a molecular sponge of miR-194-5p, which targets SLC7A11. According to our findings, circSnx12 ameliorates cisplatin resistance by blocking ferroptosis via a miR-194-5p/SLC7A11 pathway. CircARNT2 may thus serve as an effective therapeutic target for overcoming cisplatin resistance in OC."
"Ferroptosis","hsa_circ_0026337","","","circRNA",36482742,"CircSCN8A suppressed cell proliferation, migration, invasion, and epithelial-mesenchymal transition (EMT) in vitro and blocked tumor growth in vivo. Moreover, circSCN8A promoted cell ferroptosis in NSCLC. Mechanistically, circSCN8A acted as a competing endogenous RNA (ceRNA) by sponging miR-1290 to enhance the expression of long-chain acyl-CoA synthetase-4 (ACSL4). Furthermore, the knockdown of ACSL4 or overexpression of miR-1290 reversed the effect of circSCN8A on facilitating ferroptosis and inhibiting cell proliferation and metastasis. In summary, circSCN8A represses cell proliferation and metastasis in NSCLC by regulating the miR-1290/ACSL4 axis to induce ferroptosis."
"Ferroptosis","CBSLR","CBS mRNA stabilizing lncRNA","","lncRNA",35499052,"CBSLR interacted with YTHDF2 to form a CBSLR/YTHDF2/CBS signaling axis that decreased the stability of CBS mRNA by enhancing the binding of YTHDF2 with the m6A-modified coding sequence (CDS) of CBS mRNA. Furthermore, under decreased CBS levels, the methylation of the ACSL4 protein was reduced, leading to protein polyubiquitination and degradation of ACSL4. This, in turn, decreased the pro-ferroptosis phosphatidylethanolamine (PE) (18:0/20:4) and PE (18:0/22:4) content and contributed to ferroptosis resistance."
"Ferroptosis","HEPFAL","hepatocellular carcinoma ferroptosis associative lncRNA","","lncRNA",36008384,"This study shows that the expression of the long noncoding RNA HEPFAL was reduced in HCC tissues. We found that lncRNA HEPFAL can promote ferroptosis by reducing the expression of solute carrier family 7 member 11 (SLC7A11) and increasing the levels of lipid reactive oxygen species (ROS) and iron (two surrogate markers of ferroptosis). In addition, we found that lncRNA HEPFAL increases the sensitivity of erastin-induced ferroptosis, which may be related to mTORC1, and lncRNA HEPFAL can promote the ubiquitination of SLC7A11 and reduce the stability of the SLC7A11 protein, resulting in decreased expression. Understanding these mechanisms indicates that lncRNAs related to ferroptosis are essential for the occurrence and treatment of HCC."
"Ferroptosis","BDNF-AS","BDNF antisense RNA","ENSG00000245573.9","lncRNA",35280682,"BDNF-AS overexpression protected GC cells from ferroptosis and promoted the progression of GC and PM. Mechanistically, BDNF-AS could regulate FBXW7 expression by recruiting WDR5, thus affecting FBXW7 transcription, and FBXW7 regulated the protein expression of VDAC3 through ubiquitination. Conclusively, our research demonstrated that the BDNF-AS/WDR5/FBXW7 axis regulates ferroptosis in GC by affecting VDAC3 ubiquitination. BDNF-AS might be a biomarker for the evaluation of GC prognosis and the treatment of GC."
"Ferroptosis","TUG1","taurine up-regulated 1","ENSG00000253352.10","protein_coding",35841017,"USC-Exo treatment improved kidney injury and ameliorated ferroptosis in IRI-induced AKI mouse models. USC-Exo were rich in lncRNA TUG1, which suppressed ferroptosis in HK-2 cells exposed to H/R. Mechanistically, lncRNA TUG1 regulates the stability of ACSL4 mRNA by interacting with RNA-binding protein SRSF1. In addition, SRSF1 upregulation or ACSL4 downregulation partially reversed the protective effect of lncRNA TUG1 on ferroptosis in H/R-treated HK-2 cells. Further, ACSL4 upregulation partially reversed TUG1's repression on kidney injury and ferroptosis in IRI-induced AKI mice."
"Ferroptosis","MALAT1","metastasis associated lung adenocarcinoma transcript 1","ENSG00000251562.10","lncRNA",35399101,"We demonstrated that MALAT1 served as a competing endogenous RNA of miR-145-5p to regulate the expression of MUC1, a suppressor of ferroptosis. MALAT1 knockdown-mediated ferroptotic cell death and MUC1 downregulation could be abrogated by inhibition of miR-145-5p. In addition, miR-145-5p inhibition-mediated ferroptotic cell death could be abolished by MUC1 knockdown. Furthermore, erastin-induced ferroptosis shrunk endometriotic lesions via the MALAT1/miR-145-5p/MUC1 axis in vivo. Taken together, our data indicate that knockdown of MALAT1 facilitates ferroptosis upon erastin treatment via miR-145-5p/MUC1 signaling."
"Ferroptosis","MIR9-3HG","MIR9-3 host gene","ENSG00000255571","lncRNA",34953631,"BMSCs-Exo treatment attenuates I/R-induced cardiac injury by inhibiting cardiomyocyte ferroptosis through modulating the Pum2/PRDX6 axis, thereby ameliorating cardiac function."
"Ferroptosis","AABR07017145.1","","","lncRNA",34938604,"We found that lncRNA AAB sponged and sequestered miR-30b-5p to induce the imbalance of MMP9/TIMP1, which enhanced the activation of transferrin receptor 1 (TFR-1) and then eventually led to the ferroptosis of CMECs. Moreover, we have developed a delivery system based on neutrophil membrane (NM)-camouflaged mesoporous silica nanocomplex (MSN) for inhibition of cardiac hypertrophy, indicating the potential role of silenced lncRNA AAB (si-AAB) and overexpressed miR-30b-5p as the novel therapy for cardiac hypertrophy."
"Ferroptosis","A2M-AS1","A2M antisense RNA 1","ENSG00000245105.4","lncRNA",35920801,"The Erastin-induced ferroptosis increased the expression levels of A2M-AS1. The overexpression of A2M-AS1 promoted ferroptosis in the pancreatic cancer, which was inhibited by the silencing of A2M-AS1. Mechanically, A2M-AS1 could directly interact with the poly (rC) binding protein 3 (PCBP3), which plays an important role in the process of iron metabolism, thereby promoting the ferroptosis in pancreatic cancer. In addition, the A2M-AS1/PCBP3 axis could facilitate the p38 activation and inhibit the phosphorylation of the AKT-mTOR signaling pathway; all these participate in regulating ferroptosis."
"Ferroptosis","lncAABR07025387.1 ","","","lncRNA",35186915,"Silencing lncAABR07025387.1 improved MI/R injury in vivo and inhibited myocardial cell ferroptosis under H/R conditions. Bioinformatics analyses and luciferase, pull-down, and RNA-binding immunoprecipitation assays further revealed that lncAABR07025387.1 interacted with miR-205, which directly targeted ACSL4, a known contributor to ferroptosis. Furthermore, downregulating miR-205 reversed the ACSL4 inhibition induced by silencing lncAABR07025387.1. These findings suggest that, mechanistically, lncAABR07025387.1 negatively regulates miR-205 expression and subsequently upregulates ACSL4-mediated ferroptosis."
"Ferroptosis","OIP5-AS1","OIP5 antisense RNA 1","ENSG00000247556.7","lncRNA",35872956,"OIP5-AS1 inhibition significantly inhibited EC cell viability and proliferation, induced ferroptosis, and downregulated GPX4 levels, while GPX4 reversed these effects. OIP5-AS1/GPX4 induced CD8+ T cell interaction and induced apoptosis through PD-1/PD-L1 immune checkpoints of CD8+ T cells."
"Ferroptosis","Uc.339","","","lncRNA",35399708,"The Uc.339/miR-339/SLC7A11 axis regulated the proliferation, migration and invasion of A549 and H1299cells in vitro by affecting ferroptosis. Finally, in mouse xenograft models, knocking down Uc.339 in LLC cells was able to inhibits tumor growth by blocking the axis of Uc.339/miR-339/SLC7A11 in vivo, but miR-339 inhibitors could reverse this inhibition. Taken together, our results uncovered a Uc.339/miR-339/SLC7A11 axis that leads to defects in the ferroptosis in lung cancer, and constitutes a potential mechanism that drives the metastasis of lung adenocarcinoma."
"Ferroptosis","AGAP2-AS1","AGAP2 antisense RNA 1","ENSG00000255737.2","lncRNA",35707044,""
"Ferroptosis","LINC00597","long intergenic non-protein coding RNA 597","","lncRNA",36221890,"This study indicated that cinobufotalin suppressed lung cancer cell growth through resibufogenin. Besides, cinobufotalin induced ferroptosis in lung cancer cells through resibufogenin. Moreover, cinobufotalin increased lncRNA LINC00597 level whereas downregulated hsa-miR-367-3p expression in lung cancer cells via resibufogenin. In addition, ferroptosis inducer transferrin receptor (TFRC) was the target of hsa-miR-367-3p, and lncRNA LINC00597 upregulates TFRC expression through sponging hsa-miR-367-3p in lung cancer cells."
"Ferroptosis","LINC00239","long intergenic non-protein coding RNA 239","ENSG00000258512.2","lncRNA",36038548,""
"Ferroptosis","NEAT1","nuclear paraspeckle assembly transcript 1","ENSG00000245532.11","lncRNA",35727437,"In conclusion, these findings suggest that sepsis induced high expression of serous exosome-derived NEAT1, and it might exacerbate SAE by promoting ferroptosis through regulating miR-9-5p/TFRC and GOT1 axis."
"Ferroptosis","PMAN","","","lncRNA",35864064,"These results indicated that PMAN-OE promoted resistance to ferroptosis in MGC-803 cells. Taken together, these results demonstrated that PMAN-SH increased the sensitivity of AGS cells to ferroptosis."
"Ferroptosis","PLXNB2","plexin B2","ENSG00000196576.16","protein_coding",36423520,"Although HDLBP or lncFAL could not regulate the GPX4 antioxidant signalling pathway, lncFAL reduced ferroptosis vulnerability by directly binding to ferroptosis suppressor protein 1 (FSP1) and competitively abolishing Trim69-dependent FSP1 polyubiquitination degradation. "
"Ferroptosis","TUG1","taurine up-regulated 1","ENSG00000253352.10","protein_coding",36164395,"TUG1 Targets MAZ and Regulates Ferroptosis Induced by DHA"
"Ferroptosis","SNHG14","small nucleolar RNA host gene 14","ENSG00000224078.15","lncRNA",36599973,"Mechanistically, lncRNA SNHG14 targeted and down-regulated the expression of miR-206, further affecting the common ferroptosis inhibitor SLC7A11, and preventing NR-SJSA1 cells from undergoing ferroptosis."
"Ferroptosis","ATXN8OS","ATXN8 opposite strand lncRNA","ENSG00000230223.8","antisense_RNA",35460867,"In conclusion, ATXN8OS mediated ferroptosis and regulated the TMZ-resistance of glioma via ADAR/GLS2 pathway."
"Ferroptosis","LINC01134","long intergenic non-protein coding RNA 1134","ENSG00000236423.8","lncRNA",35875091,"Silenced LINC01134 Enhances the Sensitivity of Ferroptosis Inducers"
"Ferroptosis","H19","H19 imprinted maternally expressed transcript","ENSG00000130600.21","lncRNA",33273971," It was demonstrated that silencing H19 downregulated Bcl-2 and GPX4 expression and upregulated Bax expression at both the mRNA and protein levels in HTR-8/SVneo trophoblast cells. In conclusion, the present findings suggested that H19 has important roles in SA by promoting apoptosis and ferroptosis."
"Ferroptosis","circRNA_101093","","","circRNA",35184419,"Plasma exosome from LUAD patients specifically reduced lipid peroxidation and desensitized LUAD cells to ferroptosis. A potential explanation is that exosomal circRNA_101093 (cir93) maintained an elevation in intracellular cir93 in LUAD to modulate AA, a poly-unsaturated fatty acid critical for ferroptosis-associated increased peroxidation in the plasma membrane. Mechanistically, cir93 interacted with and increased fatty acid-binding protein 3 (FABP3), which transported AA and facilitated its reaction with taurine. Thus, global AA was reduced, whereas N-arachidonoyl taurine (NAT, the product of AA and taurine) was induced. Notably, the role of NAT in suppressing AA incorporation into the plasma membrane was also revealed."
"Ferroptosis","SEC24B","SEC24 homolog B, COPII coat complex component","ENSG00000138802.11","protein_coding",36536241,"To elucidate the mechanisms regulating iron response in microglia, we performed a genome-wide CRISPR screen and identified novel regulators of ferroptosis, including the vesicle trafficking gene SEC24B."
"Ferroptosis","MBOAT1","membrane bound O-acyltransferase domain containing 1","ENSG00000172197.11","protein_coding",37267948,"In this study, through a whole-genome CRISPR activation screen, followed by mechanistic investigation, we identified phospholipid-modifying enzymes MBOAT1 and MBOAT2 as ferroptosis suppressors"
"Ferroptosis","MBOAT2","membrane bound O-acyltransferase domain containing 2","ENSG00000143797.12","protein_coding",37267948,"In this study, through a whole-genome CRISPR activation screen, followed by mechanistic investigation, we identified phospholipid-modifying enzymes MBOAT1 and MBOAT3 as ferroptosis suppressors"
"Ferroptosis","HUWE1","HECT, UBA and WWE domain containing E3 ubiquitin protein ligase 1","ENSG00000086758.17","protein_coding",35260822,"We investigate the role of HUWE1 in acute liver injury, and identify HUWE1 as a negative ferroptosis modulator through transferrin receptor 1(TfR1). "
